binder_count, binder_mass, span, aspect_ratio, mean_aerodynamic_chord, wing_area, horizontal_stabilizer_area, wing_loading, battery_capacity, propeller, main_wing_airfoil, horizontal_stabilizer_airfoil, fowler_affected_span, fowler_affected_span_ratio, fowler_affected_area, fowler_affected_area_ratio, fuselage_wetted_area, fuselage_length, fuselage_diameter, cargo_bay_length, cargo_bay_wetted_area, mass_total, mass_empty, mass_payload, mass_battery, mass_fuselage, mass_cargo_bay, mass_wing, mass_horizontal_stabilizer, mass_pylon, mass_landing_gear, mass_misc, x_center_of_gravity, c_m_alpha, c_l_alpha, c_n_beta, x_neutral_point, static_margin, transport_box_height, transport_box_width, transport_box_length, take_off_length, take_off_time_from_counter_start, take_off_time_total, cl_max_at_take_off, assumed_wind_speed, take_off_ground_speed, take_off_air_speed, takeoff_battery_voltage, takeoff_battery_soc, climb_air_speed, climb_rate, climb_flap_angle, climb_cl, climb_reynolds, climb_battery_voltage, climb_battery_soc, efficiency_motor_on_air_speed, efficiency_motor_on_cl, efficiency_motor_on_reynolds, efficiency_motor_on_flap_angle, efficiency_motor_off_air_speed, efficiency_motor_off_cl, efficiency_motor_off_reynolds, efficiency_motor_off_flap_angle, efficiency_battery_voltage, efficiency_battery_soc, cruise_air_speed, cruise_flap_angle, cruise_cl, cruise_drag_force, cruise_reynolds, cruise_battery_voltage, cruise_battery_soc, score_factor_take_off, score_payload, max_payload, score_efficiency, max_efficiency, score_distance, max_distance, t_loading, t_unloading, b_loading, penalty_current, penalty_round, score_round
1, 0.05076919826733816, 1.7888543819998317, 8.000000000000002, 0.23618064035061218, 0.3999999999999999, 0.11316770717001395, 13.2466121397045, 2.4, aeronaut14x8, ag45c, ht14, 0.0, 0.0, 0.0, 0.0, 0.12879751550398788, 0.8049844718999242, 0.04, 0.5700000000000001, 0.27432644314973836, 5.298644855881799, 1.7286448558817988, 3.57, 0.21344, 0.07933926955045653, 0.164595865889843, 0.5884152078873336, 0.04662449963025774, 0.01120901292390764, 0.170021, 0.455, 0.053156111151075824, -2.093552293976944, 5.3332015372351, 0.1229232881915224, 0.1458726374916287, 0.3925507557440456, 0.27768164426467973, 0.22773651390000027, 0.89458184183532, 46.38321084161549, 6.400000000000003, 7.0000000000000036, 1.5581481658594043, 2.2, 11.649354680936828, 13.849354680936827, 11.891000000253598, 0.9583333333333333, 18.970378063119952, 3.0678300479400384, 4, 0.6228972468080994, 272739.9810464694, 11.756639582817545, 0.9142361111111111, 32.600571936603984, 0.2136816255811689, 468703.3301344286, -2, 0, inf, 0.0, -4, 11.274946650010927, 0.72299873849688, 32.02637262260414, -2, 0.2214124884079897, 6.195492231378717, 460447.98016216466, 10.836704699905129, 0.4112752547715378, 1.0, 595.0, 6.0, 798.6907681677678, 0.74, 900.7417300107415, 3200.0, 12.599999999999998, 8.399999999999999, 53.0, 0.0, 0.0, 817.8108327261698
1, 0.04165658988960992, 1.5491933384829664, 7.999999999999997, 0.20453843442570616, 0.29999999999999993, 0.0848757803775105, 17.181188179582985, 2.4, aeronaut14x8, ag45c, ht14, 0.0, 0.0, 0.0, 0.0, 0.11154192037077358, 0.6971370023173349, 0.04, 0.5700000000000001, 0.27432644314973836, 5.154356453874895, 1.584356453874895, 3.57, 0.21344, 0.06870982294839653, 0.164595865889843, 0.46924789112907284, 0.032132860983675106, 0.01120901292390764, 0.170021, 0.455, 0.048389595360937177, -2.049086546603093, 5.333237572586144, 0.1231179492371395, 0.1269764414509779, 0.38421062604369766, 0.24047935809784612, 0.2126326849714977, 0.9468879569306561, 66.5704388313554, 7.800000000000004, 8.400000000000002, 1.557690237310482, 2.2, 13.602277297812114, 15.802277297812115, 11.874606248888375, 0.9534722222222222, 19.215984274962047, 3.086448823870914, 6, 0.7875388202501892, 239257.78965452596, 11.749979166678711, 0.9118055555555555, 33.45309379392443, 0.2632045637348068, 416523.7212786857, 0, 33.17607118665748, 0.2676184698341995, 413074.51900256885, 0, 11.278679254529106, 0.72498497224827, 32.89551442315731, 0, 0.2722028243051376, 5.869761577773269, 409581.31302637846, 10.840851955893855, 0.4152477222743176, 0.0, 595.0, 6.0, 844.95826605384, 0.74, 925.1863431512992, 3200.0, 12.599999999999998, 8.399999999999999, 53.0, 0.0, 0.0, 0.0
1, 0.049500395601159625, 1.6431676725154984, 9.000000000000002, 0.19284068532759582, 0.3, 0.07544513811334269, 17.313034321001737, 2.4, aeronaut14x8, ag45c, ht14, 0.0, 0.0, 0.0, 0.0, 0.11830807242111588, 0.7394254526319742, 0.04, 0.5700000000000001, 0.27432644314973836, 5.193910296300521, 1.623910296300521, 3.57, 0.21344, 0.07287777261140738, 0.164595865889843, 0.5091358847794532, 0.027630760095909115, 0.01120901292390764, 0.170021, 0.455, 0.047483129710296626, -2.052895765645535, 5.424217602088233, 0.1081588778123434, 0.1204638750006412, 0.37846854905953703, 0.22672611312850016, 0.2070489781450613, 0.9662249087264385, 68.67142406828009, 8.000000000000004, 8.600000000000001, 1.5556651740396892, 2.2, 13.671625222876333, 15.871625222876332, 11.872174999082855, 0.9527777777777777, 19.288682573722472, 3.10874979425896, 6, 0.7875388202501892, 226427.80499668824, 11.749072916751105, 0.9114583333333334, 33.39626305459626, 0.26612779806097164, 392035.20041570603, 0, 34.39854689302727, 0.2508451989181907, 403800.9044057112, 0, 11.273841366574132, 0.7224054569482152, 33.00540452251124, 0, 0.2724682279348447, 5.840379603497412, 387446.9534399999, 10.83546592805666, 0.41008869167420814, 0.0, 595.0, 6.0, 834.7212032837901, 0.74, 928.2770021956287, 3200.0, 12.599999999999998, 8.399999999999999, 53.0, 0.0, 0.0, 0.0
1, 0.05922062424800816, 1.7320508075688772, 10.0, 0.18294473735490485, 0.29999999999999993, 0.06790062430200838, 17.477373902644, 2.4, aeronaut14x8, ag45c, ht14, 0.0, 0.0, 0.0, 0.0, 0.12470765814495917, 0.7794228634059948, 0.04, 0.5700000000000001, 0.27432644314973836, 5.243212170793199, 1.673212170793199, 3.57, 0.21344, 0.07681991741729485, 0.164595865889843, 0.5579681251215414, 0.0241582494406115, 0.01120901292390764, 0.170021, 0.455, 0.046673352462484066, -2.05287982765013, 5.501235689847092, 0.09633459484610182, 0.1149371779293923, 0.37316703798727635, 0.2150912767569194, 0.2023253281688364, 0.9825833950742442, 70.60970988817064, 8.200000000000003, 8.8, 1.5538901596073562, 2.2, 13.708578448370496, 15.908578448370495, 11.869743749277333, 0.9520833333333333, 18.977860765628837, 3.115060314866354, 6, 0.8208721652646109, 211346.81195105283, 11.7481666668235, 0.9111111111111111, 33.648215209047976, 0.26464574056986784, 374723.11026514054, 0, 9.466707427621285, 3.3434209850732057, 105425.9201924762, -4, 11.282072347010839, 0.7274065167109248, 33.072456398821956, 0, 0.2739403898041756, 5.82181216612754, 368311.176354529, 10.845908140560246, 0.42009081119962743, 0.0, 595.0, 6.0, 828.6426295962822, 0.74, 930.1628362168676, 3200.0, 12.599999999999998, 8.399999999999999, 53.0, 0.0, 0.0, 0.0
1, 0.08646909902234383, 1.816590212458495, 11.000000000000002, 0.17443096296726243, 0.29999999999999993, 0.06172784027455309, 17.79957560027174, 2.4, aeronaut14x8, ag45c, ht14, 0.0, 0.0, 0.0, 0.0, 0.13079449529701165, 0.8174655956063227, 0.04, 0.5700000000000001, 0.27432644314973836, 5.339872680081521, 1.7698726800815208, 3.57, 0.21344, 0.08056940910295918, 0.164595865889843, 0.6536302085283345, 0.02140718363647598, 0.01120901292390764, 0.170021, 0.455, 0.0456829200635392, -2.056237759235823, 5.566803965564127, 0.08677719355604838, 0.1101100669759902, 0.36937491816769025, 0.20508148566079265, 0.1982614335025798, 0.9966570808366273, 77.26022577054829, 8.8, 9.399999999999999, 1.552760348034388, 2.2, 13.93658871126091, 16.13658871126091, 11.862249999861449, 0.95, 19.157476796128446, 3.076222121767291, 6, 0.8208721652646109, 203418.48276193393, 11.74568229199709, 0.9100694444444445, 33.576777286379894, 0.2706726809251988, 356525.92271499307, 0, 33.22037511898834, 0.2765116159892131, 352741.562753847, 0, 11.277147042069801, 0.724179840072187, 33.08764068154063, 0, 0.27873457484475783, 5.812760256439801, 351332.1580517972, 10.839170839944316, 0.4136374579221519, 0.0, 595.0, 6.0, 847.3361753906362, 0.74, 930.5898941683303, 3200.0, 12.599999999999998, 8.399999999999999, 53.0, 0.0, 0.0, 0.0
1, 0.1865051078472159, 1.8973665961010278, 12.000000000000005, 0.16700493237689895, 0.29999999999999993, 0.05658385358500697, 18.660823783067663, 2.4, aeronaut14x8, ag45c, ht14, 0.0, 0.0, 0.0, 0.0, 0.136610394919274, 0.8538149682454624, 0.04, 0.5700000000000001, 0.27432644314973836, 5.598247134920298, 2.028247134920298, 3.57, 0.21344, 0.08415200327027278, 0.164595865889843, 0.9106496409463963, 0.019179611889877612, 0.01120901292390764, 0.170021, 0.455, 0.04360551701176438, -2.092075820006738, 5.622946442433455, 0.07905517977653978, 0.1057440902884227, 0.3720604208887584, 0.2, 0.19471675346602166, 1.0052832465339783, 92.11310195518466, 9.999999999999996, 10.799999999999994, 1.5518814375623635, 2.2, 14.245542191643933, 16.445542191643934, 11.846685417659048, 0.9451388888888889, 19.273103229547267, 2.9119391387028615, 6, 0.8515444137365366, 195933.84882322533, 11.74096354234142, 0.9079861111111112, 33.4088009120202, 0.2866301242502387, 339639.90486106905, 0, 33.324786346704755, 0.28807718292192075, 338785.7976141246, 0, 11.275462042783372, 0.7232753852030809, 33.047820618103415, 0, 0.2929260259128068, 5.827351989998448, 335970.113987536, 10.837282338215953, 0.41182854818393955, 0.0, 595.0, 6.0, 837.9005480798979, 0.74, 929.4699548841585, 3200.0, 12.599999999999998, 8.399999999999999, 53.0, 0.0, 0.0, 0.0
2, 0.02984073456622087, 2.0493901531919194, 14.0, 0.15461652315568883, 0.29999999999999993, 0.048500445930006, 17.971671460241694, 2.4, aeronaut14x8, ag45c, ht14, 0.0, 0.0, 0.0, 0.0, 0.14755609102981818, 0.9222255689363636, 0.04, 0.5700000000000001, 0.27432644314973836, 5.391501438072507, 1.8215014380725072, 3.57, 0.21344, 0.090894552074368, 0.164595865889843, 0.70053570964703, 0.01580529753735819, 0.01120901292390764, 0.170021, 0.455, 0.045295815941342056, -1.974131284703418, 5.713222061081987, 0.06616810634915683, 0.09872697622767268, 0.3455372928966026, 0.2, 0.18880337264745606, 1.011196627352544, 79.12249892252159, 9.0, 9.599999999999998, 1.548530932334487, 2.2, 13.94512383505642, 16.14512383505642, 11.859718750064268, 0.9493055555555555, 18.863715316386855, 3.1124894195936887, 6, 0.8542055107734461, 177546.31416943844, 11.744854167063288, 0.9097222222222222, 33.71502632372736, 0.2710530269673789, 317327.6608295388, 0, 11.984906625879933, 2.1450230242915405, 112802.59277669353, -4, 11.28058073120202, 0.7260039272711494, 33.149622650934674, 0, 0.280378100769665, 5.798595684019743, 312006.05072047404, 10.842979533938445, 0.41728563232007676, 0.0, 595.0, 6.0, 837.8661531206119, 0.74, 932.3331370575377, 3200.0, 12.599999999999998, 8.399999999999999, 53.0, 0.0, 0.0, 0.0
1, 0.19030351699537612, 1.9748417658131496, 13.0, 0.16045314898713758, 0.29999999999999993, 0.05223124946308337, 18.873556764696254, 2.4, aeronaut14x8, ag45c, ht14, 0.0, 0.0, 0.0, 0.0, 0.14218860713854678, 0.8886787946159174, 0.04, 0.5700000000000001, 0.27432644314973836, 5.662067029408875, 2.092067029408875, 3.57, 0.21344, 0.08758818199734482, 0.164595865889843, 0.9728700141367759, 0.017342954461003306, 0.01120901292390764, 0.170021, 0.455, 0.04312905158735269, -2.079107301063849, 5.671163868670475, 0.07230537829073513, 0.1019526286844892, 0.366610337703267, 0.2, 0.19158937935909595, 1.008410620640904, 96.50845328250416, 10.399999999999995, 11.199999999999992, 1.550617251688421, 2.2, 14.328745895739905, 16.528745895739906, 11.842647917388089, 0.94375, 19.309370897839624, 2.893977619068354, 6, 0.8581742153987286, 188601.39190497395, 11.73938229247068, 0.9072916666666667, 33.16977569302671, 0.29409082757495497, 323980.82247104845, 0, 15.598633124286518, 1.3298218405678366, 152357.3157624011, 10, 11.279702607414006, 0.7255138368306204, 33.0629414037265, 0, 0.29599445407356123, 5.826888288525467, 322937.33453082497, 10.841956225119391, 0.41630545143901854, 0.0, 595.0, 6.0, 820.7722157164861, 0.74, 929.8952269798078, 3200.0, 12.599999999999998, 8.399999999999999, 53.0, 0.0, 0.0, 0.0
2, 0.038435012554713245, 2.1213203435596424, 14.999999999999995, 0.1493737525490007, 0.30000000000000004, 0.04526708286800561, 18.706221533821967, 2.4, aeronaut14x8, ag45c, ht14, 0.0, 0.0, 0.0, 0.0, 0.15273506473629425, 0.954594154601839, 0.04, 0.5700000000000001, 0.27432644314973836, 5.611866460146591, 2.0418664601465912, 3.57, 0.21344, 0.09408479987755726, 0.164595865889843, 0.9190147378323259, 0.014501043622956834, 0.01120901292390764, 0.170021, 0.455, 0.04477326511171479, -1.95169328433487, 5.749671977409414, 0.06122003014827397, 0.09547279261608407, 0.33944428343097055, 0.2, 0.18630083187824656, 1.0136991681217533, 94.67598846115315, 10.199999999999996, 10.999999999999993, 1.5481675345853638, 2.2, 14.330131941196695, 16.530131941196696, 11.8446666678204, 0.9444444444444444, 19.24178573256775, 2.971349127939146, 6, 0.8559595632786767, 174963.79489377365, 11.740185417403447, 0.9076388888888889, 33.61292586415439, 0.283848259244297, 305639.25554588967, 0, 13.98790290445706, 1.6390554732052514, 127190.71965483592, -4, 11.279070992535958, 0.7251874208468343, 33.09978192655365, 0, 0.29271744480159323, 5.816965894455358, 300973.28473126836, 10.841274668559079, 0.41565261947144627, 0.0, 595.0, 6.0, 837.3026584803981, 0.74, 930.9313666843216, 3200.0, 12.599999999999998, 8.399999999999999, 53.0, 0.0, 0.0, 0.0
2, 0.11046995343318618, 2.1908902300206643, 16.0, 0.14463051399569682, 0.29999999999999993, 0.04243789018875525, 20.653935190277778, 2.4, aeronaut14x8, ag45c, ht14, 0.0, 0.0, 0.0, 0.0, 0.15774409656148783, 0.9859006035092989, 0.04, 0.5700000000000001, 0.27432644314973836, 6.196180557083332, 2.6261805570833325, 3.57, 0.21344, 0.0971703634818765, 0.164595865889843, 1.501362111366801, 0.01338220342090362, 0.01120901292390764, 0.170021, 0.455, 0.043342140342771146, -1.957720912503373, 5.782132172539109, 0.05709383333938953, 0.09230899052569136, 0.3385811417112035, 0.2, 0.18403673360879594, 1.015963266391204, 147.96482914860908, 14.79999999999998, 15.599999999999977, 1.548541045815827, 2.2, 15.065084818944081, 17.265084818944082, 11.7989354156853, 0.9284722222222223, 19.869041232826678, 2.6048661030888485, 6, 0.8892929098023555, 174930.43044318462, 11.719055208271326, 0.8996527777777779, 33.57283881649998, 0.3141517448663721, 295581.0034591431, 0, 8.48459145820794, 4.918738521077395, 74699.79142560418, -4, 11.280582241405225, 0.726005386404797, 32.95853896325711, 0, 0.32597155505172143, 5.870993338510788, 290172.60269688483, 10.84298258060944, 0.4172885505873717, 0.0, 595.0, 6.0, 828.9336826593791, 0.74, 926.9589083416062, 3200.0, 12.599999999999998, 8.399999999999999, 53.0, 0.0, 0.0, 0.0
2, 0.027728307833578672, 2.0, 10.0, 0.21124638671735937, 0.4, 0.09053416573601121, 13.280259698952909, 2.4, aeronaut14x8, ag45c, ht14, 0.0, 0.0, 0.0, 0.0, 0.144, 0.8999999999999999, 0.04, 0.5700000000000001, 0.27432644314973836, 5.312103879581164, 1.742103879581164, 3.57, 0.21344, 0.08870399999999999, 0.164595865889843, 0.6042177635520567, 0.03491623721535622, 0.01120901292390764, 0.170021, 0.455, 0.05147755288363786, -2.098202305331255, 5.501360209462226, 0.09600410365007894, 0.1320501172300725, 0.38139700463939635, 0.2483660130718954, 0.2158346034507002, 0.9357993834774043, 46.23951903316841, 6.400000000000003, 7.0000000000000036, 1.5539848280929516, 2.2, 11.615180811776872, 13.815180811776873, 11.891000000253598, 0.9583333333333333, 18.49338058330065, 3.1398324419044954, 4, 0.6562305898749053, 237812.19457685185, 11.756639582817545, 0.9142361111111111, 32.90647343480899, 0.21026001038128167, 423154.6865143309, -2, 32.36812682025575, 0.21731226127652914, 416231.91816090565, -2, 11.27798266291719, 0.7246249765543682, 32.180793964183465, -2, 0.2198496888873341, 6.142115675493429, 413822.9460739348, 10.840100284900245, 0.41452773088651396, 1.0, 595.0, 6.0, 821.8860776370369, 0.74, 905.0848302426599, 3200.0, 12.599999999999998, 8.399999999999999, 53.0, 0.0, 0.0, 826.9903026265656
2, 0.02459794247594746, 1.8973665961010278, 9.0, 0.2226732431691987, 0.4, 0.10059351748445691, 13.181112527612111, 2.4, aeronaut14x8, ag45c, ht14, 0.0, 0.0, 0.0, 0.0, 0.136610394919274, 0.8538149682454624, 0.04, 0.5700000000000001, 0.27432644314973836, 5.272445011044844, 1.7024450110448446, 3.57, 0.21344, 0.08415200327027278, 0.164595865889843, 0.5640177030662097, 0.040009425894611206, 0.01120901292390764, 0.170021, 0.455, 0.052511061090744174, -2.09254118542198, 5.42417474494759, 0.1078385572300518, 0.1384117579018676, 0.38578056272451433, 0.26180076489411425, 0.22128900462136222, 0.9169102304845234, 46.68088252985656, 6.400000000000003, 7.0000000000000036, 1.5561117718243545, 2.2, 11.715062154244125, 13.915062154244126, 11.891000000253598, 0.9583333333333333, 18.423787792906243, 3.133437596975154, 4, 0.6562305898749053, 249732.73957129975, 11.756639582817545, 0.9142361111111111, 31.996740163650287, 0.2207259505079158, 433712.8536345863, -2, 0, inf, 0.0, -4, 11.276866080839538, 0.7240290288790976, 32.12885533102417, -2, 0.21891441446174853, 6.159837527111103, 435503.6625093989, 10.838855946179537, 0.4133358355359731, 1.0, 595.0, 6.0, 770.0543245076661, 0.74, 903.6240561850548, 3200.0, 12.599999999999998, 8.399999999999999, 53.0, 0.0, 0.0, 809.2261268975735
2, 0.03037632726918817, 2.0976176963403033, 10.999999999999996, 0.2014155268483092, 0.4000000000000002, 0.0823037870327375, 13.390731005846913, 2.4, aeronaut14x8, ag45c, ht14, 0.0, 0.0, 0.0, 0.0, 0.15102847413650183, 0.9439279633531364, 0.04, 0.5700000000000001, 0.27432644314973836, 5.3562924023387675, 1.7862924023387676, 3.57, 0.21344, 0.09303354006808513, 0.164595865889843, 0.648105214495252, 0.030887768961679447, 0.01120901292390764, 0.170021, 0.455, 0.05061805886974371, -2.097895952156254, 5.566861453935865, 0.08638879368457907, 0.1265260030826808, 0.37685434953172875, 0.23680770190413408, 0.2111420220916572, 0.9520502760042086, 48.07384611916589, 6.600000000000003, 7.200000000000004, 1.5526040500624658, 2.2, 11.708985954873516, 13.908985954873515, 11.888674999787204, 0.9576388888888889, 18.57169805394162, 3.1343248247442266, 4, 0.6562305898749053, 227705.27152654817, 11.75568333289411, 0.9138888888888889, 32.659542305687616, 0.2152270706345291, 400434.5713057199, -2, 11.930996633655598, 1.6127373229604063, 146284.460373955, -4, 11.281697147963428, 0.7270675834880069, 32.212828132797405, -2, 0.22123782087754498, 6.133527071686155, 394957.46459542995, 10.845200448047327, 0.41941294475379176, 1.0, 595.0, 6.0, 794.613622134734, 0.74, 905.985791234927, 3200.0, 12.599999999999998, 8.399999999999999, 53.0, 0.0, 0.0, 818.1998044565536
2, 0.03297637354784639, 2.1908902300206643, 11.999999999999996, 0.19284068532759574, 0.4, 0.07544513811334266, 13.50706326631377, 2.4, aeronaut14x8, ag45c, ht14, 0.0, 0.0, 0.0, 0.0, 0.15774409656148783, 0.9859006035092989, 0.04, 0.5700000000000001, 0.27432644314973836, 5.402825306525508, 1.8328253065255082, 3.57, 0.21344, 0.0971703634818765, 0.164595865889843, 0.6937583041339721, 0.0276307600959084, 0.01120901292390764, 0.170021, 0.455, 0.04981729757130129, -2.094437799749633, 5.622894174262685, 0.07842338782371391, 0.121649803796135, 0.3724839441824051, 0.22672611312850013, 0.20704897814506126, 0.9662249087264385, 49.882010226873184, 6.800000000000003, 7.400000000000004, 1.5512316375125452, 2.2, 11.790646174846694, 13.990646174846695, 11.88634999927281, 0.9569444444444444, 18.191335333430292, 3.1222990152301504, 4, 0.6895639329417113, 213546.16178498277, 11.754727082970673, 0.9135416666666667, 32.989555335183454, 0.21277510216348425, 387260.90150597587, -2, 31.144303019112318, 0.23873522258369526, 365599.6796990368, 0, 11.27899804820324, 0.7251497235142457, 32.31051811892703, 0, 0.2218124336110948, 6.019471102542988, 379289.7554310508, 10.841195956530232, 0.41557722480626924, 1.0, 595.0, 6.0, 825.799832117696, 0.74, 908.7333220948226, 3200.0, 12.599999999999998, 8.399999999999999, 53.0, 0.0, 0.0, 829.5110514041729
2, 0.038571049080753324, 2.2803508501982757, 12.999999999999996, 0.18527533752009395, 0.39999999999999997, 0.06964166595077784, 13.684339895961028, 2.4, aeronaut14x8, ag45c, ht14, 0.0, 0.0, 0.0, 0.0, 0.16418526121427582, 1.026157882589224, 0.04, 0.5700000000000001, 0.27432644314973836, 5.4737359583844105, 1.9037359583844107, 3.57, 0.21344, 0.1011381209079939, 0.164595865889843, 0.7633829034982434, 0.0249490551644226, 0.01120901292390764, 0.170021, 0.455, 0.04907929484134159, -2.087218598917213, 5.671209549158614, 0.07171088380702129, 0.1172700146089215, 0.36803764361464564, 0.21783140348802033, 0.20343779758008088, 0.9787307989318988, 53.772822252716175, 7.200000000000004, 7.800000000000004, 1.5503146274535915, 2.2, 11.992348932157967, 14.192348932157966, 11.88176666500406, 0.9555555555555555, 18.24629720696054, 3.091489903321277, 4, 0.6946703916471537, 205788.39589174016, 11.7528145831238, 0.9128472222222223, 32.62274068139131, 0.22044272052221284, 367931.16971999843, 0, 36.35621032597054, 0.1774922666199681, 410038.6022885841, -2, 11.273613834803099, 0.7222833250162639, 32.41669438565315, 0, 0.2232539731888749, 6.037005890957114, 365607.3044338835, 10.835210916587922, 0.4098444278103055, 1.0, 595.0, 6.0, 803.7950067817327, 0.74, 911.7195295964948, 3200.0, 12.599999999999998, 8.399999999999999, 53.0, 0.0, 0.0, 823.1715121260759
2, 0.04409405295639304, 2.366431913239846, 13.999999999999995, 0.17853578253020186, 0.4, 0.06466726124000799, 13.877716953499712, 2.4, aeronaut14x8, ag45c, ht14, 0.0, 0.0, 0.0, 0.0, 0.1703830977532689, 1.0648943609579307, 0.04, 0.5700000000000001, 0.27432644314973836, 5.551086781399885, 1.9810867813998851, 3.57, 0.21344, 0.10495598821601364, 0.164595865889843, 0.8391580819110471, 0.022706832459073793, 0.01120901292390764, 0.170021, 0.455, 0.048419480330668195, -2.076018494037152, 5.713215394106282, 0.06597121919243912, 0.1132963115613942, 0.3633712980922722, 0.20990759267767078, 0.20022079413022204, 0.989871613192107, 55.18554457872587, 7.200000000000004, 8.000000000000004, 1.5490062473086434, 2.2, 11.980882188357496, 14.180882188357497, 11.879385415194369, 0.954861111111111, 18.280141036729486, 3.054026198341336, 4, 0.7021572523653521, 198670.4784510701, 11.7528145831238, 0.9128472222222223, 33.03199526977128, 0.21805256877577456, 358995.1681036397, 0, 31.72669294016713, 0.2363639351643811, 344809.00631064794, 0, 11.279327839588968, 0.7253201583525594, 32.467923732208696, 0, 0.22569492227425572, 6.047597327355589, 352864.77983021096, 10.841551824465407, 0.4159180944828965, 1.0, 595.0, 6.0, 828.3761731608615, 0.74, 913.1603549683697, 3200.0, 12.599999999999998, 8.399999999999999, 53.0, 0.0, 0.0, 831.8455093764104
2, 0.052615735060969865, 2.4494897427831783, 15.0, 0.1724819524880602, 0.4000000000000001, 0.06035611049067415, 14.163823055121947, 2.4, aeronaut14x8, ag45c, ht14, 0.0, 0.0, 0.0, 0.0, 0.17636326148038883, 1.1022703842524302, 0.04, 0.5700000000000001, 0.27432644314973836, 5.66552922204878, 2.09552922204878, 3.57, 0.21344, 0.10863976907191952, 0.164595865889843, 0.951816304301885, 0.020807269861224505, 0.01120901292390764, 0.170021, 0.455, 0.04775181422667194, -2.063014825531162, 5.749653351333633, 0.06100977415825395, 0.1096370000267199, 0.3588068183367342, 0.20279000049185353, 0.1973311089566998, 0.9998788905514466, 60.91331543929438, 7.800000000000004, 8.600000000000001, 1.5483850614406716, 2.2, 12.209685369954132, 14.409685369954133, 11.872174999082855, 0.9527777777777777, 18.3780643249581, 2.990426650304248, 4, 0.7095224002296445, 192962.07077887302, 11.749979166678711, 0.9118055555555555, 32.863140676555226, 0.22484081866807307, 345049.3787114312, 0, 32.874102169673435, 0.22469090247088178, 345164.46985343174, 0, 11.279494270900878, 0.7254061693733544, 32.44978243127936, 0, 0.2306055265574174, 6.049577202403091, 340709.288178957, 10.841731415473182, 0.4160901165244868, 0.0, 595.0, 6.0, 822.9666499328063, 0.74, 912.650130879732, 3200.0, 12.599999999999998, 8.399999999999999, 53.0, 0.0, 0.0, 0.0
2, 0.029922124806779735, 2.0, 8.0, 0.2640579833966993, 0.5, 0.14145963396251748, 10.760445366134268, 2.4, aeronaut14x8, ag45c, ht14, 0.0, 0.0, 0.0, 0.0, 0.144, 0.8999999999999999, 0.04, 0.5700000000000001, 0.27432644314973836, 5.380222683067134, 1.8102226830671344, 3.57, 0.21344, 0.08870399999999999, 0.164595865889843, 0.6448086167936126, 0.06244418745977055, 0.01120901292390764, 0.170021, 0.455, 0.05928858676776292, -2.085328811488929, 5.333207992251731, 0.1224586875995066, 0.1625396626349043, 0.3910083414182546, 0.3104575163398693, 0.24104325431337523, 0.8484992293467554, 34.32233807044851, 5.400000000000002, 6.000000000000003, 1.5582698249833526, 2.2, 10.22625292372673, 12.426252923726729, 11.90269791671858, 0.9618055555555556, 17.880023978332932, 3.0421959483030276, 4, 0.5687854577927238, 287406.061470292, 11.761420832434727, 0.9159722222222222, 26.904443961144835, 0.25485608200714466, 432465.87836185715, 0, 21.800471104185497, 0.388160453394953, 350423.8890195852, 2, 11.555151717725453, 0.8293110578836915, 31.58622665546665, -2, 0.18490452911241811, 6.501377140496302, 507721.5226756105, 11.104439774330432, 0.623899893545161, 1.05, 595.0, 6.0, 865.7357636939357, 0.74, 888.3626246849994, 3200.0, 12.599999999999998, 8.399999999999999, 53.0, 0.0, 0.0, 877.8344359326272
2, 0.06788070032068876, 2.529822128134703, 15.999999999999993, 0.16700493237689898, 0.4, 0.05658385358500701, 15.640286191989798, 2.4, aeronaut14x8, ag45c, ht14, 0.0, 0.0, 0.0, 0.0, 0.18214719322569864, 1.1384199576606164, 0.04, 0.5700000000000001, 0.27432644314973836, 6.256114476795919, 2.6861144767959195, 3.57, 0.21344, 0.11220267102703035, 0.164595865889843, 1.54046631506526, 0.019179611889878316, 0.01120901292390764, 0.170021, 0.455, 0.04734286955147899, -2.032435824447607, 5.782280995270805, 0.05674328956233132, 0.1060394618491131, 0.3514937835276234, 0.2, 0.19471675346602166, 1.0052832465339783, 91.42628792975405, 10.999999999999993, 11.79999999999999, 1.5488777499580793, 2.2, 12.902547613386377, 15.102547613386378, 11.836558332820335, 0.9416666666666667, 18.97954586368176, 2.645347807354208, 4, 0.7371955624096725, 192949.4916151834, 11.736822916911594, 0.90625, 32.900243400837184, 0.24771897306274746, 334469.8173392379, 0, 9.51505368646919, 2.961658683251299, 96731.75452572518, -4, 11.281312783542912, 0.7267112242759772, 32.3363547997433, 0, 0.25643386026110027, 6.088093256541519, 328737.22396265663, 10.844456370054552, 0.41870022632973203, 0.0, 595.0, 6.0, 801.8736760297797, 0.74, 909.4599787427802, 3200.0, 12.599999999999998, 8.399999999999999, 53.0, 0.0, 0.0, 0.0
2, 0.03342542629469135, 2.1213203435596424, 8.999999999999998, 0.24895625424833445, 0.5, 0.12574189685557113, 10.829822465276184, 2.4, aeronaut14x8, ag45c, ht14, 0.0, 0.0, 0.0, 0.0, 0.15273506473629425, 0.954594154601839, 0.04, 0.5700000000000001, 0.27432644314973836, 5.414911232638092, 1.844911232638092, 3.57, 0.21344, 0.09408479987755726, 0.164595865889843, 0.6830594873402946, 0.05350106660648956, 0.01120901292390764, 0.170021, 0.455, 0.05756891339940614, -2.104480897097767, 5.424187107491359, 0.1075696152979837, 0.154161720336833, 0.38798088181568496, 0.29270215343233996, 0.23383471979707762, 0.8734631267705824, 36.08845275982219, 5.600000000000002, 6.200000000000003, 1.5564843295717576, 2.2, 10.37272853706278, 12.57272853706278, 11.90031666690889, 0.9611111111111111, 17.76129814009995, 3.0540712521112923, 4, 0.579950171310001, 269169.7614090514, 11.760464582511291, 0.915625, 31.925202696780246, 0.1821657841958997, 483821.5723335404, -2, 0, inf, 0.0, -4, 11.275562490172108, 0.7233293022169112, 31.440630951376914, -2, 0.1878242349732852, 6.397559752792107, 476477.96151934523, 10.837394916938544, 0.4119363822116, 1.05, 595.0, 6.0, 770.7780868792245, 0.74, 884.2677455074756, 3200.0, 12.599999999999998, 8.399999999999999, 53.0, 0.0, 0.0, 843.1660413353451
2, 0.03687353639603133, 2.2360679774997894, 9.999999999999998, 0.23618064035061212, 0.4999999999999999, 0.11316770717001395, 10.915932219797066, 2.4, aeronaut14x8, ag45c, ht14, 0.0, 0.0, 0.0, 0.0, 0.16099689437998485, 1.0062305898749053, 0.04, 0.5700000000000001, 0.27432644314973836, 5.457966109898532, 1.887966109898532, 3.57, 0.21344, 0.09917408693807067, 0.164595865889843, 0.727901644516451, 0.04662449963025986, 0.01120901292390764, 0.170021, 0.455, 0.05614676590244027, -2.117504909583797, 5.501248524817016, 0.09576713261842401, 0.147058874101836, 0.38491351554676945, 0.27768164426467973, 0.22773651390000024, 0.89458184183532, 37.792597793655574, 5.8000000000000025, 6.400000000000003, 1.554920789185224, 2.2, 10.492243457680976, 12.692243457680977, 11.897935417099198, 0.9604166666666667, 17.67049450921035, 3.052633285898021, 4, 0.590501307769759, 254051.35951893326, 11.759508332587854, 0.9152777777777777, 32.32604871330126, 0.17908878141684115, 464756.4684287062, -2, 12.57616060785241, 1.18325262722224, 180809.35416312434, 10, 11.284209611270743, 0.7293490612361654, 31.520432416304832, -2, 0.18836026550314341, 6.387520375439685, 453174.00165643386, 10.849964173204942, 0.4239759002501087, 1.05, 595.0, 6.0, 778.333918646904, 0.74, 886.5121617085734, 3200.0, 12.599999999999998, 8.399999999999999, 53.0, 0.0, 0.0, 846.596128124417
2, 0.04437130381519964, 2.345207879911715, 11.0, 0.2251894048783767, 0.5, 0.1028797337909218, 11.051029470462232, 2.4, aeronaut14x8, ag45c, ht14, 0.0, 0.0, 0.0, 0.0, 0.1688549673536435, 1.0553435459602718, 0.04, 0.5700000000000001, 0.27432644314973836, 5.525514735231116, 1.9555147352311164, 3.57, 0.21344, 0.10401465988984439, 0.164595865889843, 0.7960421592234544, 0.04119203730406659, 0.01120901292390764, 0.170021, 0.455, 0.0549089298519733, -2.125074452839736, 5.566778549042057, 0.08618165807434398, 0.1408745325962049, 0.3817422292117985, 0.264759059526575, 0.22249004844561596, 0.912750892027809, 39.272461774583164, 5.8000000000000025, 6.600000000000003, 1.5534227434745498, 2.2, 10.548428023437982, 12.748428023437981, 11.895554167289507, 0.9597222222222223, 18.112103946469073, 3.0301700784418903, 2, 0.5695407426634813, 248282.08241063266, 11.759508332587854, 0.9152777777777777, 32.10721362320043, 0.18378510002416534, 440128.0978914267, -2, 34.48755680036449, 0.15929079386174813, 472758.02109775017, -2, 11.273644483054383, 0.7222997760381289, 31.53337777462759, -2, 0.1905349045245427, 6.374280756234025, 432261.912943139, 10.835245266320879, 0.40987732985403547, 1.05, 595.0, 6.0, 783.6480598361018, 0.74, 886.8762499114009, 3200.0, 12.599999999999998, 8.399999999999999, 53.0, 0.0, 0.0, 848.583508411626
2, 0.0620256341658848, 2.6457513110645903, 14.0, 0.19960907307682546, 0.4999999999999999, 0.08083407655001001, 11.449593217304553, 2.4, aeronaut14x8, ag45c, ht14, 0.0, 0.0, 0.0, 0.0, 0.1904940943966505, 1.1905880899790655, 0.04, 0.5700000000000001, 0.27432644314973836, 5.724796608652276, 2.154796608652276, 3.57, 0.21344, 0.1173443621483367, 0.164595865889843, 0.9930043369841944, 0.03018203070599334, 0.01120901292390764, 0.170021, 0.455, 0.05191148565423746, -2.123741734661251, 5.713190455113754, 0.06580491329216534, 0.1261102373255893, 0.3717260524301855, 0.23468382311030447, 0.21027974438584576, 0.9550364325038496, 43.688929417938525, 6.400000000000003, 7.200000000000004, 1.5495473387117422, 2.2, 10.686179970872574, 12.886179970872575, 11.888674999787204, 0.9576388888888889, 18.126835718109948, 2.949505844062961, 2, 0.5895639042357068, 220257.54834928128, 11.756639582817545, 0.9142361111111111, 21.219070450190817, 0.4359635144947299, 257831.01409919016, 2, 15.774480473825081, 0.788846902803963, 191674.29162372282, 6, 11.656127919941149, 0.8686072765428637, 31.880187862575404, -2, 0.19313505631025632, 6.485635675798776, 387373.29166116193, 11.237174666470926, 0.7024923308635052, 1.0, 595.0, 6.0, 825.267127822974, 0.74, 896.6302836349333, 3200.0, 12.599999999999998, 8.399999999999999, 53.0, 0.0, 0.0, 825.2991371526358
2, 0.04761416757561123, 2.4494897427831788, 12.000000000000004, 0.21560244061007516, 0.5000000000000001, 0.09430642264167832, 11.134937109026685, 2.4, aeronaut14x8, ag45c, ht14, 0.0, 0.0, 0.0, 0.0, 0.17636326148038886, 1.1022703842524304, 0.04, 0.5700000000000001, 0.27432644314973836, 5.5674685545133435, 1.9974685545133437, 3.57, 0.21344, 0.10863976907191954, 0.164595865889843, 0.8377580999142894, 0.036804806713383924, 0.01120901292390764, 0.170021, 0.455, 0.053795392003269236, -2.129094230592756, 5.622892329720028, 0.07823748553462452, 0.135436405109442, 0.3786475190604915, 0.2534875006148169, 0.21791388619587476, 0.9285986131893083, 38.881471293249476, 5.8000000000000025, 6.600000000000003, 1.5516340081497555, 2.2, 10.452968988617771, 12.652968988617772, 11.895554167289507, 0.9597222222222223, 18.594766431884388, 3.021972380279724, 2, 0.544888948755965, 244046.69154092664, 11.759508332587854, 0.9152777777777777, 32.11632549461987, 0.18507547130674437, 421510.1604058818, -2, 0, inf, 0.0, -4, 11.276818597192896, 0.724003541144026, 31.55091919584229, -2, 0.1917681739390478, 6.370174594111276, 414089.4951827647, 10.838802727789787, 0.41328486006582954, 1.05, 595.0, 6.0, 774.7897274037759, 0.74, 887.3696023830644, 3200.0, 12.599999999999998, 8.399999999999999, 53.0, 0.0, 0.0, 845.6557654253941
2, 0.06924329878059785, 2.73861278752583, 14.999999999999995, 0.19284068532759574, 0.5, 0.07544513811334266, 11.671258206425495, 2.4, aeronaut14x8, ag45c, ht14, 0.0, 0.0, 0.0, 0.0, 0.19718012070185978, 1.2323757543866236, 0.04, 0.5700000000000001, 0.27432644314973836, 5.835629103212748, 2.265629103212748, 3.57, 0.21344, 0.12146295435234562, 0.164595865889843, 1.1022695099507396, 0.0276307600959121, 0.01120901292390764, 0.170021, 0.455, 0.051102678422131044, -2.114959026806796, 5.749715318847221, 0.06084745802655241, 0.1220337203865588, 0.36783717271602784, 0.22672611312850013, 0.20704897814506126, 0.9662249087264385, 46.8171102381401, 6.800000000000003, 7.600000000000004, 1.5486711447378876, 2.2, 10.799189631227573, 12.999189631227573, 11.884024998758415, 0.9562499999999999, 17.340902606973785, 2.894136009485404, 4, 0.6562305898749053, 203563.02194052143, 11.754727082970673, 0.9135416666666667, 23.336665081876234, 0.36741161996928484, 273946.643594557, 2, 16.817120557689446, 0.7075012300099456, 197414.39985278537, 4, 11.645429210196372, 0.8626215479970724, 31.841595288337924, -2, 0.19735168469896877, 6.488084027322255, 373785.119910335, 11.213607053953151, 0.6905208737719224, 1.0, 595.0, 6.0, 831.6064713103549, 0.74, 895.5448674845043, 3200.0, 12.599999999999998, 8.399999999999999, 53.0, 0.0, 0.0, 827.0504462649529
2, 0.05483988517370117, 2.549509756796392, 12.999999999999995, 0.20714412462457377, 0.49999999999999994, 0.08705208243847232, 11.274422949318135, 2.4, aeronaut14x8, ag45c, ht14, 0.0, 0.0, 0.0, 0.0, 0.1835647024893402, 1.1472793905583762, 0.04, 0.5700000000000001, 0.27432644314973836, 5.6372114746590665, 2.0672114746590666, 3.57, 0.21344, 0.11307585673343357, 0.164595865889843, 0.9066734709411951, 0.033196268170687576, 0.01120901292390764, 0.170021, 0.455, 0.052782848928866706, -2.12909491291005, 5.671200300192506, 0.07154108235533804, 0.1305449698327914, 0.375422273982772, 0.2435429129166991, 0.2138764635847136, 0.9425806234985873, 42.43787250710625, 6.200000000000003, 7.0000000000000036, 1.550869409566902, 2.2, 10.694008343339947, 12.894008343339948, 11.891000000253598, 0.9583333333333333, 18.532757728948347, 2.9919219034552422, 2, 0.5555080785590011, 233690.5723112043, 11.757595832740982, 0.9145833333333333, 19.074673729080235, 0.5312425881192613, 240523.9136880036, 2, 14.819515193147664, 0.8801144013032444, 186868.0871736505, 6, 11.66139386104439, 0.8719078532152742, 31.898085268001143, -2, 0.18996688035750034, 6.482400406877172, 402221.94186821545, 11.248598366382444, 0.7090934842083263, 1.0, 595.0, 6.0, 804.1275405576068, 0.74, 897.1336481625322, 3200.0, 12.599999999999998, 8.399999999999999, 53.0, 0.0, 0.0, 818.4203962400464
2, 0.0844625848753439, 2.82842712474619, 16.0, 0.1867171906862508, 0.4999999999999999, 0.07072981698125873, 12.041670591732236, 2.4, aeronaut14x8, ag45c, ht14, 0.0, 0.0, 0.0, 0.0, 0.20364675298172563, 1.2727922061357853, 0.04, 0.5700000000000001, 0.27432644314973836, 6.020835295866116, 2.4508352958661166, 3.57, 0.21344, 0.125446399836743, 0.164595865889843, 1.285676460565273, 0.02544655665034938, 0.01120901292390764, 0.170021, 0.455, 0.0503001134580137, -2.105185158543394, 5.782158549527654, 0.05660955680475522, 0.1182815624971635, 0.3640829182581593, 0.21952661507425494, 0.2041260398478082, 0.9763473450779367, 53.42994201487254, 7.600000000000004, 8.400000000000002, 1.5482231019926265, 2.2, 11.046327628723201, 13.2463276287232, 11.874606248888375, 0.9534722222222222, 17.625513179444937, 2.798877618817044, 4, 0.6562305898749053, 200333.97079710528, 11.750902083276928, 0.9121527777777778, 25.35840802827338, 0.32103735499833935, 288227.10134316684, 0, 18.86422846842689, 0.5801248171162233, 214413.37659949868, 2, 11.613379660193123, 0.8492286324377321, 31.770898920001006, -2, 0.20452223689615334, 6.490037486767891, 361112.341617375, 11.17053133294475, 0.6637350426532418, 1.0, 595.0, 6.0, 844.0772446756617, 0.74, 893.5565321250283, 3200.0, 12.599999999999998, 8.399999999999999, 53.0, 0.0, 0.0, 830.5445922668968
2, 0.04292734639762888, 2.1908902300206643, 8.0, 0.28926102799139364, 0.5999999999999999, 0.169751560755021, 9.212941984057396, 2.4, aeronaut14x8, ag45c, ht14, 0.0, 0.0, 0.0, 0.0, 0.15774409656148783, 0.9859006035092989, 0.04, 0.5700000000000001, 0.27432644314973836, 5.527765190434437, 1.9577651904344369, 3.57, 0.21344, 0.0971703634818765, 0.164595865889843, 0.7668789448586532, 0.07945000328015653, 0.01120901292390764, 0.170021, 0.455, 0.0653291093547592, -2.068996773467559, 5.333207492402545, 0.1220492875674083, 0.1775472740411453, 0.38794604867989135, 0.34008916969275016, 0.25307346721759194, 0.8068373630896578, 29.050503637229088, 4.800000000000002, 5.600000000000002, 1.5589515007531112, 2.2, 9.343117784626763, 11.543117784626762, 11.90768333295101, 0.9631944444444445, 18.073866834601137, 2.959649108011319, 2, 0.477102750040592, 318250.81724889856, 11.764339582250066, 0.9170138888888889, 24.363873920466666, 0.2660838076165973, 429007.4092885036, 0, 20.554924569954206, 0.37383448287629434, 361938.12883217214, 2, 11.59389932575126, 0.8414623096717725, 30.848275201402423, -4, 0.16597755401868775, 6.817560445570102, 543186.9606768577, 11.146592765896523, 0.6482023971213228, 1.05, 595.0, 6.0, 853.4136395347668, 0.74, 867.6077400394431, 3200.0, 12.599999999999998, 8.399999999999999, 53.0, 0.0, 0.0, 866.2574828509736
2, 0.04706107672231997, 2.3237900077244498, 8.999999999999998, 0.2727179125676083, 0.6, 0.15089027622668538, 9.274484893885688, 2.4, aeronaut14x8, ag45c, ht14, 0.0, 0.0, 0.0, 0.0, 0.16731288055616036, 1.0457055034760023, 0.04, 0.5700000000000001, 0.27432644314973836, 5.564690936331413, 1.9946909363314131, 3.57, 0.21344, 0.10306473442259478, 0.164595865889843, 0.8093735782706719, 0.06798674482439593, 0.01120901292390764, 0.170021, 0.455, 0.06306969387563548, -2.094578940055405, 5.424232905300741, 0.1072531006481697, 0.1683814013547762, 0.3861521023569089, 0.3206391441304616, 0.24517691329533028, 0.8341839425742079, 30.66998514718246, 5.000000000000002, 5.8000000000000025, 1.5571798860733495, 2.2, 9.493245929302672, 11.693245929302673, 11.905079166528273, 0.9625, 18.134012534272827, 2.970703064387505, 2, 0.477102750040592, 301048.24500512733, 11.7633333322816, 0.9166666666666666, 23.69849365478357, 0.2831138473285118, 393425.8846768702, 0, 20.22100299007967, 0.38886352484322756, 335695.0068773637, 2, 11.605400163498587, 0.8456608566711536, 31.090331665060358, -2, 0.16449469078133092, 6.717848354103134, 516140.0306029447, 11.160166583914041, 0.6565994911200852, 1.05, 595.0, 6.0, 860.6989708408526, 0.74, 874.4155780798225, 3200.0, 12.599999999999998, 8.399999999999999, 53.0, 0.0, 0.0, 871.1900921222363
2, 0.051156291199606053, 2.4494897427831783, 10.000000000000004, 0.2587229287320902, 0.5999999999999999, 0.1358012486040167, 9.352032398960732, 2.4, aeronaut14x8, ag45c, ht14, 0.0, 0.0, 0.0, 0.0, 0.17636326148038883, 1.1022703842524302, 0.04, 0.5700000000000001, 0.27432644314973836, 5.6112194393764385, 2.0412194393764387, 3.57, 0.21344, 0.10863976907191952, 0.164595865889843, 0.8591323053439662, 0.05918148614680172, 0.01120901292390764, 0.170021, 0.455, 0.061207081630454865, -2.113624772436599, 5.501312369955347, 0.09551242834928224, 0.1606111909069682, 0.38420373727183116, 0.30418500073778026, 0.2384966634350497, 0.85731833582717, 30.32874102304456, 5.000000000000002, 5.8000000000000025, 1.5549508478353025, 2.2, 9.396218021483962, 11.596218021483963, 11.905079166528273, 0.9625, 17.741531784348517, 2.967134360148826, 2, 0.5023267565445022, 279418.1137385551, 11.7633333322816, 0.9166666666666666, 24.429231515878296, 0.2686576361363399, 384745.23356946046, 0, 20.8497170017099, 0.36882340309742867, 328370.1017146638, 2, 11.594373902569412, 0.8416307785266642, 31.1338595811441, -2, 0.16540661543291602, 6.693872131217565, 490338.9641495813, 11.147168929334057, 0.6485393348311063, 1.05, 595.0, 6.0, 867.4474306831534, 0.74, 875.6398007196779, 3200.0, 12.599999999999998, 8.399999999999999, 53.0, 0.0, 0.0, 873.9805309909909
2, 0.05526776387730825, 2.5690465157330253, 10.999999999999998, 0.2466826335261016, 0.5999999999999999, 0.12345568054910619, 9.460022214714861, 2.4, aeronaut14x8, ag45c, ht14, 0.0, 0.0, 0.0, 0.0, 0.18497134913277782, 1.1560709320798614, 0.04, 0.5700000000000001, 0.27432644314973836, 5.676013328828915, 2.1060133288289156, 3.57, 0.21344, 0.11394235106579113, 0.164595865889843, 0.9255731326851891, 0.0522319662641848, 0.01120901292390764, 0.170021, 0.455, 0.05969240136537546, -2.124819279831282, 5.56684663649321, 0.08595061558829115, 0.1538457140289687, 0.3816917221865115, 0.2900290184131164, 0.23274944848197396, 0.8772215331049095, 31.73257111349513, 5.200000000000002, 6.000000000000003, 1.5535435605073387, 2.2, 9.479141751184082, 11.679141751184083, 11.90269791671858, 0.9618055555555556, 17.77895044394821, 2.9474140864776626, 2, 0.5061121662345278, 266976.6134130694, 11.762377082358164, 0.9163194444444445, 23.671630154703287, 0.28943338230708954, 355463.70819772244, 0, 20.871087969323703, 0.37231863712364405, 313409.52334973105, 2, 11.598707690578888, 0.8431548484322566, 31.16702205952126, -2, 0.16696073065442976, 6.684547206894325, 468017.84086494026, 11.152300283161773, 0.6515874746422912, 1.05, 595.0, 6.0, 869.668257944159, 0.74, 876.5724954240353, 3200.0, 12.599999999999998, 8.399999999999999, 53.0, 0.0, 0.0, 875.0842636788681
2, 0.06425769603593987, 2.6832815729997477, 12.0, 0.23618064035061212, 0.6, 0.11316770717001395, 9.566119314485631, 2.4, aeronaut14x8, ag45c, ht14, 0.0, 0.0, 0.0, 0.0, 0.19319627325598185, 1.2074767078498865, 0.04, 0.5700000000000001, 0.27432644314973836, 5.739671588691378, 2.169671588691378, 3.57, 0.21344, 0.11900890432568481, 0.164595865889843, 0.9897723059216814, 0.04662449963026019, 0.01120901292390764, 0.170021, 0.455, 0.058192396841773845, -2.135301381676448, 5.622872148480329, 0.0780407688966147, 0.1478800137522499, 0.37975278919574, 0.27768164426467973, 0.22773651390000024, 0.89458184183532, 33.14225336703416, 5.400000000000002, 6.200000000000003, 1.5522864128003062, 2.2, 9.556790660706586, 11.756790660706585, 11.90031666690889, 0.9611111111111111, 17.81782915382826, 2.92508380297634, 2, 0.5096918005436462, 256169.61188305973, 11.761420832434727, 0.9159722222222222, 23.90314983467399, 0.2870372911599199, 343659.18334195286, 0, 20.963181159877966, 0.3731936243193724, 301390.8111475188, 2, 11.596415770224182, 0.8423556160924321, 31.1785204072939, -2, 0.1687087420306133, 6.678727334422221, 448258.2812344727, 11.149647873610226, 0.6499890099626422, 1.05, 595.0, 6.0, 870.5866652551273, 0.74, 876.8958864551408, 3200.0, 12.599999999999998, 8.399999999999999, 53.0, 0.0, 0.0, 875.5188930985939
4, 0.0693724523443764, 2.7928480087537877, 12.999999999999998, 0.22691501942308073, 0.5999999999999999, 0.10446249892616677, 9.690158185393036, 2.4, aeronaut14x8, ag45c, ht14, 0.0, 0.0, 0.0, 0.0, 0.2010850566302727, 1.2567816039392044, 0.04, 0.5700000000000001, 0.27432644314973836, 5.81409491123582, 2.24409491123582, 3.57, 0.21344, 0.12386839488424799, 0.164595865889843, 1.0639445561458551, 0.0420160813919661, 0.01120901292390764, 0.170021, 0.455, 0.05694944944341775, -2.13882771750175, 5.671227900692505, 0.071358362405275, 0.1425298416417426, 0.3771366192567541, 0.2667878942499848, 0.2233137390233715, 0.9098983667266436, 34.460900672830185, 5.600000000000002, 6.400000000000003, 1.5509746224576153, 2.2, 9.605187564786817, 11.805187564786817, 11.897935417099198, 0.9604166666666667, 17.868375808070486, 2.893747383947062, 2, 0.5135679972596763, 246818.00904259438, 11.760464582511291, 0.915625, 24.367849973520368, 0.2797752158539392, 336596.02191691316, 0, 21.01231526995167, 0.37626675422638317, 290245.62030771445, 2, 11.592912124702242, 0.8411118656047334, 31.193286951346565, -2, 0.17073453774206632, 6.683686454163468, 430876.59804806183, 11.145248753517018, 0.6475015089872447, 1.05, 595.0, 6.0, 869.7621704870138, 0.74, 877.3111955066222, 3200.0, 12.599999999999998, 8.399999999999999, 53.0, 0.0, 0.0, 875.3756780977726
4, 0.052275410672126224, 2.366431913239846, 8.0, 0.31243761942785336, 0.6999999999999997, 0.1980434875475245, 8.10992369575935, 2.4, aeronaut14x8, ag45c, ht14, 0.0, 0.0, 0.0, 0.0, 0.1703830977532689, 1.0648943609579307, 0.04, 0.5700000000000001, 0.27432644314973836, 5.676946587031543, 2.1069465870315436, 3.57, 0.21344, 0.10495598821601364, 0.164595865889843, 0.890186960867622, 0.09753775913415733, 0.01120901292390764, 0.170021, 0.455, 0.07202431256497362, -2.036601996676178, 5.333198385053861, 0.1215636820125811, 0.1913322554047047, 0.381872536822125, 0.3673382871859239, 0.26413638972788855, 0.7685253230861875, 26.070092369443664, 4.600000000000001, 5.400000000000002, 1.5598434100296596, 2.2, 8.728578541406584, 10.928578541406583, 11.91073333270684, 0.9638888888888889, 17.583308730944804, 2.872167520874993, 2, 0.44376941012509463, 334420.1565400325, 11.765345832266531, 0.9173611111111111, 22.910994957318536, 0.2648754244911895, 435748.39282837656, 0, 18.864389214957015, 0.3907005913459682, 358785.2599775767, 2, 11.6156174403898, 0.8502792998040913, 30.26599354383833, -4, 0.1517817986447203, 7.045879772412997, 575634.4527442171, 11.173973318961455, 0.6658363773859604, 1.05, 595.0, 6.0, 826.7619597703602, 0.74, 851.2310684204531, 3200.0, 12.599999999999998, 8.399999999999999, 53.0, 0.0, 0.0, 851.1975598667847
4, 0.07876630008047708, 2.8982753492378874, 14.0, 0.21866078401374883, 0.5999999999999999, 0.09700089186001198, 9.834389097888751, 2.4, aeronaut14x8, ag45c, ht14, 0.0, 0.0, 0.0, 0.0, 0.20867582514512792, 1.3042239071570494, 0.04, 0.5700000000000001, 0.27432644314973836, 5.90063345873325, 2.33063345873325, 3.57, 0.21344, 0.1285443082893988, 0.164595865889843, 1.1496536835446136, 0.03816958808548579, 0.01120901292390764, 0.170021, 0.455, 0.055792511059153733, -2.139735843150379, 5.713101947393906, 0.06564370613238284, 0.1376850272148894, 0.3745313601705362, 0.25708324759813195, 0.21937373054690787, 0.9235430218549601, 37.609818792360514, 6.000000000000003, 6.800000000000003, 1.5502733815797494, 2.2, 9.811355407449138, 12.011355407449138, 11.893225000581936, 0.9590277777777778, 17.878247420840857, 2.853674173546691, 2, 0.5208303609401187, 237971.18233649945, 11.75855208266442, 0.9149305555555556, 24.258296488867785, 0.2865098681245398, 322893.81397618627, 0, 21.061149543087428, 0.3800983992940564, 280337.69419097883, 2, 11.590836213459168, 0.8404019989896183, 31.181402401194347, -2, 0.17340790700671344, 6.686869350710484, 415044.8878827177, 11.142501569936513, 0.6460817757570145, 1.05, 595.0, 6.0, 865.4701574453765, 0.74, 876.9769425335911, 3200.0, 12.599999999999998, 8.399999999999999, 53.0, 0.0, 0.0, 873.7564849926388
4, 0.05789981029056513, 2.5099800796022267, 9.000000000000002, 0.29456901252695594, 0.6999999999999998, 0.17603865559779955, 8.178741965921162, 2.4, aeronaut14x8, ag45c, ht14, 0.0, 0.0, 0.0, 0.0, 0.18071856573136033, 1.129491035821002, 0.04, 0.5700000000000001, 0.27432644314973836, 5.7251193761448125, 2.1551193761448126, 3.57, 0.21344, 0.11132263649051796, 0.164595865889843, 0.9461517152683501, 0.08337914557219352, 0.01120901292390764, 0.170021, 0.455, 0.06920553475721684, -2.066489884116425, 5.424225579505204, 0.1068697406675763, 0.1814335637588846, 0.3809741784936846, 0.3463298584781576, 0.25560713666435975, 0.7980630048574826, 25.771044186954672, 4.600000000000001, 5.400000000000002, 1.5572156986052164, 2.2, 8.636136908165877, 10.836136908165876, 11.91073333270684, 0.9638888888888889, 17.658553175984313, 2.8743267562605066, 2, 0.44376941012509463, 316643.58981612785, 11.765345832266531, 0.9173611111111111, 23.10100153122532, 0.26274695159817707, 414234.6193539333, 0, 18.944395492338714, 0.3906949524820361, 339700.6162287828, 2, 11.617387073218673, 0.8511020022546602, 30.356646970439098, -4, 0.15215691828149103, 7.0149722333857065, 544338.9147290613, 11.176609804051196, 0.6674817822870981, 1.05, 595.0, 6.0, 838.5307953891639, 0.74, 853.7806960435996, 3200.0, 12.599999999999998, 8.399999999999999, 53.0, 0.0, 0.0, 856.2090220014672
4, 0.09390618464715107, 3.0, 15.000000000000004, 0.21124638671735946, 0.5999999999999999, 0.09053416573601121, 10.041140398476918, 2.4, aeronaut14x8, ag45c, ht14, 0.0, 0.0, 0.0, 0.0, 0.21599999999999997, 1.3499999999999999, 0.04, 0.5700000000000001, 0.27432644314973836, 6.024684239086149, 2.454684239086149, 3.57, 0.21344, 0.13305599999999998, 0.164595865889843, 1.2724461230570432, 0.03491623721535461, 0.01120901292390764, 0.170021, 0.455, 0.05465255285373393, -2.138505844136512, 5.749767911458174, 0.06071022056257054, 0.1332200164825035, 0.3719290721065252, 0.24836601307189543, 0.2158346034507002, 0.9357993834774043, 40.42571531404835, 6.400000000000003, 7.200000000000004, 1.5493744579306465, 2.2, 9.915186407446955, 12.115186407446956, 11.888674999787204, 0.9576388888888889, 17.73495300623707, 2.792440257999688, 2, 0.5405915016484997, 228059.33594093763, 11.756639582817545, 0.9142361111111111, 24.298285674699223, 0.2915711630395217, 312459.2940013019, 0, 21.126665620409888, 0.3856860397205554, 271674.4346794978, 2, 11.586308429252282, 0.8388805038181424, 31.156183051664712, -2, 0.1773402609310881, 6.693308788322643, 400647.1522488999, 11.137228448895701, 0.6430387854140625, 1.0, 595.0, 6.0, 858.3723393476072, 0.74, 876.2676483280699, 3200.0, 12.599999999999998, 8.399999999999999, 53.0, 0.0, 0.0, 829.546662558559
4, 0.10925598639134466, 3.0983866769659327, 15.999999999999995, 0.20453843442570616, 0.5999999999999999, 0.0848757803775105, 10.327124049378968, 2.4, aeronaut14x8, ag45c, ht14, 0.0, 0.0, 0.0, 0.0, 0.22308384074154716, 1.3942740046346698, 0.04, 0.5700000000000001, 0.27432644314973836, 6.19627442962738, 2.62627442962738, 3.57, 0.21344, 0.13741964589679306, 0.164595865889843, 1.4424560439331573, 0.0321328609836789, 0.01120901292390764, 0.170021, 0.455, 0.05366127521599965, -2.133558053419387, 5.782184251238374, 0.05647839586644825, 0.1291328568452203, 0.36898825092999094, 0.24047935809784612, 0.2126326849714977, 0.9468879569306561, 44.73674606135633, 7.0000000000000036, 7.800000000000004, 1.548685490781956, 2.2, 10.060990800395285, 12.260990800395284, 11.88176666500406, 0.9555555555555555, 17.631770013704724, 2.707100926178504, 2, 0.5628552914884974, 219532.7733834896, 11.753770833047236, 0.9131944444444444, 24.75803796303294, 0.2888415998763183, 308261.7759495332, 0, 22.24511808782429, 0.3577855197333238, 276973.46688775154, 2, 11.556433336624726, 0.8296296311655851, 31.09938564057179, -2, 0.18305794025561498, 6.695432696970024, 387217.753798438, 11.105391671220852, 0.6245370401089478, 1.0, 595.0, 6.0, 848.6056548016296, 0.74, 874.6702211410816, 3200.0, 12.599999999999998, 8.399999999999999, 53.0, 0.0, 0.0, 825.7586253142371
4, 0.06391230264376542, 2.6457513110645903, 10.000000000000002, 0.27945270230755564, 0.6999999999999997, 0.15843479003801955, 8.24377752825831, 2.4, aeronaut14x8, ag45c, ht14, 0.0, 0.0, 0.0, 0.0, 0.1904940943966505, 1.1905880899790655, 0.04, 0.5700000000000001, 0.27432644314973836, 5.7706442697808145, 2.2006442697808146, 3.57, 0.21344, 0.1173443621483367, 0.164595865889843, 0.9965213828873196, 0.07251264593140684, 0.01120901292390764, 0.170021, 0.455, 0.06676425914625912, -2.092558388382828, 5.501295948388745, 0.09521543444912113, 0.1730559431958666, 0.3803755347857099, 0.32855735235442624, 0.24839164214018408, 0.8230510055053896, 27.223222327115458, 4.800000000000002, 5.600000000000002, 1.5557225188629622, 2.2, 8.769838170877893, 10.969838170877892, 11.90768333295101, 0.9631944444444445, 17.729905813049488, 2.8698845809566453, 2, 0.44376941012509463, 301608.28434729076, 11.764339582250066, 0.9170138888888889, 23.079207663096966, 0.265336667601462, 392606.72339489835, 0, 18.903700191018256, 0.3954990262295185, 321576.0220357271, 2, 11.619553890540868, 0.8520931987077612, 30.415068847148934, -4, 0.15277822236230262, 6.996296382616732, 517399.0674299875, 11.17978373991488, 0.6694641751933003, 1.05, 595.0, 6.0, 844.158292457701, 0.74, 855.4238113260637, 3200.0, 12.599999999999998, 8.399999999999999, 53.0, 0.0, 0.0, 858.7537363243179
4, 0.07629615069296307, 2.7748873851023212, 11.000000000000002, 0.26644769711383964, 0.6999999999999997, 0.14403162730729047, 8.348819162312466, 2.4, aeronaut14x8, ag45c, ht14, 0.0, 0.0, 0.0, 0.0, 0.1997918917273671, 1.2486993232960444, 0.04, 0.5700000000000001, 0.27432644314973836, 5.844173413618725, 2.274173413618725, 3.57, 0.21344, 0.12307180530405813, 0.164595865889843, 1.0728927931414314, 0.06394293635948398, 0.01120901292390764, 0.170021, 0.455, 0.06463974342460087, -2.112549310088533, 5.566824538170391, 0.08573128508302097, 0.1657548743441608, 0.3794891136954803, 0.31326714389152766, 0.24218394049870137, 0.8445489156097707, 28.493867364101387, 5.000000000000002, 5.8000000000000025, 1.5542609914059218, 2.2, 8.84078575894372, 11.04078575894372, 11.905079166528273, 0.9625, 17.202888089043572, 2.84574558801689, 2, 0.477102750040592, 279024.1920579979, 11.7633333322816, 0.9166666666666666, 22.939896003204936, 0.271991268144669, 372076.24179485184, 0, 19.44929854881365, 0.37838156198282136, 315460.10097768623, 2, 11.612480731512868, 0.848796247275419, 30.43493223222795, -4, 0.15452301494563497, 6.982646359327072, 493642.8309294115, 11.169114839266385, 0.662870272328616, 1.05, 595.0, 6.0, 842.0305190212646, 0.74, 855.9824690314111, 3200.0, 12.599999999999998, 8.399999999999999, 53.0, 0.0, 0.0, 858.2045458184365
4, 0.08282583491439657, 2.898275349237888, 12.000000000000002, 0.25510424801604037, 0.7, 0.13202899169834964, 8.454391732029093, 2.4, aeronaut14x8, ag45c, ht14, 0.0, 0.0, 0.0, 0.0, 0.20867582514512795, 1.3042239071570496, 0.04, 0.5700000000000001, 0.27432644314973836, 5.918074212420365, 2.348074212420365, 3.57, 0.21344, 0.1285443082893988, 0.164595865889843, 1.1482308992112769, 0.05703312610593846, 0.01120901292390764, 0.170021, 0.455, 0.06289577800561093, -2.125123593781444, 5.622899648636412, 0.07784328701934824, 0.1593127163295745, 0.37794087153890427, 0.299930455531154, 0.23676935230472587, 0.8633001921641201, 29.756676280286857, 5.200000000000002, 6.000000000000003, 1.552970839804822, 2.2, 8.903479135911194, 11.103479135911194, 11.90269791671858, 0.9618055555555556, 17.31502744175677, 2.8187465641029177, 2, 0.477102750040592, 268886.7481300541, 11.762377082358164, 0.9163194444444445, 22.78970373266994, 0.27907298988611784, 353903.52964426193, 0, 19.12883311488213, 0.39611218983973523, 297053.513145417, 2, 11.61753906773408, 0.8511726645176219, 30.623653126784966, -2, 0.1545543276732166, 6.902915320955897, 475557.69303987466, 11.176831118305813, 0.6676231068130216, 1.05, 595.0, 6.0, 844.4950112487409, 0.74, 861.290244190827, 3200.0, 12.599999999999998, 8.399999999999999, 53.0, 0.0, 0.0, 860.9248394038486
4, 0.09447018898647243, 3.016620625799671, 12.999999999999998, 0.24509623357586166, 0.7, 0.12187291541386124, 8.586439596040295, 2.4, aeronaut14x8, ag45c, ht14, 0.0, 0.0, 0.0, 0.0, 0.21719668505757628, 1.3574792816098518, 0.04, 0.5700000000000001, 0.27432644314973836, 6.010507717228206, 2.4405077172282064, 3.57, 0.21344, 0.13379315799546698, 0.164595865889843, 1.241090482057213, 0.05135819836177594, 0.01120901292390764, 0.170021, 0.455, 0.06129173463982057, -2.134128806230314, 5.671187366082311, 0.07119372314702788, 0.1535237663423723, 0.3763107561908297, 0.2881638606847348, 0.23199220944758192, 0.8798439298676832, 30.875918059515712, 5.400000000000002, 6.200000000000003, 1.5516100961796842, 2.2, 8.923081890980827, 11.123081890980828, 11.90031666690889, 0.9611111111111111, 17.454708296028176, 2.77931412731275, 2, 0.477102750040592, 260422.0521395131, 11.761420832434727, 0.9159722222222222, 23.53899920718875, 0.2656745341111558, 351198.9071877739, 0, 19.294804140469545, 0.3954077409619197, 287876.0506719236, 2, 11.613293569986041, 0.8491872230033899, 30.621577794806417, -2, 0.1569895656157237, 6.898541213317859, 456870.088793626, 11.170395675648702, 0.6636522237845577, 1.05, 595.0, 6.0, 844.291215771621, 0.74, 861.2318754789306, 3200.0, 12.599999999999998, 8.399999999999999, 53.0, 0.0, 0.0, 860.8330819376931
4, 0.12607034775951972, 3.24037034920393, 15.000000000000002, 0.22817217596513287, 0.7, 0.10562319335867976, 8.906064760952328, 2.4, aeronaut14x8, ag45c, ht14, 0.0, 0.0, 0.0, 0.0, 0.23330666514268295, 1.4581666571417684, 0.04, 0.5700000000000001, 0.27432644314973836, 6.234245332666629, 2.664245332666629, 3.57, 0.21344, 0.1437169057278927, 0.164595865889843, 1.4636394272392297, 0.04262312088575606, 0.01120901292390764, 0.170021, 0.455, 0.05832473201427112, -2.146129947523261, 5.749739417785895, 0.06059274778040899, 0.1434860283267148, 0.37325690637119185, 0.2682659548360552, 0.22391381973179508, 0.9078202254321497, 36.378810925895195, 6.200000000000003, 7.0000000000000036, 1.5499920213171365, 2.2, 9.21858371091843, 11.41858371091843, 11.891000000253598, 0.9583333333333333, 17.30539515323905, 2.679969190737726, 2, 0.5037815206251538, 240365.8297398276, 11.757595832740982, 0.9145833333333333, 23.84759259323271, 0.2684785283106, 331234.6427349197, 0, 20.480891067396925, 0.3639996370271611, 284472.3470128022, 2, 11.58966622866387, 0.840011076101391, 30.570404524581356, -2, 0.1633790155081641, 6.898225536879143, 424612.12725661666, 11.141065508458844, 0.6452999299805598, 1.05, 595.0, 6.0, 834.1546167706255, 0.74, 859.7926272538507, 3200.0, 12.599999999999998, 8.399999999999999, 53.0, 0.0, 0.0, 856.7815354085668
4, 0.08811048473106096, 2.82842712474619, 10.000000000000004, 0.2987475050980014, 0.7999999999999996, 0.1810683314720223, 7.42616261416265, 2.4, aeronaut14x8, ag45c, ht14, 0.0, 0.0, 0.0, 0.0, 0.20364675298172563, 1.2727922061357853, 0.04, 0.5700000000000001, 0.27432644314973836, 5.9409300913301175, 2.3709300913301177, 3.57, 0.21344, 0.125446399836743, 0.164595865889843, 1.1446575960555243, 0.0865602166240996, 0.01120901292390764, 0.170021, 0.455, 0.07236520465340263, -2.067097785827403, 5.501302680497505, 0.09494240791331153, 0.1846244057983171, 0.3757469650152874, 0.3512425841188079, 0.25760166375649307, 0.791155752124699, 24.324443265018385, 4.600000000000001, 5.400000000000002, 1.5560757516807755, 2.2, 8.161465311633501, 10.361465311633502, 11.91073333270684, 0.9638888888888889, 16.824177739529492, 2.7661162813076285, 2, 0.44376941012509463, 305961.41378845036, 11.765345832266531, 0.9173611111111111, 22.363812560667853, 0.2545573052257121, 406704.1976550824, 0, 18.44843686388996, 0.3740744994781423, 335499.89262183063, 2, 11.620507216343224, 0.8525085912477157, 29.868208110214372, -4, 0.14271148154423313, 7.200626579753162, 543177.7601384529, 11.18120438259044, 0.6702949602732091, 1.05, 595.0, 6.0, 819.703169925098, 0.74, 840.0433530997792, 3200.0, 12.599999999999998, 8.399999999999999, 53.0, 0.0, 0.0, 844.8112830587071
4, 0.10726723621482684, 3.1304951684997047, 13.999999999999996, 0.23618064035061223, 0.6999999999999997, 0.11316770717001402, 8.727411134047257, 2.4, aeronaut14x8, ag45c, ht14, 0.0, 0.0, 0.0, 0.0, 0.2253956521319787, 1.408722825824867, 0.04, 0.5700000000000001, 0.27432644314973836, 6.109187793833078, 2.539187793833078, 3.57, 0.21344, 0.1388437217132989, 0.164595865889843, 1.339453693675771, 0.046624499630257735, 0.01120901292390764, 0.170021, 0.455, 0.05976812071232684, -2.141465368426249, 5.713140276529678, 0.06550763187532159, 0.1482977213991551, 0.37483157506628473, 0.27768164426467973, 0.2277365139000003, 0.89458184183532, 33.73370557880919, 5.8000000000000025, 6.600000000000003, 1.5508687887934258, 2.2, 9.108597155891069, 11.308597155891068, 11.895554167289507, 0.9597222222222223, 17.22529976180639, 2.73618054678227, 2, 0.49796763877835715, 247650.72761982534, 11.759508332587854, 0.9152777777777777, 23.41475645785698, 0.272909681499822, 336637.4782450339, 0, 20.373765531884345, 0.360458793548158, 292916.6939384371, 2, 11.595976275388752, 0.8421996009041135, 30.59548098935369, -2, 0.15983933435517905, 6.894167521938783, 439875.83575714723, 11.149114301708956, 0.6496769795860047, 1.05, 595.0, 6.0, 839.0921354075641, 0.74, 860.4979028255725, 3200.0, 12.599999999999998, 8.399999999999999, 53.0, 0.0, 0.0, 858.7565133815979
4, 0.06652707974706379, 2.529822128134703, 7.9999999999999964, 0.33400986475379796, 0.8, 0.22633541434002805, 7.283734327802864, 2.4, aeronaut14x8, ag45c, ht14, 0.0, 0.0, 0.0, 0.0, 0.18214719322569864, 1.1384199576606164, 0.04, 0.5700000000000001, 0.27432644314973836, 5.8269874622422915, 2.2569874622422916, 3.57, 0.21344, 0.11220267102703035, 0.164595865889843, 1.013892182731914, 0.11662672966959609, 0.01120901292390764, 0.170021, 0.455, 0.07902340127547164, -1.99795476402832, 5.333210688484662, 0.1210752292182479, 0.2041485407070073, 0.374625133100827, 0.3927011473411713, 0.2744335069320434, 0.7328653457267853, 23.340518571423555, 4.400000000000001, 5.200000000000002, 1.5603381257170528, 2.2, 8.148168965397538, 10.348168965397537, 11.91378333246267, 0.9645833333333333, 17.331162036870047, 2.7798682848201977, 2, 0.41043607020959727, 352383.4477529217, 11.766352082282998, 0.9177083333333333, 21.480748058355026, 0.27062511043978577, 436754.32986039075, 0, 18.192470649916494, 0.37729715279189663, 369895.88563786616, 2, 11.622188073194195, 0.8532409908060805, 29.716047049233698, -4, 0.14141152936360624, 7.256461527016781, 604197.4041048269, 11.184267675359997, 0.6717597593899387, 1.05, 595.0, 6.0, 805.6495648243873, 0.74, 835.7638232596977, 3200.0, 12.599999999999998, 8.399999999999999, 53.0, 0.0, 0.0, 838.3946858294298
4, 0.08192083827590631, 2.6832815729997477, 9.0, 0.3149075204674829, 0.8, 0.20118703496891377, 7.367713641238277, 2.4, aeronaut14x8, ag45c, ht14, 0.0, 0.0, 0.0, 0.0, 0.19319627325598185, 1.2074767078498865, 0.04, 0.5700000000000001, 0.27432644314973836, 5.894170912990622, 2.324170912990622, 3.57, 0.21344, 0.11900890432568481, 0.164595865889843, 1.091285513082999, 0.09961061676818697, 0.01120901292390764, 0.170021, 0.455, 0.07531026771756986, -2.037069414963039, 5.424217153329294, 0.1065314472274237, 0.1935747212183002, 0.37555085966879476, 0.3702421923529064, 0.2653153518666671, 0.7644424557804264, 24.595517031549097, 4.600000000000001, 5.400000000000002, 1.5583662676160754, 2.2, 8.245663020937345, 10.445663020937346, 11.91073333270684, 0.9638888888888889, 17.43284720549406, 2.7700162292406914, 2, 0.41043607020959727, 334179.5579467735, 11.765345832266531, 0.9173611111111111, 21.83572439203061, 0.2649173041559542, 418580.66205482837, 0, 18.378549722377976, 0.37395819926767493, 352308.23453735467, 2, 11.621625768704522, 0.8529959779368012, 29.80852361466179, -4, 0.14215580605463907, 7.223218941230645, 571415.5081594615, 11.18327595857197, 0.6712697336513801, 1.05, 595.0, 6.0, 815.5284056405696, 0.74, 838.364726662363, 3200.0, 12.599999999999998, 8.399999999999999, 53.0, 0.0, 0.0, 842.7625963060266
4, 0.09642914477552386, 2.9664793948382657, 11.0, 0.2848445697414011, 0.8000000000000003, 0.16460757406547485, 7.510715159982643, 2.4, aeronaut14x8, ag45c, ht14, 0.0, 0.0, 0.0, 0.0, 0.21358651642835516, 1.3349157276772197, 0.04, 0.5700000000000001, 0.27432644314973836, 6.008572127986117, 2.438572127986117, 3.57, 0.21344, 0.1315692941198668, 0.164595865889843, 1.2164620749619097, 0.07627488009058955, 0.01120901292390764, 0.170021, 0.455, 0.06991974370484352, -2.089533199305631, 5.566845392831737, 0.08549599771011096, 0.1768356038097654, 0.37535319410814993, 0.33489666370723137, 0.2509653515559953, 0.8141379847367731, 25.564640679756085, 4.800000000000002, 5.600000000000002, 1.554669692237037, 2.2, 8.249206892245166, 10.449206892245165, 11.90768333295101, 0.9631944444444445, 16.922539152398866, 2.747130411076468, 2, 0.44376941012509463, 293428.299120199, 11.764339582250066, 0.9170138888888889, 21.664682495231382, 0.27434018787633424, 375654.67441413767, 0, 18.50832047980222, 0.3758893899260454, 320924.9480264937, 2, 11.622318699125172, 0.8532979084276507, 29.905816321999882, -4, 0.14397356740875536, 7.189837090317364, 518551.78103822406, 11.184497167191864, 0.6718735946330792, 1.05, 595.0, 6.0, 822.5191243830415, 0.74, 841.1010840562468, 3200.0, 12.599999999999998, 8.399999999999999, 53.0, 0.0, 0.0, 846.1670729537509
4, 0.1458901979069946, 3.346640106136302, 16.0, 0.22092675939521697, 0.6999999999999998, 0.09902174377376224, 9.193086983506847, 2.4, aeronaut14x8, ag45c, ht14, 0.0, 0.0, 0.0, 0.0, 0.24095808764181376, 1.5059880477613359, 0.04, 0.5700000000000001, 0.27432644314973836, 6.435160888454791, 2.8651608884547914, 3.57, 0.21344, 0.14843018198735727, 0.164595865889843, 1.6632631387693877, 0.039201688884295635, 0.01120901292390764, 0.170021, 0.455, 0.05712563216947983, -2.144585494689013, 5.782148661924831, 0.05636875753317547, 0.1390724233177564, 0.3708976749095029, 0.2597473938586182, 0.22045535249826978, 0.919797253643112, 40.17330300857307, 6.800000000000003, 7.600000000000004, 1.5491783666864383, 2.2, 9.318057557214651, 11.51805755721465, 11.884024998758415, 0.9562499999999999, 17.45343152507235, 2.588223718817558, 2, 0.5117409206787259, 234724.0947898678, 11.754727082970673, 0.9135416666666667, 23.844907471034904, 0.2771933987156456, 320680.45263457857, 0, 20.564155358378876, 0.37269401110693073, 276558.9531594236, 2, 11.58393943269472, 0.8380828618155107, 30.55564139220991, -2, 0.1688073521220892, 6.915366037581079, 410930.3810088748, 11.134385652445143, 0.6414435014087992, 1.0, 595.0, 6.0, 824.9145962783638, 0.74, 859.3774141559037, 3200.0, 12.599999999999998, 8.399999999999999, 53.0, 0.0, 0.0, 812.7640034780892
4, 0.10996350216622897, 3.0983866769659336, 12.000000000000004, 0.27271791256760824, 0.7999999999999999, 0.15089027622668533, 7.624727751598119, 2.4, aeronaut14x8, ag45c, ht14, 0.0, 0.0, 0.0, 0.0, 0.2230838407415472, 1.39427400463467, 0.04, 0.5700000000000001, 0.27432644314973836, 6.099782201278495, 2.5297822012784947, 3.57, 0.21344, 0.13741964589679306, 0.164595865889843, 1.310109931743552, 0.06798674482439884, 0.01120901292390764, 0.170021, 0.455, 0.06766707035931838, -2.108614333313167, 5.62292454572396, 0.07766416383866842, 0.1699408550159154, 0.37500313514196015, 0.3206391441304615, 0.24517691329533028, 0.8341839425742081, 26.653104860996898, 5.000000000000002, 5.8000000000000025, 1.5532921215198978, 2.2, 8.286110385923937, 10.486110385923936, 11.905079166528273, 0.9625, 17.054992806108753, 2.7124086973542645, 2, 0.44376941012509463, 283135.11105996376, 11.7633333322816, 0.9166666666666666, 22.676782544565235, 0.2541992515739887, 376464.14848902187, 0, 18.462492665699322, 0.3834921398105438, 306501.44334708847, 2, 11.62060688698076, 0.8525520207229083, 29.9182520609702, -4, 0.1460376060050025, 7.183831636232326, 496681.9814177042, 11.181358063561385, 0.6703818192235943, 1.05, 595.0, 6.0, 823.5829867159291, 0.74, 841.4508392147868, 3200.0, 12.599999999999998, 8.399999999999999, 53.0, 0.0, 0.0, 846.6618390757507
4, 0.1257452340343061, 3.22490309931942, 12.999999999999998, 0.2620188950941697, 0.8000000000000003, 0.13928333190155573, 7.755660646825843, 2.4, aeronaut14x8, ag45c, ht14, 0.0, 0.0, 0.0, 0.0, 0.23219302315099824, 1.451206394693739, 0.04, 0.5700000000000001, 0.27432644314973836, 6.204528517460677, 2.634528517460677, 3.57, 0.21344, 0.14303090226101492, 0.164595865889843, 1.4160480872604375, 0.061183649125473895, 0.01120901292390764, 0.170021, 0.455, 0.06567795693316336, -2.122865453718282, 5.671163495869966, 0.07104723563384381, 0.1637609681449568, 0.3743262657238258, 0.3080601251235243, 0.24006993276415686, 0.8518699421123188, 29.315247377852465, 5.400000000000002, 6.200000000000003, 1.5525629721910377, 2.2, 8.478647231910196, 10.678647231910197, 11.90031666690889, 0.9611111111111111, 17.206117509525292, 2.6685284351141503, 2, 0.44376941012509463, 274437.8571728055, 11.761420832434727, 0.9159722222222222, 22.772992457070913, 0.2563842784210562, 363229.6041144167, 0, 18.638786159169708, 0.3827333825564507, 297288.9456899802, 2, 11.617262278665505, 0.8510439852564251, 29.91484857956366, -4, 0.14857918690012328, 7.182318196584628, 477142.32669162453, 11.176428094774119, 0.6673657482906281, 1.05, 595.0, 6.0, 820.9687224496597, 0.74, 841.355116300228, 3200.0, 12.599999999999998, 8.399999999999999, 53.0, 0.0, 0.0, 845.7133435624608
4, 0.1419876540152774, 3.346640106136302, 13.999999999999996, 0.25248772502310507, 0.8, 0.12933452248001603, 7.905057610166827, 2.4, aeronaut14x8, ag45c, ht14, 0.0, 0.0, 0.0, 0.0, 0.24095808764181376, 1.5059880477613359, 0.04, 0.5700000000000001, 0.27432644314973836, 6.3240460881334615, 2.7540460881334616, 3.57, 0.21344, 0.14843018198735727, 0.164595865889843, 1.535838132066529, 0.05551189526582478, 0.01120901292390764, 0.170021, 0.455, 0.06386855437207499, -2.133689156610374, 5.713150617298054, 0.06538091732166744, 0.1581673870706983, 0.373469789182535, 0.2968541644098494, 0.23552040285516548, 0.8676254327349849, 31.881673214171368, 5.8000000000000025, 6.600000000000003, 1.5516816227957408, 2.2, 8.61861069451346, 10.81861069451346, 11.895554167289507, 0.9597222222222223, 16.751625157193345, 2.6183547542097156, 2, 0.477102750040592, 257469.47048422234, 11.759508332587854, 0.9152777777777777, 22.91766190395207, 0.2580341695403388, 352240.34801263374, 0, 18.702600888651308, 0.3874483574777603, 287455.61712924496, 2, 11.613598210133516, 0.8493337550726253, 30.075370359729853, -2, 0.14982899561399368, 7.105600740849721, 462253.0416287028, 11.170875714669096, 0.6639452879230285, 1.05, 595.0, 6.0, 812.5541895534459, 0.74, 845.8697913674021, 3200.0, 12.599999999999998, 8.399999999999999, 53.0, 0.0, 0.0, 844.3483933222968
4, 0.15773753058693932, 3.4641016151377544, 14.999999999999996, 0.24392631647320653, 0.8, 0.12071222098134832, 8.085682098658188, 2.4, aeronaut14x8, ag45c, ht14, 0.0, 0.0, 0.0, 0.0, 0.24941531628991834, 1.5588457268119895, 0.04, 0.5700000000000001, 0.27432644314973836, 6.468545678926551, 2.8985456789265513, 3.57, 0.21344, 0.1536398348345897, 0.164595865889843, 1.679919996017398, 0.05071996926081311, 0.01120901292390764, 0.170021, 0.455, 0.06233347895866014, -2.137621823741284, 5.749709494379174, 0.06047481345176792, 0.1530180759758303, 0.37177910046255197, 0.2867883690092259, 0.23143377089178188, 0.8817778600989922, 34.238361005147446, 6.200000000000003, 7.0000000000000036, 1.5506727218099041, 2.2, 8.689482305023509, 10.88948230502351, 11.891000000253598, 0.9583333333333333, 16.948889041136795, 2.5582849831665504, 2, 0.477102750040592, 251668.24362304644, 11.757595832740982, 0.9145833333333333, 23.911426550645892, 0.24244793300438708, 355052.57647960325, 0, 20.999938977844447, 0.3143354728097573, 311820.8955122635, 0, 11.564810227851543, 0.8324491214829453, 30.01658916089912, -2, 0.15385328637164394, 7.088981412175804, 445706.0433485131, 11.114561654809636, 0.6301760207436682, 1.05, 595.0, 6.0, 807.6562200121017, 0.74, 844.2165701502877, 3200.0, 12.599999999999998, 8.399999999999999, 53.0, 0.0, 0.0, 842.0554765568363
4, 0.18723125885716413, 3.5777087639996634, 16.000000000000004, 0.23618064035061218, 0.7999999999999998, 0.11316770717001395, 8.33746326783397, 2.4, aeronaut14x8, ag45c, ht14, 0.0, 0.0, 0.0, 0.0, 0.25759503100797576, 1.6099689437998483, 0.04, 0.5700000000000001, 0.27432644314973836, 6.669970614267174, 3.0999706142671744, 3.57, 0.21344, 0.15867853910091306, 0.164595865889843, 1.8804016967222532, 0.04662449963025701, 0.01120901292390764, 0.170021, 0.455, 0.06065741481007721, -2.146181223066677, 5.782140189769654, 0.05627307201432611, 0.1483239210790357, 0.37117419374644656, 0.27768164426467973, 0.22773651390000027, 0.89458184183532, 37.82169491164941, 6.600000000000003, 7.600000000000004, 1.5498466111561315, 2.2, 8.78542727757396, 10.985427277573962, 11.884024998758415, 0.9562499999999999, 16.892493229450675, 2.4748545559765924, 2, 0.4955748458915581, 242865.9180063942, 11.75568333289411, 0.9138888888888889, 24.193736156250864, 0.24419729582816227, 347836.9866295594, 0, 21.068488716215953, 0.32201786244060404, 302904.83373705857, 0, 11.557381546278926, 0.8299568256209009, 30.0336525367384, -2, 0.15846393150091173, 7.113025987216591, 431798.34352120914, 11.106396893951924, 0.6251914290195797, 1.05, 595.0, 6.0, 800.0811117716383, 0.74, 844.6964775957676, 3200.0, 12.599999999999998, 8.399999999999999, 53.0, 0.0, 0.0, 839.5721562785922
