binder_count,binder_mass,span,aspect_ratio,mean_aerodynamic_chord,wing_area,horizontal_stabilizer_area,wing_loading,battery_capacity,propeller,main_wing_airfoil,horizontal_stabilizer_airfoil,fowler_affected_span,fowler_affected_span_ratio,fowler_affected_area,fowler_affected_area_ratio,fuselage_wetted_area,fuselage_length,fuselage_diameter,cargo_bay_length,cargo_bay_wetted_area,mass_total,mass_empty,mass_payload,mass_battery,mass_fuselage,mass_cargo_bay,mass_wing,mass_horizontal_stabilizer,mass_pylon,mass_landing_gear,mass_misc,x_center_of_gravity,c_m_alpha,c_l_alpha,c_n_beta,x_neutral_point,static_margin,transport_box_height,transport_box_width,transport_box_length,take_off_length,take_off_time_from_counter_start,take_off_time_total,cl_max_at_take_off,assumed_wind_speed,take_off_ground_speed,take_off_air_speed,takeoff_battery_voltage,takeoff_battery_soc,climb_air_speed,climb_rate,climb_flap_angle,climb_cl,climb_reynolds,climb_battery_voltage,climb_battery_soc,efficiency_motor_on_air_speed,efficiency_motor_on_cl,efficiency_motor_on_reynolds,efficiency_motor_on_flap_angle,efficiency_motor_off_air_speed,efficiency_motor_off_cl,efficiency_motor_off_reynolds,efficiency_motor_off_flap_angle,efficiency_battery_voltage,efficiency_battery_soc,cruise_air_speed,cruise_flap_angle,cruise_cl,cruise_drag_force,cruise_reynolds,cruise_battery_voltage,cruise_battery_soc,score_factor_take_off,score_payload,max_payload,score_efficiency,max_efficiency,score_distance,max_distance,t_loading,t_unloading,b_loading,penalty_current,penalty_round,score_round
4,0.024241893564553762,2.7386127875258315,15.000000000000012,0.19221317399182128,0.49999999999999994,0.0892843574220251,8.299445965199947,2.4,aeronaut16x8,ag40,ht14,0.0,0.0,0.0,0.0,0.18757286153712976,1.172330384607061,0.04,0.44999999999999996,0.21192644314973835,4.149722982599973,1.5997229825999724,2.5500000000000003,0.21344,0.11554488270687194,0.127155865889843,0.47305592473202623,0.03429629634732338,0.01120901292390764,0.170021,0.455,0.062195833462096964,-1.905393940426456,5.777658215349975,0.07476581479079941,0.1255882717943337,0.329786544895342,0.22345527899635026,0.2938527519771579,0.8826919690264918,17.748937815181055,3.0000000000000004,3.400000000000001,1.447977940100189,2.2,9.419064079059948,11.61906407905995,11.940504167955178,0.9708333333333333,18.80862070025587,3.916597020704149,2,0.3936141291243376,220073.9420608402,11.773343749547905,0.9201388888888888,21.725620842300746,0.3014515401288222,254204.87225941205,2,16.730467548006448,0.5083300023192157,195758.10499281588,2,11.670709365850302,0.8766619024552231,31.24378990026794,0,0.1457586983868297,5.940477557772591,365574.06935103395,11.26606670892746,0.7186015826882239,1.05,425.00000000000006,6.0,988.2333055752576,0.74,878.7315909450358,3200.0,9.0,6.000000000000001,55.0,0.0,0.0,859.9377137821027
3,0.04762622988483531,2.598076211353317,15.000000000000014,0.18234942783131824,0.44999999999999996,0.0803559216798226,9.69495606871838,2.4,aeronaut16x8,ag40,ht14,0.8836993916167742,0.34013605442176864,0.18235163861824621,0.40522586359610274,0.17794724090781663,1.112170255673854,0.04,0.44999999999999996,0.21192644314973835,4.362730230923271,1.8127302309232705,2.5500000000000003,0.21344,0.10961550039921504,0.127155865889843,0.6963355167848602,0.029953334925444587,0.01120901292390764,0.170021,0.455,0.062160996964506054,-1.806692344961206,5.777700815805068,0.07454844549262905,0.1191810122688345,0.3127009172955004,0.21198829104505526,0.28467461861110066,0.903337090343844,15.025891398959896,2.8000000000000003,3.2000000000000006,1.8835412913127154,2.2,8.585839169694877,10.785839169694878,11.943460417719464,0.9715277777777778,18.47635562655543,3.728401309210716,2,0.477102750040592,205092.24634973917,11.774303124703431,0.9204861111111111,21.315193864646556,0.36583063312764547,236604.07276408,2,16.537597948958027,0.6077343496387072,183571.54306479244,2,11.671107119519576,0.8768401075184565,31.53056207765387,0,0.1671841945143667,5.821598242427642,349997.25789438706,11.26678202421199,0.7189579928146907,1.05,425.00000000000006,6.0,979.1542467240613,0.74,886.7970584340151,3200.0,9.0,6.000000000000001,55.0,0.0,0.0,859.5829568053267
3,0.043277767045541496,2.598076211353317,15.000000000000014,0.18234942783131824,0.44999999999999996,0.0803559216798226,9.169656274523415,2.4,aeronaut16x8,ag40,ht14,0.0,0.0,0.0,0.0,0.17794724090781663,1.112170255673854,0.04,0.44999999999999996,0.21192644314973835,4.126345323535537,1.5763453235355365,2.5500000000000003,0.21344,0.10961550039921504,0.127155865889843,0.45995060939712573,0.029953334925444587,0.01120901292390764,0.170021,0.455,0.06005088679984767,-1.882851659141484,5.777700815805068,0.07480893694849867,0.1194746761800539,0.3258825126408222,0.21198829104505526,0.28467461861110066,0.903337090343844,19.84916731605566,3.2000000000000006,3.600000000000001,1.447762217095044,2.2,9.890842635176082,12.090842635176081,11.937495834691898,0.9701388888888889,18.609820210442642,3.96557441551011,2,0.44376941012509463,206573.73717351502,11.772384374392379,0.9197916666666667,21.153156451181445,0.35133020615354066,234805.41626536567,2,16.734554221980705,0.5613549511348385,185757.80778513788,2,11.671077487360474,0.876826831460448,31.561515572610062,0,0.15781568115122635,5.813414622925328,350340.84956047393,11.266728734103172,0.7189314406986738,1.05,425.00000000000006,6.0,990.6827360465709,0.74,887.667625479658,3200.0,9.0,6.000000000000001,55.0,0.0,0.0,863.9226265341802
4,0.024241893564553762,2.7386127875258315,15.000000000000012,0.19221317399182128,0.49999999999999994,0.0892843574220251,8.299445965199947,2.4,freudenthaler14x8,ag40,ht14,0.0,0.0,0.0,0.0,0.18757286153712976,1.172330384607061,0.04,0.44999999999999996,0.21192644314973835,4.149722982599973,1.5997229825999724,2.5500000000000003,0.21344,0.11554488270687194,0.127155865889843,0.47305592473202623,0.03429629634732338,0.01120901292390764,0.170021,0.455,0.062195833462096964,-1.905393940426456,5.777658215349975,0.07476581479079941,0.1255882717943337,0.329786544895342,0.22345527899635026,0.2938527519771579,0.8826919690264918,16.98187586607509,2.8000000000000003,3.400000000000001,1.4476591377907364,2.2,9.199334714732585,11.399334714732586,11.940504167955178,0.9708333333333333,16.744221191941786,3.99758780293997,2,0.4932957834407067,195919.03219140146,11.774303124703431,0.9204861111111111,21.394268033928363,0.3108615684570702,250327.81397249323,2,16.328509024936004,0.53366514347996,191054.91074339053,2,11.673479900672142,0.8780695014249195,31.865276494338573,0,0.14012851398129644,6.141727183137319,372845.89469510224,11.27182548707168,0.7214167806276168,1.05,425.00000000000006,6.0,986.289986539174,0.74,896.2109014032725,3200.0,9.0,6.000000000000001,55.0,0.0,0.0,865.3753107798564
3,0.04762622988483531,2.598076211353317,15.000000000000014,0.18234942783131824,0.44999999999999996,0.0803559216798226,9.69495606871838,2.4,freudenthaler14x8,ag40,ht14,0.8836993916167742,0.34013605442176864,0.18235163861824621,0.40522586359610274,0.17794724090781663,1.112170255673854,0.04,0.44999999999999996,0.21192644314973835,4.362730230923271,1.8127302309232705,2.5500000000000003,0.21344,0.10961550039921504,0.127155865889843,0.6963355167848602,0.029953334925444587,0.01120901292390764,0.170021,0.455,0.062160996964506054,-1.806692344961206,5.777700815805068,0.07454844549262905,0.1191810122688345,0.3127009172955004,0.21198829104505526,0.28467461861110066,0.903337090343844,16.005627288008284,2.8000000000000003,3.400000000000001,1.883806238961772,2.2,8.728481285786733,10.928481285786734,11.940504167955178,0.9708333333333333,17.252204852452795,3.790002535584484,2,0.5451759174462124,191503.86143195612,11.774303124703431,0.9204861111111111,21.500082488773177,0.3595658108042095,238656.3835126424,2,16.26296945680653,0.6284329528800253,180523.09695856797,4,11.672814085156025,0.877624881414867,32.116476518203285,0,0.16113981347831602,5.999924035677504,356501.0571938722,11.269976756840201,0.7205275406075118,1.05,425.00000000000006,6.0,975.1377562141811,0.74,903.2759020744675,3200.0,9.0,6.000000000000001,55.0,0.0,0.0,863.9447804010271
3,0.043277767045541496,2.598076211353317,15.000000000000014,0.18234942783131824,0.44999999999999996,0.0803559216798226,9.169656274523415,2.4,freudenthaler14x8,ag40,ht14,0.0,0.0,0.0,0.0,0.17794724090781663,1.112170255673854,0.04,0.44999999999999996,0.21192644314973835,4.126345323535537,1.5763453235355365,2.5500000000000003,0.21344,0.10961550039921504,0.127155865889843,0.45995060939712573,0.029953334925444587,0.01120901292390764,0.170021,0.455,0.06005088679984767,-1.882851659141484,5.777700815805068,0.07480893694849867,0.1194746761800539,0.3258825126408222,0.21198829104505526,0.28467461861110066,0.903337090343844,19.03999049148472,3.0000000000000004,3.600000000000001,1.4474870314638975,2.2,9.69091577791595,11.89091577791595,11.937495834691898,0.9701388888888889,17.28340459663243,4.032487125315503,2,0.5122030316432845,191850.18652704908,11.773343749547905,0.9201388888888888,21.39005816407856,0.3435911131997068,237435.0855272161,2,16.49780617104916,0.5775817467111036,183129.84421018444,2,11.673095528926128,0.87775967250327,32.13662443916446,0,0.15221776416928462,5.989422475022244,356724.70424054767,11.270537218255411,0.7207971227843177,1.05,425.00000000000006,6.0,991.4870534104401,0.74,903.8425623515004,3200.0,9.0,6.000000000000001,55.0,0.0,0.0,869.8653655166793
4,0.02610820234176097,2.7386127875258315,15.000000000000012,0.19221317399182128,0.49999999999999994,0.0892843574220251,8.792964805626575,2.4,aeronaut16x8,ag40,ht14,0.9315009481380377,0.34013605442176864,0.20261293179805134,0.40522586359610274,0.18757286153712976,1.172330384607061,0.04,0.44999999999999996,0.21192644314973835,4.3964824028132865,1.8464824028132862,2.5500000000000003,0.21344,0.11554488270687194,0.127155865889843,0.7198153449453403,0.03429629634732338,0.01120901292390764,0.170021,0.455,0.06462333520984616,-1.823560046014858,5.777658215349975,0.07448884649236448,0.1252858378498916,0.3156226931475555,0.22345527899635026,0.2938527519771579,0.8826919690264918,13.197266978638394,2.4,3.0000000000000004,1.8836950784366362,2.2,8.09105206478614,10.29105206478614,11.94641666753175,0.9722222222222222,18.245227314724975,3.6764186720624923,2,0.44376941012509463,213481.84765579432,11.776221875014484,0.9211805555555556,21.06047816840532,0.33986909663205267,246422.24042213635,2,16.514688628108843,0.552722765169625,193233.34157330313,2,11.671277217381197,0.8769163162439265,31.21883034164129,0,0.15467313098821367,5.9491612256899264,365282.0251577566,11.267087926104754,0.7191104102656309,1.05,425.00000000000006,6.0,978.8213426457634,0.74,878.0296033586612,3200.0,9.0,6.000000000000001,55.0,0.0,0.0,856.3978311015486
4,0.0289844545064927,2.872281323269015,15.000000000000002,0.20159487761749098,0.5500000000000003,0.09821279316422765,7.631806979670306,2.4,freudenthaler14x8,ag40,ht14,0.0,0.0,0.0,0.0,0.1967280768567364,1.2295504803546025,0.04,0.44999999999999996,0.21192644314973835,4.19749383881867,1.64749383881867,2.5500000000000003,0.21344,0.12118449534374963,0.127155865889843,0.5106957977228368,0.038787666938332827,0.01120901292390764,0.170021,0.455,0.06411619945669256,-1.927184339177421,5.777690499833599,0.07474547369822687,0.1313615891688842,0.33355617425906164,0.234361873781702,0.30258234879322476,0.8630557774250732,14.936387334163442,2.6,3.2000000000000006,1.4476282354572596,2.2,8.648531453804063,10.848531453804064,11.943460417719464,0.9715277777777778,16.941985363534037,3.9337729776350017,2,0.44376941012509463,207908.5354411181,11.775262499858957,0.9208333333333334,22.084558033199933,0.26826421885601,271017.12213905447,2,16.319624135377605,0.4912695775595032,200271.0473495602,2,11.673240271613924,0.8778677934885173,31.58961250684896,0,0.13111475797461317,6.289237382105701,387661.18199982826,11.270986785367922,0.7210133647548123,1.05,425.00000000000006,6.0,982.6203393944169,0.74,888.4578517551271,3200.0,9.0,6.000000000000001,55.0,0.0,0.0,861.3773669023406
4,0.02610820234176097,2.7386127875258315,15.000000000000012,0.19221317399182128,0.49999999999999994,0.0892843574220251,8.792964805626575,2.4,freudenthaler14x8,ag40,ht14,0.9315009481380377,0.34013605442176864,0.20261293179805134,0.40522586359610274,0.18757286153712976,1.172330384607061,0.04,0.44999999999999996,0.21192644314973835,4.3964824028132865,1.8464824028132862,2.5500000000000003,0.21344,0.11554488270687194,0.127155865889843,0.7198153449453403,0.03429629634732338,0.01120901292390764,0.170021,0.455,0.06462333520984616,-1.823560046014858,5.777658215349975,0.07448884649236448,0.1252858378498916,0.3156226931475555,0.22345527899635026,0.2938527519771579,0.8826919690264918,14.129266529921152,2.6,3.2000000000000006,1.883895667851894,2.2,8.229305093069096,10.429305093069097,11.943460417719464,0.9715277777777778,17.015173619255577,3.750478521144209,2,0.5082423672327514,199089.36401637614,11.775262499858957,0.9208333333333334,21.27472344437168,0.3330583187403964,248929.0591411288,2,16.20266951048415,0.5742155968400942,189582.50091314365,2,11.673030178398324,0.8777283743552704,31.84870248475131,0,0.14861568385385635,6.148996359912469,372651.96725705394,11.270407080539862,0.7207345264883187,1.05,425.00000000000006,6.0,973.086362940667,0.74,895.7447573836306,3200.0,9.0,6.000000000000001,55.0,0.0,0.0,860.5908921135041
4,0.0289844545064927,2.872281323269015,15.000000000000002,0.20159487761749098,0.5500000000000003,0.09821279316422765,7.631806979670306,2.4,aeronaut16x8,ag40,ht14,0.0,0.0,0.0,0.0,0.1967280768567364,1.2295504803546025,0.04,0.44999999999999996,0.21192644314973835,4.19749383881867,1.64749383881867,2.5500000000000003,0.21344,0.12118449534374963,0.127155865889843,0.5106957977228368,0.038787666938332827,0.01120901292390764,0.170021,0.455,0.06411619945669256,-1.927184339177421,5.777690499833599,0.07474547369822687,0.1313615891688842,0.33355617425906164,0.234361873781702,0.30258234879322476,0.8630557774250732,15.657771924315647,2.8000000000000003,3.2000000000000006,1.4479920979487524,2.2,8.887646875560689,11.08764687556069,11.943460417719464,0.9715277777777778,18.528780177610297,3.846018331603115,2,0.37301299209800665,227381.35275037226,11.774303124703431,0.9204861111111111,21.633707345527245,0.2795620871568767,265484.37587789865,2,16.56563954433207,0.4767862919703359,203290.09749475526,2,11.670801991398458,0.8767034013600512,30.930378269429134,0,0.13676334435651855,6.067204398111334,379571.19597554515,11.266233285568864,0.7186845804978803,1.05,425.00000000000006,6.0,978.9151224400764,0.74,869.9168888276944,3200.0,9.0,6.000000000000001,55.0,0.0,0.0,853.5912039437197
4,0.031260867136687014,2.872281323269015,15.000000000000002,0.20159487761749098,0.5500000000000003,0.09821279316422765,8.103840006028749,2.4,aeronaut16x8,ag40,ht14,0.9769664364860595,0.3401360544217687,0.22287422497785653,0.4052258635961026,0.1967280768567364,1.2295504803546025,0.04,0.44999999999999996,0.21192644314973835,4.457112003315814,1.9071120033158135,2.5500000000000003,0.21344,0.12118449534374963,0.127155865889843,0.7703139622199796,0.038787666938332827,0.01120901292390764,0.170021,0.455,0.06681025620837815,-1.841234201018183,5.777690499833599,0.0744573688324402,0.1310526939611849,0.31867996409139804,0.234361873781702,0.30258234879322476,0.8630557774250732,12.952928332411515,2.4,3.0000000000000004,1.8841993074536743,2.2,7.943491660624254,10.143491660624253,11.94641666753175,0.9722222222222222,18.612793643324153,3.6032152915017335,2,0.3936141291243376,228412.3486011594,11.776221875014484,0.9211805555555556,21.644329092647794,0.2965619291635913,265614.72375863837,2,16.479404180094722,0.511588347811073,202231.83496547648,2,11.670584315136288,0.8766058761451729,30.907909391194202,0,0.1454334794093775,6.071287059421782,379295.462555489,11.265835296771565,0.7184895300681235,1.05,425.00000000000006,6.0,972.2367225589185,0.74,869.284951627337,3200.0,9.0,6.000000000000001,55.0,0.0,0.0,851.0325859651895
4,0.031260867136687014,2.872281323269015,15.000000000000002,0.20159487761749098,0.5500000000000003,0.09821279316422765,8.103840006028749,2.4,freudenthaler14x8,ag40,ht14,0.9769664364860595,0.3401360544217687,0.22287422497785653,0.4052258635961026,0.1967280768567364,1.2295504803546025,0.04,0.44999999999999996,0.21192644314973835,4.457112003315814,1.9071120033158135,2.5500000000000003,0.21344,0.12118449534374963,0.127155865889843,0.7703139622199796,0.038787666938332827,0.01120901292390764,0.170021,0.455,0.06681025620837815,-1.841234201018183,5.777690499833599,0.0744573688324402,0.1310526939611849,0.31867996409139804,0.234361873781702,0.30258234879322476,0.8630557774250732,12.280739398073129,2.4,3.0000000000000004,1.8837895126114308,2.2,7.6741913924522995,9.8741913924523,11.94641666753175,0.9722222222222222,16.589607769988127,3.6847001698949224,2,0.4925627955264359,203584.2305958261,11.776221875014484,0.9211805555555556,21.30014351377458,0.30622355650583355,261390.94962072014,2,16.029973313809577,0.5406772006688814,196716.5124583222,2,11.673319850109054,0.8779347787454563,31.577297129006016,0,0.13933292297253844,6.295689514288664,387510.0502336398,11.271265310100878,0.7211473352686903,1.05,425.00000000000006,6.0,965.9773135250581,0.74,888.1114817532942,3200.0,9.0,6.000000000000001,55.0,0.0,0.0,855.4310783474233
4,0.03393291885464037,3.0000000000000004,15.0,0.21055898248997165,0.6000000000000001,0.10714122890643019,7.07505270326124,2.4,aeronaut16x8,ag40,ht14,0.0,0.0,0.0,0.0,0.20547577487935823,1.2842235929959889,0.04,0.44999999999999996,0.21192644314973835,4.245031621956745,1.6950316219567445,2.5500000000000003,0.21344,0.12657307732568465,0.127155865889843,0.5482121411188406,0.043420524698468285,0.01120901292390764,0.170021,0.455,0.06615003581943299,-1.940748505192414,5.777608474600659,0.07471266502915307,0.1368789195953278,0.3359086226981755,0.24478299379982282,0.31092337345953214,0.8442936327406451,13.707566997625495,2.6,3.0000000000000004,1.4478966799289557,2.2,8.35557841697767,10.55557841697767,11.94641666753175,0.9722222222222222,18.180061700417145,3.775210812330393,2,0.35918274616914697,233022.38887504107,11.775262499858957,0.9208333333333334,21.597612622699472,0.2600345060384727,276826.7440601533,2,16.37200748278548,0.452520863878601,209847.70883539872,2,11.671000132390777,0.8767921742131838,30.628311303256144,0,0.1292993588362631,6.188443272316714,392577.4502145616,11.266589619881398,0.7188621262041452,1.05,425.00000000000006,6.0,968.63392136966,0.74,861.421255404079,3200.0,9.0,6.000000000000001,55.0,0.0,0.0,847.0193118708088
4,0.03393291885464037,3.0000000000000004,15.0,0.21055898248997165,0.6000000000000001,0.10714122890643019,7.07505270326124,2.4,freudenthaler14x8,ag40,ht14,0.0,0.0,0.0,0.0,0.20547577487935823,1.2842235929959889,0.04,0.44999999999999996,0.21192644314973835,4.245031621956745,1.6950316219567445,2.5500000000000003,0.21344,0.12657307732568465,0.127155865889843,0.5482121411188406,0.043420524698468285,0.01120901292390764,0.170021,0.455,0.06615003581943299,-1.940748505192414,5.777608474600659,0.07471266502915307,0.1368789195953278,0.3359086226981755,0.24478299379982282,0.31092337345953214,0.8442936327406451,14.69717692037147,2.6,3.2000000000000006,1.4481416684250306,2.2,8.509720672330266,10.709720672330267,11.943460417719464,0.9715277777777778,16.30175408752488,3.874216196049811,2,0.44376941012509463,208947.23807462942,11.775262499858957,0.9208333333333334,21.96995464386783,0.2512951783602873,281599.22661169607,2,16.01130978901273,0.4731390087630349,205224.4770967124,2,11.673602445960112,0.8781726540114076,31.318189395095402,0,0.1236656783680322,6.4300619458920645,401419.94171112514,11.272254395579584,0.721623085800593,1.05,425.00000000000006,6.0,968.8007470826745,0.74,880.8240767370582,3200.0,9.0,6.000000000000001,55.0,0.0,0.0,853.8686883369066
4,0.03666893117861275,3.0000000000000004,15.0,0.21055898248997165,0.6000000000000001,0.10714122890643019,7.5284335758062895,2.4,freudenthaler14x8,ag40,ht14,1.0204081632653064,0.34013605442176875,0.24313551815766168,0.40522586359610274,0.20547577487935823,1.2842235929959889,0.04,0.44999999999999996,0.21192644314973835,4.517060145483774,1.967060145483774,2.5500000000000003,0.21344,0.12657307732568465,0.127155865889843,0.8202406646458699,0.043420524698468285,0.01120901292390764,0.170021,0.455,0.06909384406469778,-1.851455226404955,5.777608474600659,0.07441586667162187,0.1365647024111517,0.32045356388274915,0.24478299379982282,0.31092337345953214,0.8442936327406451,12.04673103397187,2.4,3.0000000000000004,1.8842278780299617,2.2,7.529629964247876,9.729629964247877,11.94641666753175,0.9722222222222222,16.859771328595826,3.617741215330847,2,0.44376941012509463,216099.60711993513,11.776221875014484,0.9211805555555556,21.341927973134244,0.2833675532884238,273549.5138272658,2,16.00145330143377,0.5040789514610071,205098.1418664247,2,11.672808191544377,0.8776220588036989,31.305706517054922,0,0.13169533792261137,6.434706259841072,401259.9428008375,11.269965020421507,0.7205218953851755,1.05,425.00000000000006,6.0,959.2277029260559,0.74,880.4729957921696,3200.0,9.0,6.000000000000001,55.0,0.0,0.0,850.395244551379
4,0.03666893117861275,3.0000000000000004,15.0,0.21055898248997165,0.6000000000000001,0.10714122890643019,7.5284335758062895,2.4,aeronaut16x8,ag40,ht14,1.0204081632653064,0.34013605442176875,0.24313551815766168,0.40522586359610274,0.20547577487935823,1.2842235929959889,0.04,0.44999999999999996,0.21192644314973835,4.517060145483774,1.967060145483774,2.5500000000000003,0.21344,0.12657307732568465,0.127155865889843,0.8202406646458699,0.043420524698468285,0.01120901292390764,0.170021,0.455,0.06909384406469778,-1.851455226404955,5.777608474600659,0.07441586667162187,0.1365647024111517,0.32045356388274915,0.24478299379982282,0.31092337345953214,0.8442936327406451,11.196981874443928,2.1999999999999997,2.8000000000000003,1.8840305877639612,2.2,7.4054985578852754,9.605498557885277,11.949522917283526,0.9729166666666667,18.432132078407655,3.530694084588885,2,0.37301299209800665,236253.29329175357,11.777247916916448,0.9215277777777777,21.61660858653345,0.2762118472795171,277070.22424985346,2,16.33450879098743,0.483732494756752,209367.07049178574,2,11.670562899128207,0.8765962811587049,30.607698435456612,0,0.13777044858402165,6.192256772842973,392313.2454073743,11.265792464751822,0.7184703400951877,1.05,425.00000000000006,6.0,963.3731344233516,0.74,860.8415184972172,3200.0,9.0,6.000000000000001,55.0,0.0,0.0,844.9751285221992
4,0.03898488417818037,3.1224989991992,15.00000000000001,0.21915673736577937,0.6499999999999999,0.11606966464863261,6.6035422962297305,2.4,aeronaut16x8,ag40,ht14,0.0,0.0,0.0,0.0,0.21386596714015865,1.3366622946259916,0.04,0.44999999999999996,0.21192644314973835,4.292302492549324,1.742302492549324,2.5500000000000003,0.21344,0.13174143575833772,0.127155865889843,0.5855463430874394,0.0481888348897958,0.01120901292390764,0.170021,0.455,0.06829189313684436,-1.947492820708039,5.777623088296989,0.07467047732816064,0.1421633766574207,0.3370750896943819,0.2547782177203101,0.3189235125157066,0.8262982697639831,13.500701096029093,2.6,3.0000000000000004,1.4483739932036113,2.2,8.230006689218184,10.430006689218185,11.94641666753175,0.9722222222222222,18.853526095558607,3.695978047840748,2,0.31246117974981075,251521.97637761102,11.775262499858957,0.9208333333333334,21.567005797751676,0.24339410243754583,287722.0895074786,2,16.384364282388937,0.42172618808483125,218581.2704270746,2,11.669782399862616,0.8762465950797999,30.284894562377904,0,0.12343480321719628,6.28693090687246,404026.09549580724,11.264231466090122,0.7177709679373774,1.05,425.00000000000006,6.0,960.9833747387139,0.74,851.7626595668786,3200.0,9.0,6.000000000000001,55.0,0.0,0.0,840.9611120069575
4,0.03898488417818037,3.1224989991992,15.00000000000001,0.21915673736577937,0.6499999999999999,0.11606966464863261,6.6035422962297305,2.4,freudenthaler14x8,ag40,ht14,0.0,0.0,0.0,0.0,0.21386596714015865,1.3366622946259916,0.04,0.44999999999999996,0.21192644314973835,4.292302492549324,1.742302492549324,2.5500000000000003,0.21344,0.13174143575833772,0.127155865889843,0.5855463430874394,0.0481888348897958,0.01120901292390764,0.170021,0.455,0.06829189313684436,-1.947492820708039,5.777623088296989,0.07467047732816064,0.1421633766574207,0.3370750896943819,0.2547782177203101,0.3189235125157066,0.8262982697639831,12.830103147378159,2.4,3.0000000000000004,1.4479478757690725,2.2,7.972419495332945,10.172419495332946,11.94641666753175,0.9722222222222222,16.385647479708037,3.813885783018931,2,0.41043607020959727,218598.38936409182,11.776221875014484,0.9211805555555556,21.858328277400418,0.2369495415865606,291608.577662166,2,15.954845049140223,0.44473834899418946,212851.12075155252,2,11.673431107845728,0.8780284300273175,31.047740036937135,0,0.11744371330976049,6.563033558553249,414203.0990154329,11.271654712179233,0.7213346378324126,1.05,425.00000000000006,6.0,963.0405096673231,0.74,873.2176885388569,3200.0,9.0,6.000000000000001,55.0,0.0,0.0,849.1903693721631
4,0.0422181445043857,3.1224989991992,15.00000000000001,0.21915673736577937,0.6499999999999999,0.11606966464863261,7.0405265996054744,2.4,aeronaut16x8,ag40,ht14,1.0620744895235372,0.34013605442176864,0.26339681133746673,0.40522586359610274,0.21386596714015865,1.3366622946259916,0.04,0.44999999999999996,0.21192644314973835,4.5763422897435575,2.0263422897435572,2.5500000000000003,0.21344,0.13174143575833772,0.127155865889843,0.869586140281673,0.0481888348897958,0.01120901292390764,0.170021,0.455,0.07146864858997631,-1.855267269961438,5.777623088296989,0.07436615364060241,0.141845025970169,0.32111254777408754,0.2547782177203101,0.3189235125157066,0.8262982697639831,10.996974580064652,2.1999999999999997,2.8000000000000003,1.8844386648266789,2.2,7.275346325498893,9.475346325498894,11.949522917283526,0.9729166666666667,18.25202494235079,3.459622662975908,2,0.3558909732545178,243497.44250095426,11.777247916916448,0.9215277777777777,21.53707622751233,0.26022226362240913,287322.80373883364,2,16.13715633271983,0.46351514402647126,215283.3073955503,2,11.670444510234029,0.8765432395352009,30.317581782907784,0,0.13131938048086875,6.307944901084912,404462.1706505711,11.265555686943669,0.7183642568481795,1.05,425.00000000000006,6.0,950.6615844109587,0.74,852.6819876442813,3200.0,9.0,6.000000000000001,55.0,0.0,0.0,837.6702502193341
4,0.0422181445043857,3.1224989991992,15.00000000000001,0.21915673736577937,0.6499999999999999,0.11606966464863261,7.0405265996054744,2.4,freudenthaler14x8,ag40,ht14,1.0620744895235372,0.34013605442176864,0.26339681133746673,0.40522586359610274,0.21386596714015865,1.3366622946259916,0.04,0.44999999999999996,0.21192644314973835,4.5763422897435575,2.0263422897435572,2.5500000000000003,0.21344,0.13174143575833772,0.127155865889843,0.869586140281673,0.0481888348897958,0.01120901292390764,0.170021,0.455,0.07146864858997631,-1.855267269961438,5.777623088296989,0.07436615364060241,0.141845025970169,0.32111254777408754,0.2547782177203101,0.3189235125157066,0.8262982697639831,10.382901554915989,2.1999999999999997,2.8000000000000003,1.8839725551198345,2.2,6.993583877645659,9.19358387764566,11.949522917283526,0.9729166666666667,16.297673714852017,3.557739651889326,2,0.44376941012509463,217424.7449702626,11.777247916916448,0.9215277777777777,21.841411916678123,0.2530209731721653,291382.8991094951,2,15.765100139198218,0.48565120800100114,210319.7632476929,2,11.673316037247625,0.8779315692665376,31.03830130663552,0,0.12529162767529584,6.567398786430696,414077.1783739612,11.271251965085876,0.7211409163108529,1.05,425.00000000000006,6.0,949.9894242996269,0.74,872.9522242491241,3200.0,9.0,6.000000000000001,55.0,0.0,0.0,844.5295769920629
4,0.044178566599153236,3.24037034920393,15.000000000000002,0.22742969453968453,0.7,0.12499810039083514,6.199152495845855,2.4,aeronaut16x8,ag40,ht14,0.0,0.0,0.0,0.0,0.22193920279959137,1.387120017497446,0.04,0.44999999999999996,0.21192644314973835,4.339406747092098,1.7894067470920976,2.5500000000000003,0.21344,0.1367145489245483,0.127155865889843,0.6227790441696639,0.05308727518413442,0.01120901292390764,0.170021,0.455,0.07053488812842808,-1.948883711491731,5.777685909947913,0.0746196902444237,0.1472449044466767,0.3373121595509681,0.2643958516994384,0.32662143002475863,0.8089827182758028,11.717867879626967,2.4,2.8000000000000003,1.4481257102423972,2.2,7.705978876752135,9.905978876752135,11.949522917283526,0.9729166666666667,18.261152100086843,3.638565983083299,2,0.31246117974981075,252815.59848214698,11.776221875014484,0.9211805555555556,21.583093866626484,0.22814855264533737,298806.0535874722,2,16.143391802744034,0.4078078134452019,223496.37294369334,2,11.670313784604144,0.8764846706999148,30.05030778963942,0,0.11769208799218267,6.416047551167886,416029.96934537793,11.265294235662036,0.7182471191776073,1.05,425.00000000000006,6.0,950.178369705555,0.74,845.1649065836086,3200.0,9.0,6.000000000000001,55.0,0.0,0.0,834.8701467012072
4,0.044178566599153236,3.24037034920393,15.000000000000002,0.22742969453968453,0.7,0.12499810039083514,6.199152495845855,2.4,freudenthaler14x8,ag40,ht14,0.0,0.0,0.0,0.0,0.22193920279959137,1.387120017497446,0.04,0.44999999999999996,0.21192644314973835,4.339406747092098,1.7894067470920976,2.5500000000000003,0.21344,0.1367145489245483,0.127155865889843,0.6227790441696639,0.05308727518413442,0.01120901292390764,0.170021,0.455,0.07053488812842808,-1.948883711491731,5.777685909947913,0.0746196902444237,0.1472449044466767,0.3373121595509681,0.2643958516994384,0.32662143002475863,0.8089827182758028,12.629476423485656,2.4,3.0000000000000004,1.4483695346435366,2.2,7.8480087792316375,10.048008779231637,11.94641666753175,0.9722222222222222,15.868646850803326,3.7556212104272984,2,0.41043607020959727,219692.68032484112,11.776221875014484,0.9211805555555556,21.61684198487265,0.22743673969326778,299273.2777070287,2,15.6808348083821,0.432221889526919,217092.525983722,2,11.673715903700572,0.8782681571480763,30.77632221839212,0,0.11220486215178713,6.691927304104476,426081.23945724097,11.272651497671188,0.7218140920739304,1.05,425.00000000000006,6.0,950.2452977777045,0.74,865.5840623922783,3200.0,9.0,6.000000000000001,55.0,0.0,0.0,842.0402760594941
4,0.0479397317279625,3.24037034920393,15.000000000000002,0.22742969453968453,0.7,0.12499810039083514,6.621573771052514,2.4,freudenthaler14x8,ag40,ht14,1.1021667854435138,0.34013605442176875,0.2836581045172719,0.40522586359610274,0.22193920279959137,1.387120017497446,0.04,0.44999999999999996,0.21192644314973835,4.635101639736759,2.085101639736759,2.5500000000000003,0.21344,0.1367145489245483,0.127155865889843,0.9184739368143251,0.05308727518413442,0.01120901292390764,0.170021,0.455,0.073927896457759,-1.854346197840993,5.777685909947913,0.07430974695888709,0.1469235760351464,0.3209496374055595,0.2643958516994384,0.32662143002475863,0.8089827182758028,10.191342886730567,2.1999999999999997,2.8000000000000003,1.8843277509883463,2.2,6.866063879070172,9.066063879070171,11.949522917283526,0.9729166666666667,15.800131434330403,3.4959016708602784,2,0.44376941012509463,218744.12209993188,11.777247916916448,0.9215277777777777,21.650988855154907,0.24216899870140124,299746.0223290211,2,15.49447897890493,0.4728463759021196,214512.5321092017,2,11.67357113015757,0.8781462939115334,30.772088215959435,0,0.11988368433258761,6.693368441983937,426022.62202428124,11.272144790270689,0.7215703656008446,1.05,425.00000000000006,6.0,936.9735720490565,0.74,865.4649810738591,3200.0,9.0,6.000000000000001,55.0,0.0,0.0,837.3534935930205
4,0.0479397317279625,3.24037034920393,15.000000000000002,0.22742969453968453,0.7,0.12499810039083514,6.621573771052514,2.4,aeronaut16x8,ag40,ht14,1.1021667854435138,0.34013605442176875,0.2836581045172719,0.40522586359610274,0.22193920279959137,1.387120017497446,0.04,0.44999999999999996,0.21192644314973835,4.635101639736759,2.085101639736759,2.5500000000000003,0.21344,0.1367145489245483,0.127155865889843,0.9184739368143251,0.05308727518413442,0.01120901292390764,0.170021,0.455,0.073927896457759,-1.854346197840993,5.777685909947913,0.07430974695888709,0.1469235760351464,0.3209496374055595,0.2643958516994384,0.32662143002475863,0.8089827182758028,9.41361864059877,1.9999999999999998,2.6,1.8841299341662137,2.2,6.750833804372917,8.950833804372916,11.952629167035301,0.9736111111111111,17.279925241600825,3.3813687616136385,2,0.37298604908263616,239231.05276918944,11.778307292063634,0.921875,21.435154732367188,0.24707043126015513,296757.9177107377,2,15.755009747841719,0.4573373454098677,218119.437188945,2,11.67144882022086,0.876993199242766,30.0382106932528,0,0.12581311079886304,6.419753726902109,415862.491705078,11.267396534531432,0.7192641762633099,1.05,425.00000000000006,6.0,934.5320141537494,0.74,844.8246757477349,3200.0,9.0,6.000000000000001,55.0,0.0,0.0,829.2748414655196
5,0.07359868389968528,3.3541019662496847,15.000000000000002,0.23541209906038227,0.75,0.1339265361330377,5.882556431198768,2.4,aeronaut16x8,ag40,ht14,0.0,0.0,0.0,0.0,0.2297289001798443,1.4358056261240268,0.04,0.44999999999999996,0.21192644314973835,4.411917323399076,1.861917323399076,2.5500000000000003,0.21344,0.14151300251078408,0.127155865889843,0.6854673364977197,0.05811110557682128,0.01120901292390764,0.170021,0.455,0.07247571561591046,-1.954493276277566,5.777690035302219,0.07459916551116401,0.1521151585767329,0.3382828196624312,0.27367570693615667,0.33404899071829597,0.7922753023455473,11.463362652014853,2.1999999999999997,2.8000000000000003,1.4484344109756118,2.2,7.543808336774425,9.743808336774425,11.949522917283526,0.9729166666666667,17.78789077047562,3.55132604869681,2,0.31246117974981075,254906.99766455428,11.777247916916448,0.9215277777777777,21.35917481397042,0.22105989464247439,306084.80761859234,2,15.909884673426935,0.3984233988685984,227994.48161802092,2,11.67063807247371,0.8766299609756975,29.76924843832319,0,0.11380023482244675,6.524707441392696,426604.24667878053,11.265938495799839,0.7185376997291728,1.05,425.00000000000006,6.0,938.2179389386343,0.74,837.2601123278397,3200.0,9.0,6.000000000000001,55.0,0.0,0.0,827.917317943266
5,0.08112644367284877,3.3541019662496847,15.000000000000002,0.23541209906038227,0.75,0.1339265361330377,6.2965139423977625,2.4,aeronaut16x8,ag40,ht14,1.1408510089284642,0.34013605442176875,0.30391939769707704,0.40522586359610274,0.2297289001798443,1.4358056261240268,0.04,0.44999999999999996,0.21192644314973835,4.722385456798322,2.1723854567983216,2.5500000000000003,0.21344,0.14151300251078408,0.127155865889843,0.9959354698969651,0.05811110557682128,0.01120901292390764,0.170021,0.455,0.07602299487504457,-1.859675029340536,5.777690035302219,0.0742903447166775,0.1517918216072759,0.3218717200088184,0.27367570693615667,0.33404899071829597,0.7922753023455473,9.177757435035398,1.9999999999999998,2.6,1.8843781500604129,2.2,6.587012255908553,8.787012255908554,11.952629167035301,0.9736111111111111,18.439401190709216,3.297926595717552,2,0.31246117974981075,264243.3808991854,11.778307292063634,0.921875,21.413116040364024,0.23542535040014878,306857.8051733761,2,15.922346770775034,0.4257932870957828,228173.0680429432,2,11.669595038589849,0.876162651850509,29.759003946587843,0,0.1218922754750288,6.525267012403712,426457.439355498,11.263856743513253,0.7176030814787959,1.05,425.00000000000006,6.0,931.9412645586099,0.74,836.971985997783,3200.0,9.0,6.000000000000001,55.0,0.0,0.0,825.6196376947375
5,0.07359868389968528,3.3541019662496847,15.000000000000002,0.23541209906038227,0.75,0.1339265361330377,5.882556431198768,2.4,freudenthaler14x8,ag40,ht14,0.0,0.0,0.0,0.0,0.2297289001798443,1.4358056261240268,0.04,0.44999999999999996,0.21192644314973835,4.411917323399076,1.861917323399076,2.5500000000000003,0.21344,0.14151300251078408,0.127155865889843,0.6854673364977197,0.05811110557682128,0.01120901292390764,0.170021,0.455,0.07247571561591046,-1.954493276277566,5.777690035302219,0.07459916551116401,0.1521151585767329,0.3382828196624312,0.27367570693615667,0.33404899071829597,0.7922753023455473,12.34270734398656,2.4,3.0000000000000004,1.448666869091308,2.2,7.674625800265577,9.874625800265576,11.94641666753175,0.9722222222222222,16.143744335804307,3.6752285171820844,2,0.3771027307885132,231345.7763375954,11.776221875014484,0.9211805555555556,21.096567900701533,0.22659758847558822,302321.55425195734,2,15.617133071582236,0.413500726963683,223799.24380986087,2,11.67327640610747,0.8778982097250977,30.50076167539458,0,0.10840705076334543,6.815181810918942,437087.0996161984,11.271113256095337,0.7210741972279733,1.05,425.00000000000006,6.0,940.3292310640677,0.74,857.8339221204724,3200.0,9.0,6.000000000000001,55.0,0.0,0.0,835.857103614589
5,0.08112644367284877,3.3541019662496847,15.000000000000002,0.23541209906038227,0.75,0.1339265361330377,6.2965139423977625,2.4,freudenthaler14x8,ag40,ht14,1.1408510089284642,0.34013605442176875,0.30391939769707704,0.40522586359610274,0.2297289001798443,1.4358056261240268,0.04,0.44999999999999996,0.21192644314973835,4.722385456798322,2.1723854567983216,2.5500000000000003,0.21344,0.14151300251078408,0.127155865889843,0.9959354698969651,0.05811110557682128,0.01120901292390764,0.170021,0.455,0.07602299487504457,-1.859675029340536,5.777690035302219,0.0742903447166775,0.1517918216072759,0.3218717200088184,0.27367570693615667,0.33404899071829597,0.7922753023455473,9.924249651062004,2.1999999999999997,2.8000000000000003,1.8845629718135726,2.2,6.691022016436441,8.891022016436441,11.949522917283526,0.9729166666666667,16.03525448198719,3.4152616048343636,2,0.41043607020959727,229791.07694853187,11.777247916916448,0.9215277777777777,21.49081317189411,0.23372613051775618,307971.233560195,2,15.418922912147115,0.45405126729165374,220958.81954033018,2,11.673189435511231,0.8778250021615999,30.502081254455167,0,0.11602565242161661,6.814421672344291,437106.009668034,11.270808859008495,0.7209277821009775,1.05,425.00000000000006,6.0,927.2500270247352,0.74,857.8710352815516,3200.0,9.0,6.000000000000001,55.0,0.0,0.0,831.2923718072005
3,0.05057653724950165,2.598076211353317,15.000000000000014,0.18234942783131824,0.44999999999999996,0.0803559216798226,10.0234461374106,2.4,aeronaut16x8,ag40,ht14,0.0,0.0,0.0,0.0,0.17794724090781663,1.112170255673854,0.04,0.51,0.24312644314973836,4.51055076183477,1.6205507618347696,2.89,0.21344,0.10961550039921504,0.145875865889843,0.48543604769635923,0.029953334925444587,0.01120901292390764,0.170021,0.455,0.055277809426838964,-2.021364359917387,5.777700815805068,0.07535384253008937,0.119076275158906,0.3498561840356784,0.21198829104505526,0.28467461861110066,0.903337090343844,25.62278244260616,3.800000000000001,4.400000000000001,1.4483337745592442,2.2,10.306088471541432,12.506088471541432,11.925245832270148,0.9673611111111111,18.80812407393489,3.5774572298454745,2,0.477102750040592,208774.96049079104,11.769422915707953,0.91875,31.626056586561184,0.17180657128842686,351057.27122936083,0,13.123518126392586,0.9977673932475986,145674.38876771397,8,11.671027220183188,0.8768043103218666,31.396794553075015,0,0.17432482414508638,5.876184623512545,348512.4043518903,11.266638334232596,0.7188863984215108,1.05,481.6666666666667,6.0,780.1082500720808,0.74,883.0348468052348,3200.0,10.2,6.800000000000001,54.333333333333336,0.0,0.0,807.7334172403938
3,0.05057653724950165,2.598076211353317,15.000000000000014,0.18234942783131824,0.44999999999999996,0.0803559216798226,10.0234461374106,2.4,freudenthaler14x8,ag40,ht14,0.0,0.0,0.0,0.0,0.17794724090781663,1.112170255673854,0.04,0.51,0.24312644314973836,4.51055076183477,1.6205507618347696,2.89,0.21344,0.10961550039921504,0.145875865889843,0.48543604769635923,0.029953334925444587,0.01120901292390764,0.170021,0.455,0.055277809426838964,-2.021364359917387,5.777700815805068,0.07535384253008937,0.119076275158906,0.3498561840356784,0.21198829104505526,0.28467461861110066,0.903337090343844,26.68649049863305,4.000000000000001,4.600000000000001,1.4485261689284392,2.2,10.445866124275284,12.645866124275283,11.92223333190054,0.9666666666666667,17.07943449704331,3.6361905993088373,2,0.5759474846091254,189586.06654806426,11.76836458231593,0.9184027777777778,32.16128911526174,0.16613569850128834,356998.4884179322,0,13.167812832876999,0.9910659797217347,146166.07127469245,8,11.672541665717317,0.877494412324603,32.0024942559035,0,0.16778850384388908,6.062375079200517,355235.8250944484,11.269434266295487,0.7202666024269838,1.05,481.6666666666667,6.0,790.1410188933509,0.74,900.0701509472859,3200.0,10.2,6.800000000000001,54.333333333333336,0.0,0.0,817.2072427775563
3,0.05578896613316524,2.598076211353317,15.000000000000014,0.18234942783131824,0.44999999999999996,0.0803559216798226,10.55174404504469,2.4,aeronaut16x8,ag40,ht14,0.8836993916167742,0.34013605442176864,0.18235163861824621,0.40522586359610274,0.17794724090781663,1.112170255673854,0.04,0.51,0.24312644314973836,4.7482848202701105,1.8582848202701103,2.89,0.21344,0.10961550039921504,0.145875865889843,0.7231701061316995,0.029953334925444587,0.01120901292390764,0.170021,0.455,0.05744407841946962,-1.944927866235619,5.777700815805068,0.0750891742047038,0.1188238631861811,0.33662661467606847,0.21198829104505526,0.28467461861110066,0.903337090343844,20.337307285489583,3.400000000000001,4.000000000000001,1.8844049262884064,2.2,9.163437410482793,11.363437410482792,11.931354166786413,0.96875,18.67344887902474,3.376496995140009,2,0.5104014462032026,207280.0315767787,11.771424999236853,0.9194444444444444,20.618338874777105,0.42552952497123453,228868.8051528127,2,15.879042655568076,0.7174446714186471,176261.411824802,4,11.669609157566294,0.8761689775573084,31.36203118967262,0,0.1839198822783293,5.886001514675664,348126.5221771273,11.263884981468506,0.7176157328923944,1.05,481.6666666666667,6.0,928.734913242996,0.74,882.0571272095424,3200.0,10.2,6.800000000000001,54.333333333333336,0.0,0.0,859.4105474917218
3,0.05578896613316524,2.598076211353317,15.000000000000014,0.18234942783131824,0.44999999999999996,0.0803559216798226,10.55174404504469,2.4,freudenthaler14x8,ag40,ht14,0.8836993916167742,0.34013605442176864,0.18235163861824621,0.40522586359610274,0.17794724090781663,1.112170255673854,0.04,0.51,0.24312644314973836,4.7482848202701105,1.8582848202701103,2.89,0.21344,0.10961550039921504,0.145875865889843,0.7231701061316995,0.029953334925444587,0.01120901292390764,0.170021,0.455,0.05744407841946962,-1.944927866235619,5.777700815805068,0.0750891742047038,0.1188238631861811,0.33662661467606847,0.21198829104505526,0.28467461861110066,0.903337090343844,21.222795686037383,3.600000000000001,4.200000000000001,1.88453028697691,2.2,9.254513998937256,11.454513998937255,11.928291666162975,0.9680555555555556,17.347215956453798,3.4286568418075216,2,0.5895639042357068,192558.5088495306,11.770465624081329,0.9190972222222222,20.548349599501602,0.4284332349433,228091.9063976268,2,16.16844904275881,0.6919908000336856,179473.89632426685,4,11.66534856604125,0.874283231788795,31.970785850756258,0,0.17698253935769,6.071520079233605,354883.8537332527,11.256380081688862,0.7138442413553678,1.05,481.6666666666667,6.0,917.9495597810936,0.74,899.1783520525198,3200.0,10.2,6.800000000000001,54.333333333333336,0.0,0.0,861.6281024750981
4,0.02714479263808607,2.7386127875258315,15.000000000000012,0.19221317399182128,0.49999999999999994,0.0892843574220251,9.059943250369034,2.4,aeronaut16x8,ag40,ht14,0.0,0.0,0.0,0.0,0.18757286153712976,1.172330384607061,0.04,0.51,0.24312644314973836,4.529971625184516,1.6399716251845162,2.89,0.21344,0.11554488270687194,0.145875865889843,0.49458456731656963,0.03429629634732338,0.01120901292390764,0.170021,0.455,0.05733395192095843,-2.04016059501083,5.777658215349975,0.07528480522007155,0.1252016624194216,0.3531120254899415,0.22345527899635026,0.2938527519771579,0.8826919690264918,23.40833472438562,3.600000000000001,4.200000000000001,1.448692850072242,2.2,9.911804279029392,12.111804279029393,11.928291666162975,0.9680555555555556,18.539007064251113,3.543701760087408,2,0.44376941012509463,216919.2750252018,11.770465624081329,0.9190972222222222,20.974946942120397,0.35305025754888497,245421.46559458273,2,16.006645316826212,0.6062302887828723,187288.8815284424,2,11.669964282960432,0.8763280839294355,31.08506500370621,0,0.16074397908152036,5.998275267671728,363716.8776809895,11.264595232316168,0.7179339456366488,1.05,481.6666666666667,6.0,939.1090358766112,0.74,874.2674532292372,3200.0,10.2,6.800000000000001,54.333333333333336,0.0,0.0,860.3151045203804
4,0.02714479263808607,2.7386127875258315,15.000000000000012,0.19221317399182128,0.49999999999999994,0.0892843574220251,9.059943250369034,2.4,freudenthaler14x8,ag40,ht14,0.0,0.0,0.0,0.0,0.18757286153712976,1.172330384607061,0.04,0.51,0.24312644314973836,4.529971625184516,1.6399716251845162,2.89,0.21344,0.11554488270687194,0.145875865889843,0.49458456731656963,0.03429629634732338,0.01120901292390764,0.170021,0.455,0.05733395192095843,-2.04016059501083,5.777658215349975,0.07528480522007155,0.1252016624194216,0.3531120254899415,0.22345527899635026,0.2938527519771579,0.8826919690264918,22.450551634840124,3.600000000000001,4.200000000000001,1.4484128580093913,2.2,9.718824252967183,11.918824252967184,11.928291666162975,0.9680555555555556,16.611182560483428,3.61404882985976,2,0.5497931766381932,194362.38768577742,11.770465624081329,0.9190972222222222,21.118554749888986,0.348265044779925,247101.77681304002,2,15.524997690866774,0.6444291633272604,181653.26935791803,4,11.6725537514852,0.8775002005280753,31.739658619636767,0,0.15418203440972952,6.208108103803475,371376.0782040634,11.269458333648513,0.7202781788339283,1.05,481.6666666666667,6.0,928.4175889652253,0.74,892.6778986772841,3200.0,10.2,6.800000000000001,54.333333333333336,0.0,0.0,863.0167540082116
4,0.029116675299233504,2.7386127875258315,15.000000000000012,0.19221317399182128,0.49999999999999994,0.0892843574220251,9.55454062537237,2.4,aeronaut16x8,ag40,ht14,0.9315009481380377,0.34013605442176864,0.20261293179805134,0.40522586359610274,0.18757286153712976,1.172330384607061,0.04,0.51,0.24312644314973836,4.777270312686184,1.887270312686184,2.89,0.21344,0.11554488270687194,0.145875865889843,0.7418832548182375,0.03429629634732338,0.01120901292390764,0.170021,0.455,0.05981783768771465,-1.957537018561956,5.777658215349975,0.07500184915552108,0.1249429574878898,0.33881149517657655,0.22345527899635026,0.2938527519771579,0.8826919690264918,18.35468162997865,3.2000000000000006,3.800000000000001,1.8846501627945047,2.2,8.749328597329697,10.949328597329696,11.93441666740985,0.9694444444444444,18.377293594300127,3.338901519426325,2,0.477102750040592,215027.1149681931,11.772384374392379,0.9197916666666667,21.117391927880846,0.36731786210606143,247088.17098689653,2,15.915645067687985,0.6466572002146843,186224.11533024395,4,11.669054587353687,0.875920514180501,31.05800287393387,0,0.16981480739886684,6.0085093395828295,363400.2319431402,11.262809953690134,0.7171188061387797,1.05,481.6666666666667,6.0,927.6419384160199,0.74,873.5063308293901,3200.0,10.2,6.800000000000001,54.333333333333336,0.0,0.0,856.0352275692269
4,0.029116675299233504,2.7386127875258315,15.000000000000012,0.19221317399182128,0.49999999999999994,0.0892843574220251,9.55454062537237,2.4,freudenthaler14x8,ag40,ht14,0.9315009481380377,0.34013605442176864,0.20261293179805134,0.40522586359610274,0.18757286153712976,1.172330384607061,0.04,0.51,0.24312644314973836,4.777270312686184,1.887270312686184,2.89,0.21344,0.11554488270687194,0.145875865889843,0.7418832548182375,0.03429629634732338,0.01120901292390764,0.170021,0.455,0.05981783768771465,-1.957537018561956,5.777658215349975,0.07500184915552108,0.1249429574878898,0.33881149517657655,0.22345527899635026,0.2938527519771579,0.8826919690264918,17.470032098629034,3.2000000000000006,3.800000000000001,1.8842904798759341,2.2,8.501422930672065,10.701422930672067,11.93441666740985,0.9694444444444444,17.036655396271136,3.4042297279780867,2,0.5532474033807097,199340.71574628912,11.772384374392379,0.9197916666666667,21.74317870264411,0.3464786974165178,254410.311435495,2,18.170521291031402,0.4961212562409553,212607.73522660852,2,11.650493592655911,0.8653327543333467,31.687954479316836,0,0.16313013569939816,6.208577326291909,370771.10380629066,11.223504270124776,0.6959432864444712,1.05,481.6666666666667,6.0,922.0817416797213,0.74,891.223719730786,3200.0,10.2,6.800000000000001,54.333333333333336,0.0,0.0,860.2902448270111
4,0.032355534043562145,2.872281323269015,15.000000000000002,0.20159487761749098,0.5500000000000003,0.09821279316422765,8.325318499831411,2.4,aeronaut16x8,ag40,ht14,0.0,0.0,0.0,0.0,0.1967280768567364,1.2295504803546025,0.04,0.51,0.24312644314973836,4.578925174907279,1.6889251749072787,2.89,0.21344,0.12118449534374963,0.145875865889843,0.5334071338114454,0.038787666938332827,0.01120901292390764,0.170021,0.455,0.059152108119122054,-2.058850701451322,5.777690499833599,0.07524348929882141,0.1309855739057891,0.35634492735646156,0.234361873781702,0.30258234879322476,0.8630557774250732,19.27388262577488,3.2000000000000006,3.800000000000001,1.448359438754561,2.2,9.129048102021184,11.329048102021183,11.93441666740985,0.9694444444444444,18.882040753062316,3.479434140349517,2,0.3936141291243376,231716.49336673715,11.772384374392379,0.9197916666666667,20.886696281669614,0.3271705100991552,256317.21081947282,2,16.135204834100076,0.5482323871594265,198007.89188029544,2,11.669443492446923,0.8760947548276309,30.78408871264736,0,0.15061251149704932,6.118417962306602,377775.9608334883,11.263562673225518,0.7174672874330396,1.05,481.6666666666667,6.0,943.1634256596789,0.74,865.802495043207,3200.0,10.2,6.800000000000001,54.333333333333336,0.0,0.0,858.7714055793433
4,0.032355534043562145,2.872281323269015,15.000000000000002,0.20159487761749098,0.5500000000000003,0.09821279316422765,8.325318499831411,2.4,freudenthaler14x8,ag40,ht14,0.0,0.0,0.0,0.0,0.1967280768567364,1.2295504803546025,0.04,0.51,0.24312644314973836,4.578925174907279,1.6889251749072787,2.89,0.21344,0.12118449534374963,0.145875865889843,0.5334071338114454,0.038787666938332827,0.01120901292390764,0.170021,0.455,0.059152108119122054,-2.058850701451322,5.777690499833599,0.07524348929882141,0.1309855739057891,0.35634492735646156,0.234361873781702,0.30258234879322476,0.8630557774250732,20.212574509786094,3.400000000000001,4.000000000000001,1.4485229380546967,2.2,9.236493098476966,11.436493098476966,11.931354166786413,0.96875,16.66755054327509,3.5642313016523075,2,0.5022039729254232,204540.72816648224,11.771424999236853,0.9194444444444444,20.98001689246518,0.32426642777276715,257462.42202705287,2,15.550074432750257,0.5902672801529774,190827.2927842437,2,11.672411603588465,0.8774321220280317,31.472150722040276,0,0.14409894773597345,6.349140701702518,386219.7153047597,11.269175263210167,0.720142021833841,1.05,481.6666666666667,6.0,928.8031674878429,0.74,885.1542390573828,3200.0,10.2,6.800000000000001,54.333333333333336,0.0,0.0,860.5184256241623
4,0.03475183363534916,2.872281323269015,15.000000000000002,0.20159487761749098,0.5500000000000003,0.09821279316422765,8.798368852764968,2.4,aeronaut16x8,ag40,ht14,0.9769664364860595,0.3401360544217687,0.22287422497785653,0.4052258635961026,0.1967280768567364,1.2295504803546025,0.04,0.51,0.24312644314973836,4.839102869020735,1.9491028690207348,2.89,0.21344,0.12118449534374963,0.145875865889843,0.7935848279249015,0.038787666938332827,0.01120901292390764,0.170021,0.455,0.06189846622833981,-1.972468023794569,5.777690499833599,0.07495083398299264,0.1307215869175061,0.3413938534525824,0.234361873781702,0.30258234879322476,0.8630557774250732,16.337571939392785,3.0000000000000004,3.600000000000001,1.8846952898429892,2.2,8.269430829892011,10.469430829892012,11.937495834691898,0.9701388888888889,18.28960281901422,3.276252715119333,2,0.44376941012509463,224446.21774291215,11.773343749547905,0.9201388888888888,21.01825225438782,0.34144578980613244,257931.63846944858,2,15.740101419293772,0.6088354186288246,193159.26460565662,4,11.669926576617927,0.8763111904054544,30.755788614998615,0,0.1594634762591434,6.1267122801773155,377428.66789651907,11.264519819624851,0.7179001585886864,1.05,481.6666666666667,6.0,922.9282197884305,0.74,865.006554796836,3200.0,10.2,6.800000000000001,54.333333333333336,0.0,0.0,851.4105044381766
4,0.03475183363534916,2.872281323269015,15.000000000000002,0.20159487761749098,0.5500000000000003,0.09821279316422765,8.798368852764968,2.4,freudenthaler14x8,ag40,ht14,0.9769664364860595,0.3401360544217687,0.22287422497785653,0.4052258635961026,0.1967280768567364,1.2295504803546025,0.04,0.51,0.24312644314973836,4.839102869020735,1.9491028690207348,2.89,0.21344,0.12118449534374963,0.145875865889843,0.7935848279249015,0.038787666938332827,0.01120901292390764,0.170021,0.455,0.06189846622833981,-1.972468023794569,5.777690499833599,0.07495083398299264,0.1307215869175061,0.3413938534525824,0.234361873781702,0.30258234879322476,0.8630557774250732,15.503836604812518,3.0000000000000004,3.600000000000001,1.884294931690334,2.2,8.00633196489749,10.20633196489749,11.937495834691898,0.9701388888888889,16.95052556080885,3.349682432018202,2,0.5148759486217026,208013.3389732712,11.773343749547905,0.9201388888888888,20.97490477741337,0.34285853590535215,257399.68720993304,2,15.465312380243413,0.6306633141958613,189787.11043137655,4,11.671800784314653,0.8771508892615779,31.45329893740153,0,0.15246935282299126,6.357842798116637,385988.3701081613,11.268029502409153,0.7195795563009336,1.05,481.6666666666667,6.0,919.2777091881852,0.74,884.6240326144181,3200.0,10.2,6.800000000000001,54.333333333333336,0.0,0.0,856.9989429642445
4,0.03780780663350436,3.0000000000000004,15.0,0.21055898248997165,0.6000000000000001,0.10714122890643019,7.712781946231497,2.4,aeronaut16x8,ag40,ht14,0.0,0.0,0.0,0.0,0.20547577487935823,1.2842235929959889,0.04,0.51,0.24312644314973836,4.627669167738899,1.7376691677388991,2.89,0.21344,0.12657307732568465,0.145875865889843,0.572129686900995,0.043420524698468285,0.01120901292390764,0.170021,0.455,0.06107513355301787,-2.069871361539659,5.777608474600659,0.07519348020477838,0.1365146916724769,0.35825746424998556,0.24478299379982282,0.31092337345953214,0.8442936327406451,18.985267630305536,3.2000000000000006,3.800000000000001,1.4489077213832549,2.2,8.991707102680984,11.191707102680983,11.93441666740985,0.9694444444444444,18.670989999276635,3.421307114210061,2,0.37301299209800665,239314.84744045805,11.772384374392379,0.9197916666666667,21.090894447555115,0.29725820707422024,270331.899234856,2,15.970434293097533,0.5184303257155871,204700.556668852,2,11.669435658516328,0.8760912450018137,30.489455379159992,0,0.14224090826861008,6.235349443213116,390797.6686233036,11.263547510779201,0.7174602677814053,1.05,481.6666666666667,6.0,933.4501989667882,0.74,857.5159325388747,3200.0,10.2,6.800000000000001,54.333333333333336,0.0,0.0,852.4714793603155
4,0.03780780663350436,3.0000000000000004,15.0,0.21055898248997165,0.6000000000000001,0.10714122890643019,7.712781946231497,2.4,freudenthaler14x8,ag40,ht14,0.0,0.0,0.0,0.0,0.20547577487935823,1.2842235929959889,0.04,0.51,0.24312644314973836,4.627669167738899,1.7376691677388991,2.89,0.21344,0.12657307732568465,0.145875865889843,0.572129686900995,0.043420524698468285,0.01120901292390764,0.170021,0.455,0.06107513355301787,-2.069871361539659,5.777608474600659,0.07519348020477838,0.1365146916724769,0.35825746424998556,0.24478299379982282,0.31092337345953214,0.8442936327406451,18.109594696039203,3.2000000000000006,3.800000000000001,1.4485370559393158,2.2,8.758491223464635,10.958491223464634,11.93441666740985,0.9694444444444444,16.308494022164673,3.513644376059937,2,0.4857965702690955,209033.62698224187,11.772384374392379,0.9197916666666667,21.03737131620752,0.29877269565917364,269645.8681238393,2,15.41644073935299,0.5563596365421156,197599.7611136881,2,11.672778974339268,0.877608065888257,31.203654427925905,0,0.13580411549484783,6.485710901466812,399951.893246859,11.26990683787187,0.7204939095542917,1.05,481.6666666666667,6.0,923.533148180135,0.74,877.6027807854159,3200.0,10.2,6.800000000000001,54.333333333333336,0.0,0.0,856.0309084712762
4,0.040681312625089686,3.0000000000000004,15.0,0.21055898248997165,0.6000000000000001,0.10714122890643019,8.167137552003215,2.4,aeronaut16x8,ag40,ht14,1.0204081632653064,0.34013605442176875,0.24313551815766168,0.40522586359610274,0.20547577487935823,1.2842235929959889,0.04,0.51,0.24312644314973836,4.900282531201929,2.0102825312019292,2.89,0.21344,0.12657307732568465,0.145875865889843,0.8447430503640259,0.043420524698468285,0.01120901292390764,0.170021,0.455,0.06406891393364199,-1.980437598418604,5.777608474600659,0.07489335314786845,0.1362453546569013,0.3427780901258612,0.24478299379982282,0.31092337345953214,0.8442936327406451,14.456117404720601,2.8000000000000003,3.400000000000001,1.884648009291713,2.2,7.793968826145356,9.993968826145355,11.940504167955178,0.9708333333333333,18.72279137438792,3.212363542398952,2,0.3936141291243376,239978.80999319057,11.774303124703431,0.9204861111111111,20.95398028478285,0.31889639174987894,268577.0061104126,2,15.82910821997949,0.5588172073919245,202889.1140175028,2,11.669229616038551,0.8759989320563466,30.464606442593016,0,0.15086605117741425,6.241238563471411,390479.1681333021,11.263148718886686,0.717275641890471,1.05,481.6666666666667,6.0,923.489231213199,0.74,856.8170561979287,3200.0,10.2,6.800000000000001,54.333333333333336,0.0,0.0,848.7405339272281
4,0.040681312625089686,3.0000000000000004,15.0,0.21055898248997165,0.6000000000000001,0.10714122890643019,8.167137552003215,2.4,freudenthaler14x8,ag40,ht14,1.0204081632653064,0.34013605442176875,0.24313551815766168,0.40522586359610274,0.20547577487935823,1.2842235929959889,0.04,0.51,0.24312644314973836,4.900282531201929,2.0102825312019292,2.89,0.21344,0.12657307732568465,0.145875865889843,0.8447430503640259,0.043420524698468285,0.01120901292390764,0.170021,0.455,0.06406891393364199,-1.980437598418604,5.777608474600659,0.07489335314786845,0.1362453546569013,0.3427780901258612,0.24478299379982282,0.31092337345953214,0.8442936327406451,15.214517312585125,3.0000000000000004,3.600000000000001,1.884750087163614,2.2,7.858194345500365,10.058194345500365,11.937495834691898,0.9701388888888889,16.533137658929576,3.296448231608884,2,0.5021941625545382,211912.98997600627,11.773343749547905,0.9201388888888888,20.766588579592636,0.324677616750463,266175.11861859023,2,15.246883334328155,0.6023106090242902,195426.46422276317,4,11.672106227386802,0.877287736527088,31.188649096996606,0,0.14394266493595656,6.492005809790989,399759.5628732539,11.268578807456324,0.719853250831954,1.05,481.6666666666667,6.0,908.143434583341,0.74,877.1807558530295,3200.0,10.2,6.800000000000001,54.333333333333336,0.0,0.0,850.4967999860631
4,0.043380238789023466,3.1224989991992,15.00000000000001,0.21915673736577937,0.6499999999999999,0.11606966464863261,7.1940768659889445,2.4,aeronaut16x8,ag40,ht14,0.0,0.0,0.0,0.0,0.21386596714015865,1.3366622946259916,0.04,0.51,0.24312644314973836,4.676149962892813,1.786149962892813,2.89,0.21344,0.13174143575833772,0.145875865889843,0.6106738134309281,0.0481888348897958,0.01120901292390764,0.170021,0.455,0.06309837046149086,-2.074990273820565,5.777623088296989,0.07513875937242032,0.1418096806871419,0.35914254739524537,0.2547782177203101,0.3189235125157066,0.8262982697639831,16.965435589028083,3.0000000000000004,3.600000000000001,1.448875947331526,2.2,8.533437022709595,10.733437022709595,11.937495834691898,0.9701388888888889,17.926673210301065,3.364153254468442,2,0.3771027307885132,239156.97535182486,11.773343749547905,0.9201388888888888,21.38089796148911,0.2697962998087983,285239.2536411868,2,15.677863532337788,0.5017808828371491,209155.95316469835,2,11.670177323194842,0.876423532070778,30.206212974567386,0,0.13517466769929068,6.350092709166532,402976.41659912106,11.265021312820615,0.718124841919334,1.05,481.6666666666667,6.0,921.1907867149162,0.74,849.5497399097077,3200.0,10.2,6.800000000000001,54.333333333333336,0.0,0.0,845.3925176519518
4,0.043380238789023466,3.1224989991992,15.00000000000001,0.21915673736577937,0.6499999999999999,0.11606966464863261,7.1940768659889445,2.4,freudenthaler14x8,ag40,ht14,0.0,0.0,0.0,0.0,0.21386596714015865,1.3366622946259916,0.04,0.51,0.24312644314973836,4.676149962892813,1.786149962892813,2.89,0.21344,0.13174143575833772,0.145875865889843,0.6106738134309281,0.0481888348897958,0.01120901292390764,0.170021,0.455,0.06309837046149086,-2.074990273820565,5.777623088296989,0.07513875937242032,0.1418096806871419,0.35914254739524537,0.2547782177203101,0.3189235125157066,0.8262982697639831,17.828279197158228,3.2000000000000006,3.800000000000001,1.449021895259182,2.2,8.621662272584585,10.821662272584586,11.93441666740985,0.9694444444444444,16.489056664658595,3.4626624169768427,2,0.44376941012509463,219977.95531067037,11.772384374392379,0.9197916666666667,21.056452963879245,0.2781745805476248,280910.88309601403,2,15.382406426859585,0.5212418855131854,205214.30560614474,2,11.67229382565743,0.8773757149684325,30.93670430166225,0,0.12886642435374387,6.614570251322512,412721.78844024776,11.268940722627214,0.7200292077146426,1.05,481.6666666666667,6.0,917.8259582945437,0.74,870.0948084842507,3200.0,10.2,6.800000000000001,54.333333333333336,0.0,0.0,851.4056017059114
4,0.04677019031040648,3.1224989991992,15.00000000000001,0.21915673736577937,0.6499999999999999,0.11606966464863261,7.632004142955691,2.4,aeronaut16x8,ag40,ht14,1.0620744895235372,0.34013605442176864,0.26339681133746673,0.40522586359610274,0.21386596714015865,1.3366622946259916,0.04,0.51,0.24312644314973836,4.960802692921199,2.0708026929211987,2.89,0.21344,0.13174143575833772,0.145875865889843,0.8953265434593145,0.0481888348897958,0.01120901292390764,0.170021,0.455,0.06632453791096676,-1.982892601908626,5.777623088296989,0.0748321964003225,0.1415361807706962,0.3432021389427643,0.2547782177203101,0.3189235125157066,0.8262982697639831,12.705778040508719,2.6,3.2000000000000006,1.8845160979564026,2.2,7.322154507898132,9.522154507898133,11.943460417719464,0.9715277777777778,18.59534007031059,3.152057064536237,2,0.37301299209800665,248077.55653729488,11.775262499858957,0.9208333333333334,21.011071651207832,0.29638415835781473,280305.4580208387,2,15.743011729193034,0.52792928856414,210025.08518527722,2,11.669184922126039,0.8759789079003905,30.18137018195632,0,0.14363936957631782,6.353213569865486,402644.9927442621,11.263062214539877,0.7172355935785587,1.05,481.6666666666667,6.0,918.103116330221,0.74,848.8510363675215,3200.0,10.2,6.800000000000001,54.333333333333336,0.0,0.0,844.0672867775434
4,0.04677019031040648,3.1224989991992,15.00000000000001,0.21915673736577937,0.6499999999999999,0.11606966464863261,7.632004142955691,2.4,freudenthaler14x8,ag40,ht14,1.0620744895235372,0.34013605442176864,0.26339681133746673,0.40522586359610274,0.21386596714015865,1.3366622946259916,0.04,0.51,0.24312644314973836,4.960802692921199,2.0708026929211987,2.89,0.21344,0.13174143575833772,0.145875865889843,0.8953265434593145,0.0481888348897958,0.01120901292390764,0.170021,0.455,0.06632453791096676,-1.982892601908626,5.777623088296989,0.0748321964003225,0.1415361807706962,0.3432021389427643,0.2547782177203101,0.3189235125157066,0.8262982697639831,13.425671912445255,2.8000000000000003,3.400000000000001,1.8846144558023497,2.2,7.381611642200789,9.581611642200789,11.940504167955178,0.9708333333333333,16.210239592916647,3.2440751420923624,2,0.4880969201154576,216258.29986919442,11.774303124703431,0.9204861111111111,20.957210072295176,0.2979095744458582,279586.8990250165,2,15.133179249367608,0.5713352793477834,201889.40436846254,2,11.67242861969385,0.8774402715044419,30.92366830306202,0,0.13682623666767973,6.620762615157978,412547.87719863874,11.26920914873729,0.7201583207866616,1.05,481.6666666666667,6.0,903.7487029287796,0.74,869.7281710236193,3200.0,10.2,6.800000000000001,54.333333333333336,0.0,0.0,846.3502392166731
4,0.049101444691112495,3.24037034920393,15.000000000000002,0.22742969453968453,0.7,0.12499810039083514,6.749226340944254,2.4,aeronaut16x8,ag40,ht14,0.0,0.0,0.0,0.0,0.22193920279959137,1.387120017497446,0.04,0.51,0.24312644314973836,4.724458438660978,1.834458438660978,2.89,0.21344,0.1367145489245483,0.145875865889843,0.6491107357385446,0.05308727518413442,0.01120901292390764,0.170021,0.455,0.06521586190806143,-2.075062562720589,5.777685909947913,0.0750775246122215,0.1469017469822962,0.3591511541234501,0.2643958516994384,0.32662143002475863,0.8089827182758028,15.069020027697432,2.8000000000000003,3.400000000000001,1.4487595253530396,2.2,8.075181868470505,10.275181868470504,11.940504167955178,0.9708333333333333,17.563812796440573,3.3031118512399376,2,0.36852306750568586,243161.31969238663,11.774303124703431,0.9204861111111111,21.311448358416364,0.2547656418506779,295045.27106089756,2,15.493523384901726,0.4820214957025001,214499.30243625984,2,11.670409654802043,0.8765276233009809,29.93064310320656,0,0.1291619797677697,6.459457638089731,414373.27763436816,11.265485976073869,0.7183330243797396,1.05,481.6666666666667,6.0,911.6507287227164,0.74,841.7993372776843,3200.0,10.2,6.800000000000001,54.333333333333336,0.0,0.0,839.3408564334737
4,0.049101444691112495,3.24037034920393,15.000000000000002,0.22742969453968453,0.7,0.12499810039083514,6.749226340944254,2.4,freudenthaler14x8,ag40,ht14,0.0,0.0,0.0,0.0,0.22193920279959137,1.387120017497446,0.04,0.51,0.24312644314973836,4.724458438660978,1.834458438660978,2.89,0.21344,0.1367145489245483,0.145875865889843,0.6491107357385446,0.05308727518413442,0.01120901292390764,0.170021,0.455,0.06521586190806143,-2.075062562720589,5.777685909947913,0.0750775246122215,0.1469017469822962,0.3591511541234501,0.2643958516994384,0.32662143002475863,0.8089827182758028,15.889700154697708,3.0000000000000004,3.600000000000001,1.448898870377027,2.2,8.156351595845784,10.356351595845783,11.937495834691898,0.9701388888888889,15.964499142704952,3.4144920869733055,2,0.44376941012509463,221019.70254174052,11.773343749547905,0.9201388888888888,20.99733963793052,0.26244496405433937,290696.60873538564,2,15.18419600088225,0.501860699702256,210216.83508210923,2,11.672891046504516,0.8776617403011887,30.672664813970055,0,0.1229882926154922,6.737756034668431,424646.1597540307,11.270130016108567,0.7206012583801551,1.05,481.6666666666667,6.0,910.3254682920212,0.74,862.6686978929079,3200.0,10.2,6.800000000000001,54.333333333333336,0.0,0.0,846.1812914980586
4,0.053038979259755266,3.24037034920393,15.000000000000002,0.22742969453968453,0.7,0.12499810039083514,7.172565255792341,2.4,aeronaut16x8,ag40,ht14,1.1021667854435138,0.34013605442176875,0.2836581045172719,0.40522586359610274,0.22193920279959137,1.387120017497446,0.04,0.51,0.24312644314973836,5.020795679054638,2.130795679054638,2.89,0.21344,0.1367145489245483,0.145875865889843,0.9454479761322044,0.05308727518413442,0.01120901292390764,0.170021,0.455,0.06865946710129014,-1.980648254909473,5.777685909947913,0.07476544415100893,0.146625268385128,0.34280995640473105,0.2643958516994384,0.32662143002475863,0.8089827182758028,12.487155522412586,2.6,3.2000000000000006,1.8848974449035798,2.2,7.197915698845836,9.397915698845836,11.943460417719464,0.9715277777777778,18.023404763158823,3.095524141157354,2,0.37301299209800665,249524.1174768106,11.775262499858957,0.9208333333333334,20.797035152666552,0.2843049711240648,287923.5033999108,2,15.467609066711061,0.5139737407532293,214140.53296614526,2,11.669523079028304,0.8761304119009974,29.90893037275185,0,0.13746291266612,6.462908745933888,414072.6768335806,11.263716711770138,0.7175386015797726,1.05,481.6666666666667,6.0,903.7117024259167,0.74,841.1886667336458,3200.0,10.2,6.800000000000001,54.333333333333336,0.0,0.0,836.3484625391802
4,0.053038979259755266,3.24037034920393,15.000000000000002,0.22742969453968453,0.7,0.12499810039083514,7.172565255792341,2.4,freudenthaler14x8,ag40,ht14,1.1021667854435138,0.34013605442176875,0.2836581045172719,0.40522586359610274,0.22193920279959137,1.387120017497446,0.04,0.51,0.24312644314973836,5.020795679054638,2.130795679054638,2.89,0.21344,0.1367145489245483,0.145875865889843,0.9454479761322044,0.05308727518413442,0.01120901292390764,0.170021,0.455,0.06865946710129014,-1.980648254909473,5.777685909947913,0.07476544415100893,0.146625268385128,0.34280995640473105,0.2643958516994384,0.32662143002475863,0.8089827182758028,13.182673054901695,2.8000000000000003,3.400000000000001,1.8849857462443935,2.2,7.2493520225525145,9.449352022552514,11.940504167955178,0.9708333333333333,16.49164013989336,3.191360699638938,2,0.44376941012509463,228317.67946883864,11.774303124703431,0.9204861111111111,20.9879485011476,0.2791562306052585,290566.5936162306,2,15.12798006703021,0.5373106119992347,209438.55642350428,2,11.67180371478723,0.8771522021974256,30.660546609803255,0,0.13080595595696176,6.741761442128771,424478.38988813356,11.268034772534829,0.719582182172629,1.05,481.6666666666667,6.0,898.9781343762786,0.74,862.3278734007165,3200.0,10.2,6.800000000000001,54.333333333333336,0.0,0.0,842.0904360552818
5,0.0831435760479228,3.3541019662496847,15.000000000000002,0.23541209906038227,0.75,0.1339265361330377,6.403391180647421,2.4,aeronaut16x8,ag40,ht14,0.0,0.0,0.0,0.0,0.2297289001798443,1.4358056261240268,0.04,0.51,0.24312644314973836,4.802543385485565,1.9125433854855651,2.89,0.21344,0.14151300251078408,0.145875865889843,0.7173733985842087,0.05811110557682128,0.01120901292390764,0.170021,0.455,0.06702920000891212,-2.080088017538969,5.777690035302219,0.0750499187649476,0.1517824732578069,0.3600207011503628,0.27367570693615667,0.33404899071829597,0.7922753023455473,14.736071704610533,2.8000000000000003,3.400000000000001,1.4490719771047371,2.2,7.902603225781441,10.10260322578144,11.940504167955178,0.9708333333333333,17.67002781860917,3.227774225026998,2,0.3457945177176923,253217.9783432739,11.774303124703431,0.9204861111111111,21.250244948918606,0.24310559252856462,304523.8027071809,2,15.380879960439804,0.46404539276096923,220413.6500917914,2,11.669937658064317,0.876316155211582,29.65894506039547,0,0.12479909372499232,6.5643703965761855,425023.5588241822,11.264541982519486,0.7179100882009419,1.05,481.6666666666667,6.0,901.6900217681614,0.74,834.1578298236226,3200.0,10.2,6.800000000000001,54.333333333333336,0.0,0.0,833.1800813904578
5,0.0831435760479228,3.3541019662496847,15.000000000000002,0.23541209906038227,0.75,0.1339265361330377,6.403391180647421,2.4,freudenthaler14x8,ag40,ht14,0.0,0.0,0.0,0.0,0.2297289001798443,1.4358056261240268,0.04,0.51,0.24312644314973836,4.802543385485565,1.9125433854855651,2.89,0.21344,0.14151300251078408,0.145875865889843,0.7173733985842087,0.05811110557682128,0.01120901292390764,0.170021,0.455,0.06702920000891212,-2.080088017538969,5.777690035302219,0.0750499187649476,0.1517824732578069,0.3600207011503628,0.27367570693615667,0.33404899071829597,0.7922753023455473,15.521127050154954,3.0000000000000004,3.600000000000001,1.4491963714547844,2.2,7.972607033981792,10.172607033981791,11.937495834691898,0.9701388888888889,16.1816598706325,3.342471512014369,2,0.41043607020959727,231889.1198555319,11.773343749547905,0.9201388888888888,20.727675054804855,0.2555180869941596,297035.18449509266,2,15.131715512342327,0.47945350227417444,216843.03218049335,2,11.672273665147841,0.8773660595511921,30.40580534116393,0,0.11874348996136519,6.855172913870515,435726.34052562976,11.26890057539734,0.7200098968801619,1.05,481.6666666666667,6.0,902.4037012952092,0.74,855.1632752202355,3200.0,10.2,6.800000000000001,54.333333333333336,0.0,0.0,840.7817751137391
5,0.09129567321359937,3.3541019662496847,15.000000000000002,0.23541209906038227,0.75,0.1339265361330377,6.8188697127642515,2.4,aeronaut16x8,ag40,ht14,1.1408510089284642,0.34013605442176875,0.30391939769707704,0.40522586359610274,0.2297289001798443,1.4358056261240268,0.04,0.51,0.24312644314973836,5.114152284573189,2.2241522845731887,2.89,0.21344,0.14151300251078408,0.145875865889843,1.0289822976718324,0.05811110557682128,0.01120901292390764,0.170021,0.455,0.0706275820723154,-1.984899371753117,5.777690035302219,0.07473736183546621,0.1515040445142207,0.34354549303012083,0.27367570693615667,0.33404899071829597,0.7922753023455473,12.169543315062546,2.6,3.2000000000000006,1.885149520649102,2.2,7.021106559399283,9.221106559399283,11.943460417719464,0.9715277777777778,17.476886274405874,3.012216538124684,2,0.3771027307885132,250450.18918870616,11.775262499858957,0.9208333333333334,20.707603925718367,0.2726248818463788,296747.5578550828,2,15.147493802176113,0.5094993364138906,217069.14085980272,2,11.669838260795425,0.8762716223814497,29.641008073068157,0,0.1330574666205985,6.567436948082978,424766.51521818363,11.264343187965078,0.7178210225406774,1.05,481.6666666666667,6.0,886.5968523885363,0.74,833.6533520550419,3200.0,10.2,6.800000000000001,54.333333333333336,0.0,0.0,827.7209048885858
5,0.09129567321359937,3.3541019662496847,15.000000000000002,0.23541209906038227,0.75,0.1339265361330377,6.8188697127642515,2.4,freudenthaler14x8,ag40,ht14,1.1408510089284642,0.34013605442176875,0.30391939769707704,0.40522586359610274,0.2297289001798443,1.4358056261240268,0.04,0.51,0.24312644314973836,5.114152284573189,2.2241522845731887,2.89,0.21344,0.14151300251078408,0.145875865889843,1.0289822976718324,0.05811110557682128,0.01120901292390764,0.170021,0.455,0.0706275820723154,-1.984899371753117,5.777690035302219,0.07473736183546621,0.1515040445142207,0.34354549303012083,0.27367570693615667,0.33404899071829597,0.7922753023455473,12.830248494585453,2.8000000000000003,3.400000000000001,1.8852211967530503,2.2,7.0614427983960395,9.26144279839604,11.940504167955178,0.9708333333333333,16.07904312461286,3.1197596308149413,2,0.44376941012509463,230418.58425490916,11.774303124703431,0.9204861111111111,20.867281488733674,0.26846856451536366,299035.79588778893,2,14.879441165612711,0.528021915951883,213227.84828137874,2,11.672074192607354,0.8772733840261857,30.398233141302754,0,0.12651106349952404,6.858266513643416,435617.8281248491,11.268521196504759,0.7198245458301492,1.05,481.6666666666667,6.0,885.8053995879036,0.74,854.9503070991399,3200.0,10.2,6.800000000000001,54.333333333333336,0.0,0.0,834.8978306737986
3,0.05942164107618526,2.598076211353317,15.000000000000014,0.18234942783131824,0.44999999999999996,0.0803559216798226,10.882484890277977,2.4,aeronaut16x8,ag40,ht14,0.0,0.0,0.0,0.0,0.17794724090781663,1.112170255673854,0.04,0.5700000000000001,0.27432644314973836,4.89711820062509,1.6671182006250893,3.2300000000000004,0.21344,0.10961550039921504,0.164595865889843,0.5132834864866785,0.029953334925444587,0.01120901292390764,0.170021,0.455,0.05142110086687719,-2.133120215332355,5.777700815805068,0.07579435959379323,0.1187434014128603,0.36919880127699634,0.21198829104505526,0.28467461861110066,0.903337090343844,33.35396576812745,4.800000000000002,5.400000000000002,1.4489483747786362,2.2,10.75260557282521,12.95260557282521,11.91073333270684,0.9638888888888889,18.858273648544827,3.241162139512991,2,0.5169461464053244,209331.63352296915,11.764339582250066,0.9170138888888889,21.72885062345567,0.3951548905686126,241195.76798778411,2,17.503580977210046,0.6089575983204647,194294.20034657724,4,11.65156701615107,0.8659117314538931,31.17108000250941,0,0.1920158903430732,5.939313240000147,346006.91543703154,11.225954592304438,0.6971012406855639,1.05,538.3333333333335,6.0,892.4133255343055,0.74,876.6866250705772,3200.0,11.4,7.600000000000001,53.66666666666667,0.0,0.0,863.9516493783756
3,0.05942164107618526,2.598076211353317,15.000000000000014,0.18234942783131824,0.44999999999999996,0.0803559216798226,10.882484890277977,2.4,freudenthaler14x8,ag40,ht14,0.0,0.0,0.0,0.0,0.17794724090781663,1.112170255673854,0.04,0.5700000000000001,0.27432644314973836,4.89711820062509,1.6671182006250893,3.2300000000000004,0.21344,0.10961550039921504,0.164595865889843,0.5132834864866785,0.029953334925444587,0.01120901292390764,0.170021,0.455,0.05142110086687719,-2.133120215332355,5.777700815805068,0.07579435959379323,0.1187434014128603,0.36919880127699634,0.21198829104505526,0.28467461861110066,0.903337090343844,34.29026322003674,5.000000000000002,5.600000000000002,1.449108201831963,2.2,10.8687225384663,13.0687225384663,11.90768333295101,0.9631944444444445,16.69864275004365,3.2948306487737318,4,0.6562305898749053,185359.1813136539,11.7633333322816,0.9166666666666666,20.943189744568464,0.4253585972526085,232474.73242336273,2,18.000837051251626,0.5757785329780137,199813.86923028628,2,11.645411065869949,0.8626131478452785,31.809927763764026,0,0.18438071900428615,6.136077504804749,353098.28805831284,11.21357575499007,0.6905040734683348,1.05,538.3333333333335,6.0,879.1537086397166,0.74,894.6542183558632,3200.0,11.4,7.600000000000001,53.66666666666667,0.0,0.0,865.5994411151197
3,0.06610776005890574,2.598076211353317,15.000000000000014,0.18234942783131824,0.44999999999999996,0.0803559216798226,11.415364903301208,2.4,aeronaut16x8,ag40,ht14,0.8836993916167742,0.34013605442176864,0.18235163861824621,0.40522586359610274,0.17794724090781663,1.112170255673854,0.04,0.5700000000000001,0.27432644314973836,5.136914206485543,1.9069142064855429,3.2300000000000004,0.21344,0.10961550039921504,0.164595865889843,0.7530794923471321,0.029953334925444587,0.01120901292390764,0.170021,0.455,0.053587586874799684,-2.057402078983111,5.777700815805068,0.07552986694558503,0.1185236615139866,0.3560935646503238,0.21198829104505526,0.28467461861110066,0.903337090343844,25.591617008232816,4.200000000000001,4.800000000000002,1.8848604599683771,2.2,9.494390071903657,11.694390071903658,11.91953333211552,0.9659722222222222,18.38776004395285,3.063861305832816,2,0.570864187601945,204108.81285127846,11.767358332299464,0.9180555555555555,23.40330230763427,0.3573125831978246,259782.6075276505,2,19.944396593109904,0.491995117410366,221387.8744297357,2,11.61890797984351,0.8518090718721107,31.096088367047567,0,0.20239094223433074,5.939142620569679,345174.48921158025,11.178824346563559,0.6688959215219993,1.05,538.3333333333335,6.0,893.1028823182465,0.74,874.5774853232128,3200.0,11.4,7.600000000000001,53.66666666666667,0.0,0.0,863.4547953411774
3,0.06610776005890574,2.598076211353317,15.000000000000014,0.18234942783131824,0.44999999999999996,0.0803559216798226,11.415364903301208,2.4,freudenthaler14x8,ag40,ht14,0.8836993916167742,0.34013605442176864,0.18235163861824621,0.40522586359610274,0.17794724090781663,1.112170255673854,0.04,0.5700000000000001,0.27432644314973836,5.136914206485543,1.9069142064855429,3.2300000000000004,0.21344,0.10961550039921504,0.164595865889843,0.7530794923471321,0.029953334925444587,0.01120901292390764,0.170021,0.455,0.053587586874799684,-2.057402078983111,5.777700815805068,0.07552986694558503,0.1185236615139866,0.3560935646503238,0.21198829104505526,0.28467461861110066,0.903337090343844,26.33192903460186,4.400000000000001,5.000000000000002,1.8849335265405345,2.2,9.547474130403831,11.74747413040383,11.9168333322185,0.9652777777777778,17.127143977160575,3.119480704599544,4,0.6562305898749053,190115.65391081048,11.766352082282998,0.9177083333333333,27.060497035271396,0.26725821120891147,300378.39909985225,2,21.025537803304246,0.44269882504704366,233388.81681803564,2,11.584480223939124,0.83826494642421,31.73178039107634,0,0.19436305464546266,6.133580276230365,352230.8323470896,11.13503460207117,0.6418076706261977,1.05,538.3333333333335,6.0,888.0485778049762,0.74,892.4563234990221,3200.0,11.4,7.600000000000001,53.66666666666667,0.0,0.0,867.9433821230662
4,0.030212150055179667,2.7386127875258315,15.000000000000012,0.19221317399182128,0.49999999999999994,0.0892843574220251,9.822134019818593,2.4,aeronaut16x8,ag40,ht14,0.0,0.0,0.0,0.0,0.18757286153712976,1.172330384607061,0.04,0.5700000000000001,0.27432644314973836,4.911067009909296,1.6810670099092953,3.2300000000000004,0.21344,0.11554488270687194,0.164595865889843,0.5169599520413495,0.03429629634732338,0.01120901292390764,0.170021,0.455,0.053406047457156915,-2.148308005361264,5.777658215349975,0.07570213177087518,0.124879489249716,0.3718302338573229,0.22345527899635026,0.2938527519771579,0.8826919690264918,28.962580280178415,4.400000000000001,5.000000000000002,1.4490803971795445,2.2,10.17891488961655,12.37891488961655,11.9168333322185,0.9652777777777778,18.64773140762008,3.2202599557126184,2,0.477102750040592,218191.4254515677,11.766352082282998,0.9177083333333333,22.9841530879779,0.3187584023807922,268930.5747407793,2,19.243435075628753,0.4547298407610062,225161.57263078043,2,11.62976611600624,0.8563912485647077,30.855455147588223,0,0.17687022922006163,6.051342426308215,361030.2826894057,11.195370907941442,0.6780602749071931,1.05,538.3333333333335,6.0,895.6238959954849,0.74,867.8096760259187,3200.0,11.4,7.600000000000001,53.66666666666667,0.0,0.0,861.9684168741579
4,0.030212150055179667,2.7386127875258315,15.000000000000012,0.19221317399182128,0.49999999999999994,0.0892843574220251,9.822134019818593,2.4,freudenthaler14x8,ag40,ht14,0.0,0.0,0.0,0.0,0.18757286153712976,1.172330384607061,0.04,0.5700000000000001,0.27432644314973836,4.911067009909296,1.6810670099092953,3.2300000000000004,0.21344,0.11554488270687194,0.164595865889843,0.5169599520413495,0.03429629634732338,0.01120901292390764,0.170021,0.455,0.053406047457156915,-2.148308005361264,5.777658215349975,0.07570213177087518,0.124879489249716,0.3718302338573229,0.22345527899635026,0.2938527519771579,0.8826919690264918,29.839706739110063,4.600000000000001,5.200000000000002,1.449214039203969,2.2,10.271025505517082,12.471025505517083,11.91378333246267,0.9645833333333333,16.925486241936895,3.283909005399525,2,0.576892533090366,198039.95933146207,11.765345832266531,0.9173611111111111,31.76534657461552,0.16688275343877287,371676.6451412008,0,13.027850697943748,0.9921403375605732,152434.9129778318,8,11.67169051597919,0.8771014858815172,31.58709896303453,0,0.16877152344727844,6.286030356709935,369591.0241289687,11.267831197197035,0.719480749540812,1.05,538.3333333333335,6.0,777.4571544391182,0.74,888.3871583353462,3200.0,11.4,7.600000000000001,53.66666666666667,0.0,0.0,827.8121761377292
4,0.03229679449848246,2.7386127875258315,15.000000000000012,0.19221317399182128,0.49999999999999994,0.0892843574220251,10.317936373302247,2.4,aeronaut16x8,ag40,ht14,0.9315009481380377,0.34013605442176864,0.20261293179805134,0.40522586359610274,0.18757286153712976,1.172330384607061,0.04,0.5700000000000001,0.27432644314973836,5.158968186651123,1.9289681866511224,3.2300000000000004,0.21344,0.11554488270687194,0.164595865889843,0.7648611287831762,0.03429629634732338,0.01120901292390764,0.170021,0.455,0.05589365457687049,-2.067001711530483,5.777658215349975,0.07542157635466479,0.1246546074178876,0.35775769948435354,0.22345527899635026,0.2938527519771579,0.8826919690264918,21.726493732349883,3.800000000000001,4.400000000000001,1.8848356112422175,2.2,8.877145957252226,11.077145957252228,11.925245832270148,0.9673611111111111,18.476364706894664,3.0445307346188146,2,0.5112028566959782,216186.31588146035,11.769422915707953,0.91875,29.34039855312022,0.20548192457793996,343303.0669353388,0,13.262228573639728,1.005709668289987,155177.29711424847,8,11.66906446191986,0.8759249382696428,30.872005386917724,0,0.18559914014499276,6.078540881138174,361223.9319989079,11.262829065753698,0.7171276543170633,1.05,538.3333333333335,6.0,777.5169429226557,0.74,868.2751515070611,3200.0,11.4,7.600000000000001,53.66666666666667,0.0,0.0,820.7938997170677
4,0.03229679449848246,2.7386127875258315,15.000000000000012,0.19221317399182128,0.49999999999999994,0.0892843574220251,10.317936373302247,2.4,freudenthaler14x8,ag40,ht14,0.9315009481380377,0.34013605442176864,0.20261293179805134,0.40522586359610274,0.18757286153712976,1.172330384607061,0.04,0.5700000000000001,0.27432644314973836,5.158968186651123,1.9289681866511224,3.2300000000000004,0.21344,0.11554488270687194,0.164595865889843,0.7648611287831762,0.03429629634732338,0.01120901292390764,0.170021,0.455,0.05589365457687049,-2.067001711530483,5.777658215349975,0.07542157635466479,0.1246546074178876,0.35775769948435354,0.22345527899635026,0.2938527519771579,0.8826919690264918,22.431591025155385,4.000000000000001,4.600000000000001,1.8848918071524285,2.2,8.915878084537212,11.115878084537211,11.92223333190054,0.9666666666666667,16.707640985216788,3.1021163943436365,4,0.6228972468080994,195491.01833415663,11.76836458231593,0.9184027777777778,21.27318567720705,0.3908774182210024,248911.06619591042,2,14.407831670393096,0.8521349748578059,168581.65002015771,6,11.670728360892968,0.8766704127796797,31.56083323332206,0,0.17758599857052718,6.297596921051377,369283.6968256514,11.266100869377503,0.7186186033371371,1.05,538.3333333333335,6.0,848.599424025948,0.74,887.648434687183,3200.0,11.4,7.600000000000001,53.66666666666667,0.0,0.0,852.4534172162624
4,0.035904201507522396,2.872281323269015,15.000000000000002,0.20159487761749098,0.5500000000000003,0.09821279316422765,9.020347829774785,2.4,aeronaut16x8,ag40,ht14,0.0,0.0,0.0,0.0,0.1967280768567364,1.2295504803546025,0.04,0.5700000000000001,0.27432644314973836,4.961191306376135,1.7311913063761342,3.2300000000000004,0.21344,0.12118449534374963,0.164595865889843,0.5569532652803012,0.038787666938332827,0.01120901292390764,0.170021,0.455,0.05513051778245788,-2.165101596608809,5.777690499833599,0.07564599761975269,0.1306727849368083,0.37473478315793574,0.234361873781702,0.30258234879322476,0.8630557774250732,26.549149888162216,4.200000000000001,4.800000000000002,1.449335859110064,2.2,9.770711286813562,11.970711286813561,11.91953333211552,0.9659722222222222,18.53198028757407,3.1701967625665195,2,0.44376941012509463,227420.62383705674,11.767358332299464,0.9180555555555555,21.68684033554959,0.3288088645854009,266136.4129268109,2,18.671497385712268,0.443585953373433,229132.74876931772,2,11.638210873739025,0.8596652801798353,30.56672693974204,0,0.16551532342781866,6.167544050071035,375108.54217528907,11.198875400986081,0.6846083381374485,1.05,538.3333333333335,6.0,888.3332927978055,0.74,859.6891951802448,3200.0,11.4,7.600000000000001,53.66666666666667,0.0,0.0,856.5745374589843
4,0.035904201507522396,2.872281323269015,15.000000000000002,0.20159487761749098,0.5500000000000003,0.09821279316422765,9.020347829774785,2.4,freudenthaler14x8,ag40,ht14,0.0,0.0,0.0,0.0,0.1967280768567364,1.2295504803546025,0.04,0.5700000000000001,0.27432644314973836,4.961191306376135,1.7311913063761342,3.2300000000000004,0.21344,0.12118449534374963,0.164595865889843,0.5569532652803012,0.038787666938332827,0.01120901292390764,0.170021,0.455,0.05513051778245788,-2.165101596608809,5.777690499833599,0.07564599761975269,0.1306727849368083,0.37473478315793574,0.234361873781702,0.30258234879322476,0.8630557774250732,27.37278556084592,4.400000000000001,5.000000000000002,1.449448558902475,2.2,9.844772942038555,12.044772942038556,11.9168333322185,0.9652777777777778,16.841120367384583,3.24302972010588,2,0.5352707353855789,206670.74109903086,11.766352082282998,0.9177083333333333,22.351043493172043,0.30955688965254763,274287.37651068246,2,18.879510653565397,0.4338649978722834,231685.44450973265,2,11.631591297996206,0.8571129489694406,31.2776242413719,0,0.15807695655566598,6.405052197783391,383832.5266233594,11.196176316760774,0.6795036757166588,1.05,538.3333333333335,6.0,879.3349765926114,0.74,879.6831817885846,3200.0,11.4,7.600000000000001,53.66666666666667,0.0,0.0,860.4230221000853
4,0.038427172229922715,2.872281323269015,15.000000000000002,0.20159487761749098,0.5500000000000003,0.09821279316422765,9.494522432576304,2.4,aeronaut16x8,ag40,ht14,0.9769664364860595,0.3401360544217687,0.22287422497785653,0.4052258635961026,0.1967280768567364,1.2295504803546025,0.04,0.5700000000000001,0.27432644314973836,5.2219873379169695,1.991987337916969,3.2300000000000004,0.21344,0.12118449534374963,0.164595865889843,0.8177492968211357,0.038787666938332827,0.01120901292390764,0.170021,0.455,0.057875022202504824,-2.079689134632356,5.777690499833599,0.0753545681284562,0.1304426498447107,0.3599516337353571,0.234361873781702,0.30258234879322476,0.8630557774250732,19.625070552437126,3.600000000000001,4.200000000000001,1.8849638726690061,2.2,8.445932385345344,10.645932385345343,11.928291666162975,0.9680555555555556,18.318281981491634,2.9919302124321208,2,0.47867283522663556,224798.16248494876,11.770465624081329,0.9190972222222222,21.83912657869228,0.341283577915437,268005.2381618849,2,18.841748038017155,0.4585044323156458,231222.0295129307,2,11.633987189997926,0.8580636996569364,30.535141142107737,0,0.17457661104236774,6.177528889495764,374720.9278086149,11.197533386181462,0.6814051770916507,1.05,538.3333333333335,6.0,882.438689960207,0.74,858.80084462178,3200.0,11.4,7.600000000000001,53.66666666666667,0.0,0.0,854.2005037703622
4,0.038427172229922715,2.872281323269015,15.000000000000002,0.20159487761749098,0.5500000000000003,0.09821279316422765,9.494522432576304,2.4,freudenthaler14x8,ag40,ht14,0.9769664364860595,0.3401360544217687,0.22287422497785653,0.4052258635961026,0.1967280768567364,1.2295504803546025,0.04,0.5700000000000001,0.27432644314973836,5.2219873379169695,1.991987337916969,3.2300000000000004,0.21344,0.12118449534374963,0.164595865889843,0.8177492968211357,0.038787666938332827,0.01120901292390764,0.170021,0.455,0.057875022202504824,-2.079689134632356,5.777690499833599,0.0753545681284562,0.1304426498447107,0.3599516337353571,0.234361873781702,0.30258234879322476,0.8630557774250732,20.290034438147348,3.800000000000001,4.400000000000001,1.8850040841889035,2.2,8.472357737681847,10.672357737681846,11.925245832270148,0.9673611111111111,16.794713882505757,3.058341669816422,2,0.5676317665778455,206101.25032807942,11.769422915707953,0.91875,22.67701748542814,0.3165293983059776,278287.6618295291,2,19.61570759526379,0.4230366205036185,240719.9009007878,2,11.61992659957575,0.8522555991717796,31.242982264100828,0,0.16675580356347625,6.41158821942012,383407.40745316376,11.180339149575682,0.669788976121337,1.05,538.3333333333335,6.0,874.7162731756846,0.74,878.7088761778358,3200.0,11.4,7.600000000000001,53.66666666666667,0.0,0.0,858.4654689403989
4,0.04187737930857734,3.0000000000000004,15.0,0.21055898248997165,0.6000000000000001,0.10714122890643019,8.351899805207449,2.4,freudenthaler14x8,ag40,ht14,0.0,0.0,0.0,0.0,0.20547577487935823,1.2842235929959889,0.04,0.5700000000000001,0.27432644314973836,5.0111398831244705,1.78113988312447,3.2300000000000004,0.21344,0.12657307732568465,0.164595865889843,0.5968804022865659,0.043420524698468285,0.01120901292390764,0.170021,0.455,0.05695248907095461,-2.17483592824194,5.777608474600659,0.07558487781399932,0.136210035543041,0.3764249408389103,0.24478299379982282,0.31092337345953214,0.8442936327406451,23.17668115890598,4.000000000000001,4.600000000000001,1.4491609073377005,2.2,9.151007048054318,11.351007048054317,11.92223333190054,0.9666666666666667,16.60206541651333,3.2019640061003845,2,0.5099490982468031,212796.46941610068,11.76836458231593,0.9184027777777778,21.471449882972998,0.31058131861264154,275209.6569741723,2,17.44395895335901,0.4705523650538428,223587.4142636496,2,11.649069153738091,0.8645644484906359,31.033589815895514,0,0.14867366297896747,6.539530243818679,397772.0952455398,11.220766027754117,0.6944066747590495,1.05,538.3333333333335,6.0,873.3474334379006,0.74,872.8197135720613,3200.0,11.4,7.600000000000001,53.66666666666667,0.0,0.0,855.9251681201534
