v1,v_1,t_1,points,v_2,h_1
0,10.34599382003256,1.5905439094332274,0.7457874723685011,16.573054941522244,96.18121007304218
1,11.119542325534011,1.5905439094332274,0.6689631956865172,0.0,0.0
2,11.893090831035465,1.5905439094332274,0.7441220345293362,0.0,0.0
3,12.666639336536917,1.5905439094332274,0.7448861433405993,0.0,0.0
4,13.44018784203837,1.5905439094332274,0.7454781566118609,0.0,0.0
5,14.213736347539822,1.5905439094332274,0.7459632723478089,0.0,0.0
6,14.987284853041274,1.5905439094332274,0.7463613850760336,0.0,0.0
7,15.760833358542726,1.5905439094332274,0.7466330795494521,0.0,0.0
8,16.534381864044178,1.5905439094332274,0.7468613884574858,0.0,0.0
9,17.307930369545634,1.5905439094332274,0.7470697051985074,0.0,0.0
10,18.081478875047086,1.5905439094332274,0.7471964007535715,0.0,0.0
11,18.855027380548538,1.5905439094332274,0.7472804564101783,0.0,0.0
12,19.62857588604999,1.5905439094332274,0.7473199695326117,0.0,0.0
13,20.402124391551446,1.5905439094332274,0.7473206285253083,0.0,0.0
14,21.175672897052895,1.5905439094332274,0.7472908735629307,0.0,0.0
15,21.94922140255435,1.5905439094332274,0.7472371537518175,0.0,0.0
16,22.722769908055803,1.5905439094332274,0.7471429333973667,0.0,0.0
17,23.496318413557255,1.5905439094332274,0.7470168980346147,0.0,0.0
18,24.269866919058707,1.5905439094332274,0.74686935480289,0.0,0.0
19,25.04341542456016,1.5905439094332274,0.7467103603517915,0.0,0.0
20,25.81696393006161,1.5905439094332274,0.7465437311320727,0.0,0.0
21,26.590512435563063,1.5905439094332274,0.7463664848530399,0.0,0.0
22,27.364060941064515,1.5905439094332274,0.7461812674678523,0.0,0.0
23,28.137609446565968,1.5905439094332274,0.7459895685673047,0.0,0.0
24,28.91115795206742,1.5905439094332274,0.7457362001035887,0.0,0.0
25,29.684706457568872,1.5905439094332274,0.7453830328598372,0.0,0.0
26,30.45825496307033,1.5905439094332274,0.7449318823379528,0.0,0.0
27,31.231803468571783,1.5905439094332274,0.7443544684317078,0.0,0.0
28,32.00535197407323,1.5905439094332274,0.7436787889162927,0.0,0.0
29,32.77890047957469,1.5905439094332274,0.7428996975641512,0.0,0.0
30,10.34599382003256,4.639145843590702,0.002850812359390293,15.75110001860977,87.59053374578286
31,11.119542325534011,4.639145843590702,0.5073575377506403,13.480845392195342,72.73091539148471
32,11.893090831035465,4.639145843590702,0.7284598227591635,0.0,0.0
33,12.666639336536917,4.639145843590702,0.7320074285163678,0.0,0.0
34,13.44018784203837,4.639145843590702,0.7350641867469271,0.0,0.0
35,14.213736347539822,4.639145843590702,0.005887192270339625,0.0,0.0
36,14.987284853041274,4.639145843590702,0.7403392234784939,0.0,0.0
37,15.760833358542726,4.639145843590702,0.7423353265132945,0.0,0.0
38,16.534381864044178,4.639145843590702,0.7441891247913729,0.0,0.0
39,17.307930369545634,4.639145843590702,0.7460067139919379,0.0,0.0
40,18.081478875047086,4.639145843590702,0.7474226582175774,0.0,0.0
41,18.855027380548538,4.639145843590702,0.748623017831704,0.0,0.0
42,19.62857588604999,4.639145843590702,0.7495733740604973,0.0,0.0
43,20.402124391551446,4.639145843590702,0.7502865279436398,0.0,0.0
44,21.175672897052895,4.639145843590702,0.7507971577571313,0.0,0.0
45,21.94922140255435,4.639145843590702,0.7511332025241627,0.0,0.0
46,22.722769908055803,4.639145843590702,0.7511712172042949,0.0,0.0
47,23.496318413557255,4.639145843590702,0.7509526896472493,0.0,0.0
48,24.269866919058707,4.639145843590702,0.7505366013151197,0.0,0.0
49,25.04341542456016,4.639145843590702,0.7499861239502416,0.0,0.0
50,25.81696393006161,4.639145843590702,0.7493258702921559,0.0,0.0
51,26.590512435563063,4.639145843590702,0.7485298313226988,0.0,0.0
52,27.364060941064515,4.639145843590702,0.7476140432987687,0.0,0.0
53,28.137609446565968,4.639145843590702,0.7465872945285309,0.0,0.0
54,28.91115795206742,4.639145843590702,0.7450117600361116,0.0,0.0
55,29.684706457568872,4.639145843590702,0.7425603360686567,0.0,0.0
56,30.45825496307033,4.639145843590702,0.7392180461479577,0.0,0.0
57,31.231803468571783,4.639145843590702,0.7347315386604969,0.0,0.0
58,32.00535197407323,4.639145843590702,0.7272821068196514,0.0,0.0
59,32.77890047957469,4.639145843590702,0.7182884385290306,0.0,0.0
60,10.34599382003256,7.687747777748178,0.005701624718780586,16.90027403749977,96.25950924044143
61,11.119542325534011,7.687747777748178,0.008050530390757158,18.22994529362702,105.19613406263281
62,11.893090831035465,7.687747777748178,0.00803358593959833,0.0,0.0
63,12.666639336536917,7.687747777748178,0.7154915687243052,20.46754373239759,123.02118998198537
64,13.44018784203837,7.687747777748178,0.7205568858014249,21.574777710278152,131.9094374740339
65,14.213736347539822,7.687747777748178,0.7251998828909177,22.6674376337749,140.78182483057896
66,14.987284853041274,7.687747777748178,0.7294649616563916,23.7190314967638,149.64246724630203
67,15.760833358542726,7.687747777748178,0.732937363288674,24.75170903898067,158.47060191759405
68,16.534381864044178,7.687747777748178,0.736199895848139,25.78158383866844,167.2826368479287
69,17.307930369545634,7.687747777748178,0.7394189527245525,1.3675016012754462,176.06970298861174
70,18.081478875047086,7.687747777748178,0.7420059961743529,27.841441753887512,184.80838173150013
71,18.855027380548538,7.687747777748178,0.7442551597103353,28.873751026368808,193.49762050658205
72,19.62857588604999,7.687747777748178,0.7461077191695662,0.0,0.0
73,20.402124391551446,7.687747777748178,0.7475809215216834,0.0,0.0
74,21.175672897052895,7.687747777748178,0.7487284932013285,0.0,0.0
75,21.94922140255435,7.687747777748178,0.749593405389835,0.0,0.0
76,22.722769908055803,7.687747777748178,0.7499722987620872,0.0,0.0
77,23.496318413557255,7.687747777748178,0.7499298181984009,0.0,0.0
78,24.269866919058707,7.687747777748178,0.7495591153203297,0.0,0.0
79,25.04341542456016,7.687747777748178,0.7489614426134241,0.0,0.0
80,25.81696393006161,7.687747777748178,0.7481756170735228,0.0,0.0
81,26.590512435563063,7.687747777748178,0.7471573661051327,0.0,0.0
82,27.364060941064515,7.687747777748178,0.7459314377259115,0.0,0.0
83,28.137609446565968,7.687747777748178,0.7445107987491383,0.0,0.0
84,28.91115795206742,7.687747777748178,0.7421654001123851,0.0,0.0
85,29.684706457568872,7.687747777748178,0.7381104703609783,0.0,0.0
86,30.45825496307033,7.687747777748178,0.7321879944976037,0.0,0.0
87,31.231803468571783,7.687747777748178,0.7241512312650719,0.0,0.0
88,32.00535197407323,7.687747777748178,0.7143424938522456,0.0,0.0
89,32.77890047957469,7.687747777748178,0.7024216746154904,0.0,0.0
90,10.34599382003256,10.736349711905653,0.008552437078170877,16.891690488058185,95.26055449928492
91,11.119542325534011,10.736349711905653,0.011242994975936957,18.261652909817307,104.58078412958949
92,11.893090831035465,10.736349711905653,0.6922901212091377,19.432170795636345,113.8820959565118
93,12.666639336536917,10.736349711905653,0.7000749273681288,20.559876310694705,123.17108139867128
94,13.44018784203837,10.736349711905653,0.7069425703469764,21.699399277220408,132.44115228296184
95,14.213736347539822,10.736349711905653,0.7132797494478479,22.810912234670763,141.69453260528874
96,14.987284853041274,10.736349711905653,0.7191399425666183,23.881347529841623,150.93599851522643
97,15.760833358542726,10.736349711905653,0.7239781900069925,24.933092564227376,160.14356627059607
98,16.534381864044178,10.736349711905653,0.7285516440643348,25.980787855045666,169.33456970885166
99,17.307930369545634,10.736349711905653,0.73307680480216,1.3937426547659164,178.49945307846386
100,18.081478875047086,10.736349711905653,0.7367813789487752,28.07918811256952,187.6151152801851
101,18.855027380548538,10.736349711905653,0.7400479522271998,29.12536638796539,196.678532051416
102,19.62857588604999,10.736349711905653,0.7427980251822502,0.0,0.0
103,20.402124391551446,10.736349711905653,0.745052259282674,0.0,0.0
104,21.175672897052895,10.736349711905653,0.7468795163986502,0.0,0.0
105,21.94922140255435,10.736349711905653,0.7483346801385332,0.0,0.0
106,22.722769908055803,10.736349711905653,0.749147882660821,0.0,0.0
107,23.496318413557255,10.736349711905653,0.7494015961669209,0.0,0.0
108,24.269866919058707,10.736349711905653,0.7492166532773872,0.0,0.0
109,25.04341542456016,10.736349711905653,0.7487250513366372,0.0,0.0
110,25.81696393006161,10.736349711905653,0.7479768736700722,0.0,0.0
111,26.590512435563063,10.736349711905653,0.7469117305064308,0.0,0.0
112,27.364060941064515,10.736349711905653,0.7455607892899163,0.0,0.0
113,28.137609446565968,10.736349711905653,0.7438683318610635,0.0,0.0
114,28.91115795206742,10.736349711905653,0.740807746530768,0.0,0.0
115,29.684706457568872,10.736349711905653,0.7356833222828396,0.0,0.0
116,30.45825496307033,10.736349711905653,0.7284152715086158,0.0,0.0
117,31.231803468571783,10.736349711905653,0.7183491959372129,0.0,0.0
118,32.00535197407323,10.736349711905653,0.7049503047119707,0.0,0.0
119,32.77890047957469,10.736349711905653,0.6885169115920513,0.0,0.0
120,10.34599382003256,13.784951646063128,0.011403249437561172,16.882518325072414,94.19206080515062
121,11.119542325534011,13.784951646063128,0.014435459561116762,18.28480747051077,103.81442214663824
122,11.893090831035465,13.784951646063128,0.6767885973796719,19.48002242847499,113.4171457446396
123,12.666639336536917,13.784951646063128,0.6865143188626449,20.630690032635073,123.00719163507085
124,13.44018784203837,13.784951646063128,0.33403327263721033,11.477159371966854,132.5777762069694
125,14.213736347539822,13.784951646063128,0.7031073647027606,22.921677170816466,142.13091292410255
126,14.987284853041274,13.784951646063128,0.710509750333225,24.00681722408221,151.67198539674004
127,15.760833358542726,13.784951646063128,0.7166610414059478,25.073400910413405,161.17789485792974
128,16.534381864044178,13.784951646063128,0.7224940765507867,26.134946278476132,170.6668204547976
129,17.307930369545634,13.784951646063128,0.7282750103687083,1.4142096747063522,180.12867714231302
130,18.081478875047086,13.784951646063128,0.7330474086264861,28.25605945098306,189.54037249258224
131,18.855027380548538,13.784951646063128,0.05107040810718496,29.311136304004815,198.8973593937486
132,19.62857588604999,13.784951646063128,0.05375466093994248,0.0,0.0
133,20.402124391551446,13.784951646063128,0.7438692199659306,0.0,0.0
134,21.175672897052895,13.784951646063128,0.746328389101322,0.0,0.0
135,21.94922140255435,13.784951646063128,0.7483259276505604,0.0,0.0
136,22.722769908055803,13.784951646063128,0.7495250820769866,0.0,0.0
137,23.496318413557255,13.784951646063128,0.7500254088487021,0.0,0.0
138,24.269866919058707,13.784951646063128,0.749975345332936,0.0,0.0
139,25.04341542456016,13.784951646063128,0.7495369465308513,0.0,0.0
140,25.81696393006161,13.784951646063128,0.7487713554302188,0.0,0.0
141,26.590512435563063,13.784951646063128,0.7476015803281274,0.0,0.0
142,27.364060941064515,13.784951646063128,0.7461751313398077,0.0,0.0
143,28.137609446565968,13.784951646063128,0.7444101587538693,0.0,0.0
144,28.91115795206742,13.784951646063128,0.7410893205336779,0.0,0.0
145,29.684706457568872,13.784951646063128,0.7352657846525616,0.0,0.0
146,30.45825496307033,13.784951646063128,0.7267966402319145,0.0,0.0
147,31.231803468571783,13.784951646063128,0.7144287640014898,0.0,0.0
148,32.00535197407323,13.784951646063128,0.6989697297879837,0.0,0.0
149,32.77890047957469,13.784951646063128,0.6787356443072079,0.0,0.0
150,10.34599382003256,16.833553580220602,0.014254061796951465,16.873428489573925,93.06001714944742
151,11.119542325534011,16.833553580220602,0.017627924146296572,0.0,0.0
152,11.893090831035465,16.833553580220602,0.6614044236123132,19.5195031200709,112.79566326942638
153,12.666639336536917,16.833553580220602,0.6724418582523259,20.68951993805137,122.64034904570322
154,13.44018784203837,16.833553580220602,0.6823070684864282,21.875379650243726,132.4650842270927
155,14.213736347539822,16.833553580220602,0.6915008896365313,23.01408894659391,142.2716829260078
156,14.987284853041274,16.833553580220602,0.7000888515930426,24.111574273638062,152.06609101959566
157,15.760833358542726,16.833553580220602,0.7073503932410354,25.19059887177412,161.8241926876331
158,16.534381864044178,16.833553580220602,0.7142772694753395,26.263743014355537,171.56493747311694
159,17.307930369545634,16.833553580220602,0.7211524218826484,1.4314172772475486,181.27780810421845
160,18.081478875047086,16.833553580220602,0.7269562295392753,28.403839421246285,190.93959280175216
161,18.855027380548538,16.833553580220602,0.7321897388789108,29.456323711829935,200.54447722250907
162,19.62857588604999,16.833553580220602,0.7367467745166042,0.0,0.0
163,20.402124391551446,16.833553580220602,0.7406517882491171,0.0,0.0
164,21.175672897052895,16.833553580220602,0.7439930075723912,0.0,0.0
165,21.94922140255435,16.833553580220602,0.7468404936038935,0.0,0.0
166,22.722769908055803,16.833553580220602,0.07710731679649563,0.0,0.0
167,23.496318413557255,16.833553580220602,0.7500731580710872,0.0,0.0
168,24.269866919058707,16.833553580220602,0.7507193962701865,0.0,0.0
169,25.04341542456016,16.833553580220602,0.7509435428092386,0.0,0.0
170,25.81696393006161,16.833553580220602,0.750809381688596,0.0,0.0
171,26.590512435563063,16.833553580220602,0.749861673551361,0.0,0.0
172,27.364060941064515,16.833553580220602,0.7483741680505607,0.0,0.0
173,28.137609446565968,16.833553580220602,0.746470015009389,0.0,0.0
174,28.91115795206742,16.833553580220602,0.7427114094940679,0.0,0.0
175,29.684706457568872,16.833553580220602,0.735988536649265,0.0,0.0
176,30.45825496307033,16.833553580220602,0.7263735572657932,0.0,0.0
177,31.231803468571783,16.833553580220602,0.7126614436937061,0.0,0.0
178,32.00535197407323,16.833553580220602,0.6947838469721563,0.0,0.0
179,32.77890047957469,16.833553580220602,0.6720884441261392,0.0,0.0
180,10.34599382003256,19.882155514378077,0.017104874156341755,16.864452727454683,91.8651972411992
181,11.119542325534011,19.882155514378077,0.02082038873147637,18.317827944111073,101.9561258255063
182,11.893090831035465,19.882155514378077,0.6447763918487938,19.55137902641545,112.02616784021687
183,12.666639336536917,19.882155514378077,0.6570114551994078,20.737472104025784,122.08293066838267
184,13.44018784203837,19.882155514378077,0.6680268655859128,21.940839942555144,132.11929818540426
185,14.213736347539822,19.882155514378077,0.6783461918489436,23.08988053163631,142.13689643514286
186,14.987284853041274,19.882155514378077,0.6880371574042998,24.197601115611192,152.14219406216193
187,15.760833358542726,19.882155514378077,0.6963422914520905,25.286909659747558,162.11013870473977
188,16.534381864044178,19.882155514378077,0.7043011677143847,26.36963605109965,172.06038894915528
189,17.307930369545634,19.882155514378077,0.7122103609602897,1.4456379756575386,181.98202958695555
190,18.081478875047086,19.882155514378077,0.7189981562962744,28.525401347299347,191.85175388482364
191,18.855027380548538,19.882155514378077,0.725189744501681,29.575779245666958,201.66256203383332
192,19.62857588604999,19.882155514378077,0.7306725880402872,0.0,0.0
193,20.402124391551446,19.882155514378077,0.735471277326409,0.0,0.0
194,21.175672897052895,19.882155514378077,0.7396774920955121,0.0,0.0
195,21.94922140255435,19.882155514378077,0.743363911200465,0.0,0.0
196,22.722769908055803,19.882155514378077,0.7461476325173487,0.0,0.0
197,23.496318413557255,19.882155514378077,0.7481371907483498,0.0,0.0
198,24.269866919058707,19.882155514378077,0.7494953295181347,0.0,0.0
199,25.04341542456016,19.882155514378077,0.10166340684610319,0.0,0.0
200,25.81696393006161,19.882155514378077,0.7507057577844867,0.0,0.0
201,26.590512435563063,19.882155514378077,0.7504084934938167,0.0,0.0
202,27.364060941064515,19.882155514378077,0.7496512049181606,0.0,0.0
203,28.137609446565968,19.882155514378077,0.748450955249545,0.0,0.0
204,28.91115795206742,19.882155514378077,0.7453089547371969,0.0,0.0
205,29.684706457568872,19.882155514378077,0.738179706082114,0.0,0.0
206,30.45825496307033,19.882155514378077,0.7273531725595352,0.0,0.0
207,31.231803468571783,19.882155514378077,0.7120137744319216,0.0,0.0
208,32.00535197407323,19.882155514378077,0.6925707243311403,0.0,0.0
209,32.77890047957469,19.882155514378077,0.6674539330255819,0.0,0.0
210,10.34599382003256,22.93075744853555,0.019955686515732044,16.85465304080537,90.60074239085984
211,11.119542325534011,22.93075744853555,0.024012853316656178,18.32208940730994,100.80794154438568
212,11.893090831035465,22.93075744853555,0.627403771575312,19.56541171855365,110.99371087960174
213,12.666639336536917,22.93075744853555,0.6407339926834813,20.760355214855355,121.16592294098743
214,13.44018784203837,22.93075744853555,0.6528099393512876,21.97315665738345,131.31733668369793
215,14.213736347539822,22.93075744853555,0.6641731605402442,23.127992546701904,141.4493989658234
216,14.987284853041274,22.93075744853555,0.6748923476380264,24.241366367081195,151.5690586080159
217,15.760833358542726,22.93075744853555,0.6841798331365387,25.336272624826595,161.6504017229232
218,16.534381864044178,22.93075744853555,0.6931137296211569,26.424198748872826,171.71373928937666
219,17.307930369545634,22.93075744853555,0.7020015407818524,1.4529895864688227,181.74778992473009
220,18.081478875047086,22.93075744853555,0.7097287384942397,28.58844097796066,191.7291584573797
221,18.855027380548538,22.93075744853555,0.7168399500753444,29.637824717830426,201.64975524574132
222,19.62857588604999,22.93075744853555,0.7232172250004403,0.0,0.0
223,20.402124391551446,22.93075744853555,0.7288850170246512,2.206174559390455,221.45604435520642
224,21.175672897052895,22.93075744853555,0.733937610257541,0.0,0.0
225,21.94922140255435,22.93075744853555,0.738449627231746,0.0,0.0
226,22.722769908055803,22.93075744853555,0.7420205009978191,0.0,0.0
227,23.496318413557255,22.93075744853555,0.744761462929799,0.0,0.0
228,24.269866919058707,22.93075744853555,0.7468402803547498,0.0,0.0
229,25.04341542456016,22.93075744853555,0.7483188535346597,0.0,0.0
230,25.81696393006161,22.93075744853555,0.7492797105120512,0.0,0.0
231,26.590512435563063,22.93075744853555,0.12552994719571234,0.0,0.0
232,27.364060941064515,22.93075744853555,0.749672420104512,0.0,0.0
233,28.137609446565968,22.93075744853555,0.7491598924906645,0.0,0.0
234,28.91115795206742,22.93075744853555,0.7462369011284072,0.0,0.0
235,29.684706457568872,22.93075744853555,0.7397401784216349,0.0,0.0
236,30.45825496307033,22.93075744853555,0.7292729529573392,0.0,0.0
237,31.231803468571783,22.93075744853555,0.7124923026773745,0.0,0.0
238,32.00535197407323,22.93075744853555,0.6912728830224691,0.0,0.0
239,32.77890047957469,22.93075744853555,0.6640889968908976,0.0,0.0
240,10.34599382003256,25.979359382693026,0.022806498875122344,16.845259538144287,89.27655983081158
241,11.119542325534011,25.979359382693026,0.027205317901835974,18.324277774540995,99.57600291198727
242,11.893090831035465,25.979359382693026,0.6095611892034185,19.575437039536247,109.85354159568946
243,12.666639336536917,25.979359382693026,0.6238463967328535,20.7774149483216,120.11721056992361
244,13.44018784203837,25.979359382693026,0.6368646984285589,21.997659594921515,130.3597393931569
245,14.213736347539822,25.979359382693026,0.6491664399255918,23.157140512172735,140.58237626790083
246,14.987284853041274,25.979359382693026,0.6608203109066672,24.275016524972035,150.79252081907887
247,15.760833358542726,25.979359382693026,0.6710212924656276,25.37435501366555,160.96345774673546
248,16.534381864044178,25.979359382693026,0.6808680811590206,26.466392400939633,171.1161045861122
249,17.307930369545634,25.979359382693026,0.6906740303976052,1.4586864681426923,181.2388394060565
250,18.081478875047086,25.979359382693026,0.6993000925371994,28.637329036661338,191.30819694515733
251,18.855027380548538,25.979359382693026,0.7073013078806991,29.68597617464178,201.31505875756164
252,19.62857588604999,25.979359382693026,0.7145561729215428,30.691532581437308,211.30786707347852
253,20.402124391551446,25.979359382693026,0.7210885945843033,0.0,0.0
254,21.175672897052895,25.979359382693026,0.7269938102342459,0.0,0.0
255,21.94922140255435,25.979359382693026,0.7323471963401718,0.0,0.0
256,22.722769908055803,25.979359382693026,0.7367370608593188,0.0,0.0
257,23.496318413557255,25.979359382693026,0.7402755137192957,0.0,0.0
258,24.269866919058707,25.979359382693026,0.12516625124765923,0.0,0.0
259,25.04341542456016,25.979359382693026,0.7452103502943688,0.0,0.0
260,25.81696393006161,25.979359382693026,0.7469197831809992,0.0,0.0
261,26.590512435563063,25.979359382693026,0.7480864022031235,0.0,0.0
262,27.364060941064515,25.979359382693026,0.14666293616649526,0.0,0.0
263,28.137609446565968,25.979359382693026,0.7487289023735108,0.0,0.0
264,28.91115795206742,25.979359382693026,0.7464290791881599,0.0,0.0
265,29.684706457568872,25.979359382693026,0.740607981798051,0.0,0.0
266,30.45825496307033,25.979359382693026,0.7302317614233261,0.0,0.0
267,31.231803468571783,25.979359382693026,0.7138606859348835,0.0,0.0
268,32.00535197407323,25.979359382693026,0.6909526269575116,0.0,0.0
269,32.77890047957469,25.979359382693026,0.6620936881763229,0.0,0.0
270,10.34599382003256,29.0279613168505,0.025657311234512644,16.836540506990765,87.89496132309168
271,11.119542325534011,29.0279613168505,0.03039778248701578,18.326641808952772,98.28338644176783
272,11.893090831035465,29.0279613168505,0.04991534997872168,19.58533661740925,108.64946770520632
273,12.666639336536917,29.0279613168505,0.054898474497828656,20.79408606051273,119.00138970955601
274,13.44018784203837,29.0279613168505,0.059973707571502,22.021504406862988,129.33185868263885
275,14.213736347539822,29.0279613168505,0.0651625267155918,23.185442313326398,139.64193232479775
276,14.987284853041274,29.0279613168505,0.07045896209774327,24.30764356067987,149.9394360975721
277,15.760833358542726,29.0279613168505,0.07579625849140542,25.411245260260827,160.19690642561122
278,16.534381864044178,29.0279613168505,0.08124116896604452,26.507237691432856,170.435826787804
279,17.307930369545634,29.0279613168505,0.08681047089034499,1.464211853109465,180.64425739678506
280,18.081478875047086,29.0279613168505,0.09241293005493621,28.68461621882923,190.79868182499598
281,18.855027380548538,29.0279613168505,0.09808208795386746,29.732543996126363,200.88900358300523
282,19.62857588604999,29.0279613168505,0.1038020973230444,30.73803816881113,210.96494706670205
283,20.402124391551446,29.0279613168505,0.7120280775317228,0.0,0.0
284,21.175672897052895,29.0279613168505,0.7187961543292294,0.0,0.0
285,21.94922140255435,29.0279613168505,0.7250113307647535,0.0,0.0
286,22.722769908055803,29.0279613168505,0.730257997511742,0.0,0.0
287,23.496318413557255,29.0279613168505,0.7346400991665079,0.0,0.0
288,24.269866919058707,29.0279613168505,0.7381204828822081,0.0,0.0
289,25.04341542456016,29.0279613168505,0.741083719662359,0.0,0.0
290,25.81696393006161,29.0279613168505,0.7435991331856601,0.0,0.0
291,26.590512435563063,29.0279613168505,0.7455598016878067,0.0,0.0
292,27.364060941064515,29.0279613168505,0.7468773985320901,0.0,0.0
293,28.137609446565968,29.0279613168505,0.7475205291742747,0.0,0.0
294,28.91115795206742,29.0279613168505,0.745948750728259,0.0,0.0
295,29.684706457568872,29.0279613168505,0.7405427031344309,0.0,0.0
296,30.45825496307033,29.0279613168505,0.7308230496151726,0.0,0.0
297,31.231803468571783,29.0279613168505,0.7146978972704587,0.0,0.0
298,32.00535197407323,29.0279613168505,0.6914818141605633,0.0,0.0
299,32.77890047957469,29.0279613168505,0.6610488843610086,0.0,0.0
300,10.34599382003256,32.07656325100798,0.02850812359390293,16.827259639349126,86.4466258468006
301,11.119542325534011,32.07656325100798,0.033590247072195586,18.32077613866995,96.84492170150398
302,11.893090831035465,32.07656325100798,0.5720198497576252,19.580764768426043,107.22046728435936
303,12.666639336536917,32.07656325100798,0.5879941753172461,20.790424832312794,117.58158591926512
304,13.44018784203837,32.07656325100798,0.6025259369720293,22.01849338878221,127.92096241217529
305,14.213736347539822,32.07656325100798,0.6163745775431922,23.183239291492875,138.23947826538725
306,14.987284853041274,32.07656325100798,0.6296055422699038,24.306083293240455,148.5453527566804
307,15.760833358542726,32.07656325100798,0.6414215539157134,25.410185266954514,158.8104305144917
308,16.534381864044178,32.07656325100798,0.6529039848158714,26.50661726052082,169.05671827893673
309,17.307930369545634,32.07656325100798,0.6643612560607788,1.4641254289008432,179.2719823510897
310,18.081478875047086,32.07656325100798,0.6746653170617382,28.684675716407206,189.4326598679218
311,18.855027380548538,32.07656325100798,0.6843625599754424,29.732783373861334,199.5277487162682
312,19.62857588604999,32.07656325100798,0.6933307707344766,30.738412290861945,209.6081589668503
313,20.402124391551446,32.07656325100798,0.7015914021193913,0.0,0.0
314,21.175672897052895,32.07656325100798,0.12664025559615194,0.0,0.0
315,21.94922140255435,32.07656325100798,0.13313074693137308,0.0,0.0
316,22.722769908055803,32.07656325100798,0.13963587254183935,0.0,0.0
317,23.496318413557255,32.07656325100798,0.7276280790206097,0.0,0.0
318,24.269866919058707,32.07656325100798,0.7319878858701016,0.0,0.0
319,25.04341542456016,32.07656325100798,0.7358299267298473,0.0,0.0
320,25.81696393006161,32.07656325100798,0.7392230990281309,0.0,0.0
321,26.590512435563063,32.07656325100798,0.7420152787350572,0.0,0.0
322,27.364060941064515,32.07656325100798,0.7440254596719564,0.0,0.0
323,28.137609446565968,32.07656325100798,0.7455047434373722,0.0,0.0
324,28.91115795206742,32.07656325100798,0.7447513357233816,0.0,0.0
325,29.684706457568872,32.07656325100798,0.7398573027336738,0.0,0.0
326,30.45825496307033,32.07656325100798,0.7307038018062921,0.0,0.0
327,31.231803468571783,32.07656325100798,0.7152235889363903,0.0,0.0
328,32.00535197407323,32.07656325100798,0.6924440653646612,0.0,0.0
329,32.77890047957469,32.07656325100798,0.6604815731024368,0.0,0.0
330,10.34599382003256,35.12516518516546,0.03135893595329323,16.817994782844938,84.93620449617049
331,11.119542325534011,35.12516518516546,0.03678271165737539,18.310763987680907,95.30231134188412
332,11.893090831035465,35.12516518516546,0.5521627763772062,19.568716005041026,105.64529136349584
333,12.666639336536917,35.12516518516546,0.5687127210639565,20.776160767288573,115.97359635002648
334,13.44018784203837,35.12516518516546,0.5838363574173413,0.8467678153388682,126.27989297836274
335,14.213736347539822,35.12516518516546,0.5980858808236728,23.165022903824557,136.56489669334184
336,14.987284853041274,35.12516518516546,0.611786856054553,24.28654816955918,146.8371952388231
337,15.760833358542726,35.12516518516546,0.624212787118036,25.389150944139843,157.067989720632
338,16.534381864044178,35.12516518516546,0.6363457625629336,26.484156033774664,167.27977347138824
339,17.307930369545634,35.12516518516546,0.6484659549018403,1.4610819930764503,177.4600394209447
340,18.081478875047086,35.12516518516546,0.6595454359100168,28.65983682428875,187.585187871527
341,18.855027380548538,35.12516518516546,0.6700805602778173,29.708592782436902,197.64336638497255
342,19.62857588604999,35.12516518516546,0.6799591735616928,30.714455953606443,207.6865875215543
343,20.402124391551446,35.12516518516546,0.6892000658948417,31.70567414247603,217.72327684208878
344,21.175672897052895,35.12516518516546,0.6978860449430161,0.0,0.0
345,21.94922140255435,35.12516518516546,0.7060831960235519,0.0,0.0
346,22.722769908055803,35.12516518516546,0.7132426240726457,0.0,0.0
347,23.496318413557255,35.12516518516546,0.1592931459922087,0.0,0.0
348,24.269866919058707,35.12516518516546,0.1664838681521344,0.0,0.0
349,25.04341542456016,35.12516518516546,0.7293463359016122,0.0,0.0
350,25.81696393006161,35.12516518516546,0.7337011873739017,0.0,0.0
351,26.590512435563063,35.12516518516546,0.7372490699725555,0.0,0.0
352,27.364060941064515,35.12516518516546,0.7401806421151246,0.0,0.0
353,28.137609446565968,35.12516518516546,0.7425807380767823,0.0,0.0
354,28.91115795206742,35.12516518516546,0.742518705230937,0.0,0.0
355,29.684706457568872,35.12516518516546,0.21756677964872304,0.0,0.0
356,30.45825496307033,35.12516518516546,0.7299633526882605,0.0,0.0
357,31.231803468571783,35.12516518516546,0.7149788672505382,0.0,0.0
358,32.00535197407323,35.12516518516546,0.6928717291272004,0.0,0.0
359,32.77890047957469,35.12516518516546,0.6603926485106627,0.0,0.0
360,10.34599382003256,38.17376711932293,0.03420974831268351,16.80861158274962,83.36282317317234
361,11.119542325534011,38.17376711932293,0.0399751762425552,18.295720863783405,93.64680101615201
362,11.893090831035465,38.17376711932293,0.04447360563549549,19.547676580602193,103.90732152357465
363,12.666639336536917,38.17376711932293,0.0497750424472746,20.74919708588575,114.1529487583241
364,13.44018784203837,38.17376711932293,0.055306825953487904,0.8442046466788875,124.37633966838963
365,14.213736347539822,38.17376711932293,0.061060024850384545,23.127671649200327,134.57805327436358
366,14.987284853041274,38.17376711932293,0.06702644276664078,24.245547136787916,144.76701444308657
367,15.760833358542726,38.17376711932293,0.07319885904071044,25.344274049723065,154.9138491255767
368,16.534381864044178,38.17376711932293,0.6177803209611008,26.43563288866482,165.04148487551555
369,17.307930369545634,38.17376711932293,0.630539619970675,1.4545203150706292,175.1371705277998
370,18.081478875047086,38.17376711932293,0.6423515900571081,28.60530472281549,185.1772955182292
371,18.855027380548538,38.17376711932293,0.6536720551488521,29.655278286567146,195.14922083643188
372,19.62857588604999,38.17376711932293,0.6643965849266864,30.661495429613183,205.10594199675927
373,20.402124391551446,38.17376711932293,0.6745418878085336,31.6505014712663,215.0563463641651
374,21.175672897052895,38.17376711932293,0.6841833433537982,0.0,0.0
375,21.94922140255435,38.17376711932293,0.6932318315741657,0.0,0.0
376,22.722769908055803,38.17376711932293,0.7012793234554346,0.0,0.0
377,23.496318413557255,38.17376711932293,0.708547501506731,0.0,0.0
378,24.269866919058707,38.17376711932293,0.7151871765263716,0.0,0.0
379,25.04341542456016,38.17376711932293,0.18813089405654027,0.0,0.0
380,25.81696393006161,38.17376711932293,0.19607270186988265,0.0,0.0
381,26.590512435563063,38.17376711932293,0.7313924250292588,0.0,0.0
382,27.364060941064515,38.17376711932293,0.7353415821007114,0.0,0.0
383,28.137609446565968,38.17376711932293,0.7387357779792072,0.0,0.0
384,28.91115795206742,38.17376711932293,0.7395075124056746,0.0,0.0
385,29.684706457568872,38.17376711932293,0.7365151711371183,0.0,0.0
386,30.45825496307033,38.17376711932293,0.7287906849401143,0.0,0.0
387,31.231803468571783,38.17376711932293,0.7145562545080766,0.0,0.0
388,32.00535197407323,38.17376711932293,0.6931637767558136,0.0,0.0
389,32.77890047957469,38.17376711932293,0.6607942302504519,0.0,0.0
390,10.34599382003256,41.222369053480406,0.03706056067207381,16.799128577109375,81.72675936112462
391,11.119542325534011,41.222369053480406,0.043167640827735006,18.27584928147337,91.88063391245072
392,11.893090831035465,41.222369053480406,0.04811760760508521,19.51798470727288,102.01077369617616
393,12.666639336536917,41.222369053480406,0.053857347597337374,20.709996735169675,112.12583625006751
394,13.44018784203837,41.222369053480406,0.059846599995675195,21.917411850464145,122.21847964148867
395,14.213736347539822,41.222369053480406,0.06607573690311591,23.071859615807167,132.28911546456933
396,14.987284853041274,41.222369053480406,0.07253588223119808,24.18382690593254,142.3469722940429
397,15.760833358542726,41.222369053480406,0.10409546350135636,25.276375542686118,152.362177612134
398,16.534381864044178,41.222369053480406,0.08611680638145845,26.361938887979527,162.35803428123774
399,17.307930369545634,41.222369053480406,0.09322107535011145,27.443947968479044,172.32157995192512
400,18.081478875047086,41.222369053480406,0.10052538992529467,28.522083366009767,182.22922703270427
401,18.855027380548538,41.222369053480406,0.63587927565544,29.573834383829958,192.06761591423137
402,19.62857588604999,41.222369053480406,0.6473568860213778,30.580541354109425,201.89059031836467
403,20.402124391551446,41.222369053480406,0.6582555170043121,31.56457661183536,211.70745868520189
404,21.175672897052895,41.222369053480406,0.6686047230400812,32.56317498041413,221.41091220484162
405,21.94922140255435,41.222369053480406,0.67851161592597,0.0,0.0
406,22.722769908055803,41.222369053480406,0.6876222203182336,0.0,0.0
407,23.496318413557255,41.222369053480406,0.6960241418577273,0.0,0.0
408,24.269866919058707,41.222369053480406,0.7038549683308996,0.0,0.0
409,25.04341542456016,41.222369053480406,0.711249277814657,0.0,0.0
410,25.81696393006161,41.222369053480406,0.21112316774963624,0.0,0.0
411,26.590512435563063,41.222369053480406,0.2197612444601744,0.0,0.0
412,27.364060941064515,41.222369053480406,0.7292209290446323,0.0,0.0
413,28.137609446565968,41.222369053480406,0.733710325856622,0.0,0.0
414,28.91115795206742,41.222369053480406,0.7356165989015397,0.0,0.0
415,29.684706457568872,41.222369053480406,0.7336086285454537,0.0,0.0
416,30.45825496307033,41.222369053480406,0.26219274283007143,0.0,0.0
417,31.231803468571783,41.222369053480406,0.7136740592579874,0.0,0.0
418,32.00535197407323,41.222369053480406,0.6930911372256137,0.0,0.0
419,32.77890047957469,41.222369053480406,0.6616239255241873,0.0,0.0
420,10.34599382003256,44.27097098763788,0.03991137303146409,16.789630443094033,80.02877282945339
421,11.119542325534011,44.27097098763788,0.046360105412914805,18.251865876131042,90.01136519868051
422,11.893090831035465,44.27097098763788,0.05176160957467494,19.48087662646535,99.96999834634687
423,12.666639336536917,44.27097098763788,0.057939652747400136,20.66027318494318,109.9134044794706
424,13.44018784203837,44.27097098763788,0.0643863740378625,21.85332168775149,119.83425394402538
425,14.213736347539822,44.27097098763788,0.07109144895584724,23.000112610862853,129.73281927591228
426,14.987284853041274,44.27097098763788,0.07804532169575545,24.104201053331074,139.61860019767468
427,15.760833358542726,44.27097098763788,0.08523941028541313,25.188563130005374,149.4613016320562
428,16.534381864044178,44.27097098763788,0.09266445179384548,26.266452836543998,159.28454338232442
429,17.307930369545634,44.27097098763788,0.10031204800146884,27.341580162348162,169.0751845158171
430,18.081478875047086,44.27097098763788,0.10817504161499837,1.5875998944143284,178.80969528349033
431,18.855027380548538,44.27097098763788,0.11624564015381922,29.467992409629534,188.47405918511785
432,19.62857588604999,44.27097098763788,0.12451679132961715,30.475305174188254,198.12283455555308
433,20.402124391551446,44.27097098763788,0.6411144000312755,31.44966461216268,207.7657114311013
434,21.175672897052895,44.27097098763788,0.6522508769305693,32.44349329132325,217.29406842611456
435,21.94922140255435,44.27097098763788,0.6629724894490716,0.0,0.0
436,22.722769908055803,44.27097098763788,0.6729383571311667,0.0,0.0
437,23.496318413557255,44.27097098763788,0.68223146538474,3.385620913328453,245.7008199848961
438,24.269866919058707,44.27097098763788,0.6909816947120289,3.824896019589159,255.04621041915698
439,25.04341542456016,44.27097098763788,0.6991314700974045,0.0,0.0
440,25.81696393006161,44.27097098763788,0.7068892936144747,0.0,0.0
441,26.590512435563063,44.27097098763788,0.23544393732540422,0.0,0.0
442,27.364060941064515,44.27097098763788,0.24478884473810686,0.0,0.0
443,28.137609446565968,44.27097098763788,0.7266642400039988,0.0,0.0
444,28.91115795206742,44.27097098763788,0.7304204654316372,0.0,0.0
445,29.684706457568872,44.27097098763788,0.7297099953558407,0.0,0.0
446,30.45825496307033,44.27097098763788,0.7242812925174666,0.0,0.0
447,31.231803468571783,44.27097098763788,0.7121244203926365,0.0,0.0
448,32.00535197407323,44.27097098763788,0.6926588757140344,0.0,0.0
449,32.77890047957469,44.27097098763788,0.6623993346803407,0.0,0.0
450,10.34599382003256,47.319572921795356,0.042762185390854406,16.7801777578994,78.26941851779787
451,11.119542325534011,47.319572921795356,0.04955256999809461,18.22434780959045,88.04504099958338
452,11.893090831035465,47.319572921795356,0.055405611544264655,19.437339857170922,97.7965327133912
453,12.666639336536917,47.319572921795356,0.06202195789746292,20.60138987340974,107.53268172393032
454,13.44018784203837,47.319572921795356,0.0689261480800498,21.777030232273287,117.24618202935015
455,14.213736347539822,47.319572921795356,0.07610716100857862,22.914431971883207,126.9371750374775
456,14.987284853041274,47.319572921795356,0.08355476116031277,24.008894697049424,136.61539965397006
457,15.760833358542726,47.319572921795356,0.09125968590776448,25.083290193602558,146.25021360746203
458,16.534381864044178,47.319572921795356,0.09921209720623252,26.151841886312067,155.86549565526977
459,17.307930369545634,47.319572921795356,0.10740302065282624,27.21859267098213,165.44795866637668
460,18.081478875047086,47.319572921795356,0.11582469330470209,1.5697342909314296,174.97416630907495
461,18.855027380548538,47.319572921795356,0.12446880955447188,29.340722985627075,184.42950733885846
462,19.62857588604999,47.319572921795356,0.13332780194464972,30.341799191879797,193.86912191255047
463,20.402124391551446,47.319572921795356,0.14239436758300425,31.311398839137684,203.303043044129
464,21.175672897052895,47.319572921795356,0.1516614894621022,32.299477277398914,212.62159452243876
465,21.94922140255435,47.319572921795356,0.1611224692256483,0.0,0.0
466,22.722769908055803,47.319572921795356,0.17077116720662203,0.0,0.0
467,23.496318413557255,47.319572921795356,0.18060142925872963,0.0,0.0
468,24.269866919058707,47.319572921795356,0.6772832694561012,3.7701437957414052,249.53230964611234
469,25.04341542456016,47.319572921795356,0.6863450857374628,4.287609594371047,258.6638373550995
470,25.81696393006161,47.319572921795356,0.6950662417600296,0.0,0.0
471,26.590512435563063,47.319572921795356,0.7033556371297247,0.0,0.0
472,27.364060941064515,47.319572921795356,0.7109823714088632,0.0,0.0
473,28.137609446565968,47.319572921795356,0.27118194496219034,0.0,0.0
474,28.91115795206742,47.319572921795356,0.7233345334291624,0.0,0.0
475,29.684706457568872,47.319572921795356,0.724551009846652,0.0,0.0
476,30.45825496307033,47.319572921795356,0.7208123606011821,0.0,0.0
477,31.231803468571783,47.319572921795356,0.710083761326426,0.0,0.0
478,32.00535197407323,47.319572921795356,0.6917626304591311,0.0,0.0
479,32.77890047957469,47.319572921795356,0.6627473097376912,0.0,0.0
480,10.34599382003256,50.36817485595283,0.04561299775024469,16.77040051566075,76.44596491634613
481,11.119542325534011,50.36817485595283,0.05274503458327442,18.190415953702942,85.95283467445523
482,11.893090831035465,50.36817485595283,0.059049613513854377,19.38238523939149,95.4354553462963
483,12.666639336536917,50.36817485595283,0.06610426304752566,20.526356392986575,104.90265199421046
484,13.44018784203837,50.36817485595283,0.07346592212223711,21.67930856590453,114.34715284583059
485,14.213736347539822,50.36817485595283,0.08112287306131,0.9187240891369091,123.76897764672549
486,14.987284853041274,50.36817485595283,0.08906420062487011,23.88610560869128,133.17807041666822
487,15.760833358542726,50.36817485595283,0.09727996153011577,24.947430778730126,142.5435189451774
488,16.534381864044178,50.36817485595283,0.10575974261861953,26.00373896619967,151.88940161537053
489,17.307930369545634,50.36817485595283,0.11449399330418358,27.059508911806745,161.20231825620974
490,18.081478875047086,50.36817485595283,0.12347434499440577,1.5467671472777929,170.45895873302652
491,18.855027380548538,50.36817485595283,0.13269197895512466,29.168529341306414,179.64418520944255
492,19.62857588604999,50.36817485595283,0.14213881255968228,30.16130756159831,188.8135839429385
493,20.402124391551446,50.36817485595283,0.15180705666245006,31.132229100988237,197.97748894857898
494,21.175672897052895,50.36817485595283,0.16168923271899147,32.11281011557379,207.02543157401317
495,21.94922140255435,50.36817485595283,0.17177820071320057,0.0,0.0
496,22.722769908055803,50.36817485595283,0.1820673797152876,0.0,0.0
497,23.496318413557255,50.36817485595283,0.19255021347099882,0.0,0.0
498,24.269866919058707,50.36817485595283,0.20322039292172572,0.0,0.0
499,25.04341542456016,50.36817485595283,0.24568907578093876,0.0,0.0
500,25.81696393006161,50.36817485595283,0.22509888058081656,0.0,0.0
501,26.590512435563063,50.36817485595283,0.6916815152217181,0.0,0.0
502,27.364060941064515,50.36817485595283,0.7002900529275944,0.0,0.0
503,28.137609446565968,50.36817485595283,0.28816620951349314,0.0,0.0
504,28.91115795206742,50.36817485595283,0.29872548669354576,9.684998296507725,296.0164118042781
505,29.684706457568872,50.36817485595283,0.7178654771255462,0.0,0.0
506,30.45825496307033,50.36817485595283,0.7163065000211178,0.0,0.0
507,31.231803468571783,50.36817485595283,0.7073080526002179,0.0,0.0
508,32.00535197407323,50.36817485595283,0.6905357735951111,0.0,0.0
509,32.77890047957469,50.36817485595283,0.6629715950106445,0.0,0.0
510,10.34599382003256,53.416776790110305,0.04846381010963498,16.760412951770164,74.55935945733484
511,11.119542325534011,53.416776790110305,0.05593749916845423,18.150967103552304,83.74418932545849
512,11.893090831035465,53.416776790110305,0.06269361548344408,19.317535357807724,92.90470289614444
513,12.666639336536917,53.416776790110305,0.07018656819758845,20.43725357230717,102.04974409541204
514,13.44018784203837,53.416776790110305,0.07800569616442438,21.562839580313035,111.1720857443805
515,14.213736347539822,53.416776790110305,0.08613858511404135,22.672746774547225,120.27163463373367
516,14.987284853041274,53.416776790110305,0.09457364008942747,23.73916830244543,129.35850767821088
517,15.760833358542726,53.416776790110305,0.10330023715246711,24.784644977574768,138.40159651511615
518,16.534381864044178,53.416776790110305,0.11230738803100655,25.826104729084584,147.42512245653188
519,17.307930369545634,53.416776790110305,0.121584965955541,26.86828740164086,156.4156039754572
520,18.081478875047086,53.416776790110305,0.13112399668410948,27.907358926976165,165.3498892995719
521,18.855027380548538,53.416776790110305,0.14091514835577734,1.681105382088871,174.21237809319294
522,19.62857588604999,53.416776790110305,0.1509498231747148,29.94435964223967,183.0589729571015
523,20.402124391551446,53.416776790110305,0.1612197457418959,30.91682665779642,191.9002693412119
524,21.175672897052895,53.416776790110305,0.20530109216405218,31.888367468727616,200.62525726931798
525,21.94922140255435,53.416776790110305,0.18243393220075288,0.0,0.0
526,22.722769908055803,53.416776790110305,0.19336359222395325,0.0,0.0
527,23.496318413557255,53.416776790110305,0.20449899768326799,0.0,0.0
528,24.269866919058707,53.416776790110305,0.21583345725039838,0.0,0.0
529,25.04341542456016,53.416776790110305,0.22736055074698971,0.0,0.0
530,25.81696393006161,53.416776790110305,0.23907418119338708,0.0,0.0
531,26.590512435563063,53.416776790110305,0.2509685816003292,5.460759986049967,260.8658139827245
532,27.364060941064515,53.416776790110305,0.26303815830873656,6.420173912148111,269.41878587349413
533,28.137609446565968,53.416776790110305,0.6981037374071095,0.0,0.0
534,28.91115795206742,53.416776790110305,0.3163519382223828,0.0,0.0
535,29.684706457568872,53.416776790110305,0.7096758269266098,0.0,0.0
536,30.45825496307033,53.416776790110305,0.7102101432824991,0.0,0.0
537,31.231803468571783,53.416776790110305,0.3476447617203266,0.0,0.0
538,32.00535197407323,53.416776790110305,0.6887392636389313,0.0,0.0
539,32.77890047957469,53.416776790110305,0.6628734796311611,0.0,0.0
540,10.34599382003256,56.46537872426778,0.05131462246902529,16.750371129701584,72.61085039585164
541,11.119542325534011,56.46537872426778,0.059129963753634024,18.10731036859719,81.43260908333531
542,11.893090831035465,56.46537872426778,0.06633761745303382,19.245015159106007,90.23000336641002
543,12.666639336536917,56.46537872426778,0.07426887334765124,20.33715701747403,99.01188948452435
544,13.44018784203837,56.46537872426778,0.0825454702066117,21.43164411290145,107.77108626772461
545,14.213736347539822,56.46537872426778,0.09115429716677269,22.524257236318952,116.50739513616942
546,14.987284853041274,56.46537872426778,0.1000830795539848,23.573079475016936,125.2310882837718
547,15.760833358542726,56.46537872426778,0.10932051277481843,24.600431930205005,133.91089304616264
548,16.534381864044178,56.46537872426778,0.11885503344339358,1.2182419606248296,142.57114952985808
549,17.307930369545634,56.46537872426778,0.12867593860689835,26.64358121064167,151.19830839768576
550,18.081478875047086,56.46537872426778,0.1387736483738132,27.667771918120646,159.76937984987288
551,18.855027380548538,56.46537872426778,0.1491383177564301,1.645481037824177,168.2683409619533
552,19.62857588604999,56.46537872426778,0.15976083378974743,29.698095035441803,176.75135593913652
553,20.402124391551446,56.46537872426778,0.17063243482134177,30.672287362202283,185.2292580591909
554,21.175672897052895,56.46537872426778,0.21650285673326936,31.633480703923755,193.59059893888403
555,21.94922140255435,56.46537872426778,0.22798725057339844,32.620618936426844,201.930151228566
556,22.722769908055803,56.46537872426778,0.20465980473261886,0.0,0.0
557,23.496318413557255,56.46537872426778,0.21644778189553726,0.0,0.0
558,24.269866919058707,56.46537872426778,0.22844652157907117,0.0,0.0
559,25.04341542456016,56.46537872426778,0.240649238599119,0.0,0.0
560,25.81696393006161,56.46537872426778,0.2530494818059577,0.0,0.0
561,26.590512435563063,56.46537872426778,0.2656411383493402,0.0,0.0
562,27.364060941064515,56.46537872426778,0.27841828823355785,6.240853233238171,259.4735478428344
563,28.137609446565968,56.46537872426778,0.29137526141712006,7.472648759909811,267.63882284106256
564,28.91115795206742,56.46537872426778,0.30450726568486614,0.0,0.0
565,29.684706457568872,56.46537872426778,0.34544662269100296,0.0,0.0
566,30.45825496307033,56.46537872426778,0.7027219809985814,0.0,0.0
567,31.231803468571783,56.46537872426778,0.36707495317343175,0.0,0.0
568,32.00535197407323,56.46537872426778,0.6862802839126163,0.0,0.0
569,32.77890047957469,56.46537872426778,0.6623928921461166,0.0,0.0
570,10.34599382003256,59.513980658425254,0.05416543482841558,16.740436120708132,70.60169899005078
571,11.119542325534011,59.513980658425254,0.06232242833881383,18.060861492239475,79.032583916231
572,11.893090831035465,59.513980658425254,0.06998161942262351,19.167255753147277,87.43906084053518
573,12.666639336536917,59.513980658425254,0.07835117849771396,20.229437219684446,95.82999700595916
574,13.44018784203837,59.513980658425254,0.087085244248799,21.29011952091063,104.19825505242491
575,14.213736347539822,59.513980658425254,0.09617000921950404,22.363812698407433,112.54353728292088
576,14.987284853041274,59.513980658425254,0.10559251901854214,0.9772177822815921,120.87626126809948
577,15.760833358542726,59.513980658425254,0.11534078839716974,24.39680491015895,129.16500196269044
578,16.534381864044178,59.513980658425254,0.1254026788557806,25.396702744698608,137.43420953772724
579,17.307930369545634,59.513980658425254,0.13576691125825577,26.399786638995067,145.670271798437
580,18.081478875047086,59.513980658425254,0.14642330006351692,27.40764398395404,153.85035310499396
581,18.855027380548538,59.513980658425254,0.1573614871570828,28.420694692062664,161.9580337992692
582,19.62857588604999,59.513980658425254,0.16857184440478,1.7764017197093855,170.04972034171607
583,20.402124391551446,59.513980658425254,0.18004512390078767,30.40547962058073,178.13646918315513
584,21.175672897052895,59.513980658425254,0.19177246248965923,31.345240521603255,186.1064271557344
585,21.94922140255435,59.513980658425254,0.23980550508784723,32.31884373076851,194.05458537800806
586,22.722769908055803,59.513980658425254,0.21595601724128444,2.706842277067467,201.96338435606694
587,23.496318413557255,59.513980658425254,0.22839656610780645,0.0,0.0
588,24.269866919058707,59.513980658425254,0.24105958590774398,0.0,0.0
589,25.04341542456016,59.513980658425254,0.2887628975113418,3.881618679009841,225.40077838576354
590,25.81696393006161,59.513980658425254,0.26702478241852823,0.0,0.0
591,26.590512435563063,59.513980658425254,0.2803136950983511,0.0,0.0
592,27.364060941064515,59.513980658425254,0.2937984181583793,0.0,0.0
593,28.137609446565968,59.513980658425254,0.307472967669456,0.0,0.0
594,28.91115795206742,59.513980658425254,0.3213321911277673,0.0,0.0
595,29.684706457568872,59.513980658425254,0.36368368991131705,0.0,0.0
596,30.45825496307033,59.513980658425254,0.694514385487859,0.0,0.0
597,31.231803468571783,59.513980658425254,0.692876812859406,0.0,0.0
598,32.00535197407323,59.513980658425254,0.49556527291171004,0.0,0.0
599,32.77890047957469,59.513980658425254,0.661568583086887,0.0,0.0
600,10.34599382003256,62.562582592582736,0.05701624718780586,16.73065383001311,68.53231775267052
601,11.119542325534011,62.562582592582736,0.06551489292399364,18.01215858906043,76.54971204814156
602,11.893090831035465,62.562582592582736,0.07362562139221324,19.085175909342215,84.54265484240365
603,12.666639336536917,62.562582592582736,0.08243348364777678,20.115359831581173,92.52002463365352
604,13.44018784203837,62.562582592582736,0.0916250182909863,21.13991147915287,100.47472481090492
605,14.213736347539822,62.562582592582736,0.1011857212722354,22.193239621640462,108.4063640022925
606,14.987284853041274,62.562582592582736,0.11110195848309948,23.195321368120545,116.32549811049596
607,15.760833358542726,62.562582592582736,0.12136106401952111,24.1764609533866,124.20055520099503
608,16.534381864044178,62.562582592582736,0.1319503242681677,25.155883844768827,132.0560917145698
609,17.307930369545634,62.562582592582736,0.1428578839096132,26.139499412778992,139.87843479285982
610,18.081478875047086,62.562582592582736,0.15407295175322064,27.12975283811144,147.64489247715366
611,18.855027380548538,62.562582592582736,0.16558465655773558,28.128067319178562,155.3386684861456
612,19.62857588604999,62.562582592582736,0.1773828550198126,1.7297664600984142,163.01640347285445
613,20.402124391551446,62.562582592582736,0.1894578129802335,1.9130306641495214,170.68936593839146
614,21.175672897052895,62.562582592582736,0.20180020574654856,31.035127759120083,178.24530975133564
615,21.94922140255435,62.562582592582736,0.2144011266634101,31.995889050081338,185.77944127266397
616,22.722769908055803,62.562582592582736,0.22725222974995005,0.0,0.0
617,23.496318413557255,62.562582592582736,0.24034535032007576,0.0,0.0
618,24.269866919058707,62.562582592582736,0.2536726502364167,0.0,0.0
619,25.04341542456016,62.562582592582736,0.26722661430337746,0.0,0.0
620,25.81696393006161,62.562582592582736,0.3162167198798409,4.301270614428587,222.92605239260507
621,26.590512435563063,62.562582592582736,0.29498625184736205,0.0,0.0
622,27.364060941064515,62.562582592582736,0.3091785480832007,0.0,0.0
623,28.137609446565968,62.562582592582736,0.3235706739217919,0.0,0.0
624,28.91115795206742,62.562582592582736,0.33815711657066855,0.0,0.0
625,29.684706457568872,62.562582592582736,0.3529324819599434,0.0,0.0
626,30.45825496307033,62.562582592582736,0.39423990774306217,0.0,0.0
627,31.231803468571783,62.562582592582736,0.6858083573237492,0.0,0.0
628,32.00535197407323,62.562582592582736,0.679450988619031,0.0,0.0
629,32.77890047957469,62.562582592582736,0.660473843768845,0.0,0.0
630,10.34599382003256,65.6111845267402,0.05986705954719615,16.72094057705976,66.40209385402252
631,11.119542325534011,65.6111845267402,0.06870735750917344,17.960579614141977,73.9779965580151
632,11.893090831035465,65.6111845267402,0.07726962336180296,18.997674544021933,81.52940005583203
633,12.666639336536917,65.6111845267402,0.08651578879783953,19.99334534688936,89.06519590192273
634,13.44018784203837,65.6111845267402,0.09616479233317358,20.97889337893344,96.57832403563893
635,14.213736347539822,65.6111845267402,0.10620143332496676,21.999296615488625,104.06830458076428
636,14.987284853041274,65.6111845267402,0.11661139794765682,22.979007328307517,111.54582684722976
637,15.760833358542726,65.6111845267402,0.12738133964187245,1.0369754172801313,118.97917173897363
638,16.534381864044178,65.6111845267402,0.13849796968055467,24.8963448926705,126.39300263596765
639,17.307930369545634,65.6111845267402,0.14994885656097054,25.85874260623424,133.7735857223653
640,18.081478875047086,65.6111845267402,0.16172260344292433,26.828053797899287,141.09835861776037
641,18.855027380548538,65.6111845267402,0.1738078259583883,27.800991275129586,148.35016485405143
642,19.62857588604999,65.6111845267402,0.18619386563484513,28.787154642780614,155.5858814791813
643,20.402124391551446,65.6111845267402,0.19887050205967938,1.8558702421363182,162.81698029930575
644,21.175672897052895,65.6111845267402,0.2118279490034378,2.05382241089144,169.93081385234413
645,21.94922140255435,65.6111845267402,0.22505685815096238,31.64657685563776,177.02281739874937
646,22.722769908055803,65.6111845267402,0.23854844225861557,32.62600650630241,184.0752405501286
647,23.496318413557255,65.6111845267402,0.2902726526004574,0.0,0.0
648,24.269866919058707,65.6111845267402,0.2662857145650894,0.0,0.0
649,25.04341542456016,65.6111845267402,0.2805153021555068,0.0,0.0
650,25.81696393006161,65.6111845267402,0.29497538364366943,0.0,0.0
651,26.590512435563063,65.6111845267402,0.34502460986194,4.795259936955367,218.8888858307919
652,27.364060941064515,65.6111845267402,0.32455867800802196,5.62642881541585,225.8297081215028
653,28.137609446565968,65.6111845267402,0.3396683801741278,0.0,0.0
654,28.91115795206742,65.6111845267402,0.35498204201356987,0.0,0.0
655,29.684706457568872,65.6111845267402,0.37049393476563813,0.0,0.0
656,30.45825496307033,65.6111845267402,0.41307798266045387,0.0,0.0
657,31.231803468571783,65.6111845267402,0.6778486190905523,0.0,0.0
658,32.00535197407323,65.6111845267402,0.5104389794282356,0.0,0.0
659,32.77890047957469,65.6111845267402,0.6586918487106339,76.71563149884783,273.8552286750686
660,10.34599382003256,68.65978646089768,0.06271787190658645,16.71132572010645,64.2112798211395
661,11.119542325534011,68.65978646089768,0.07189982209435325,17.906471349932023,71.32112982706016
662,11.893090831035465,68.65978646089768,0.0809136253313927,18.905333030725078,78.40642431765002
663,12.666639336536917,68.65978646089768,0.09059809394790228,19.864175972563302,85.47607126680454
664,13.44018784203837,68.65978646089768,0.10070456637536089,20.811082958691717,92.52304206223027
665,14.213736347539822,68.65978646089768,0.1112171453776981,21.789912855482026,99.54677276520725
666,14.987284853041274,68.65978646089768,0.12212083741221413,22.748748127242845,106.55808391428863
667,15.760833358542726,68.65978646089768,0.13340161526422378,23.686384882067358,113.525102650424
668,16.534381864044178,68.65978646089768,0.14504561509294173,1.113341045490042,120.47260482723921
669,17.307930369545634,68.65978646089768,0.15703982921232792,25.554226854549984,127.38679265892065
670,18.081478875047086,68.65978646089768,0.169372255132628,26.495350814768422,134.2452164351101
671,18.855027380548538,68.65978646089768,0.18203099535904096,27.44768957218959,141.03037049368058
672,19.62857588604999,68.65978646089768,0.1950048762498777,28.416584411462026,147.79938161716174
673,20.402124391551446,68.65978646089768,0.20828319113912527,29.39355200442491,154.56391953702908
674,21.175672897052895,68.65978646089768,0.22185569226032703,1.984645624512972,161.21090552525843
675,21.94922140255435,68.65978646089768,0.23571258963851469,31.257570241652346,167.83603487122164
676,22.722769908055803,68.65978646089768,0.24984465476728115,32.21856321077726,174.421458955612
677,23.496318413557255,68.65978646089768,0.30329736244676536,0.0,0.0
678,24.269866919058707,68.65978646089768,0.3174654786925131,0.0,0.0
679,25.04341542456016,68.65978646089768,0.293803990007636,0.0,0.0
680,25.81696393006161,68.65978646089768,0.30895068425624,0.0,0.0
681,26.590512435563063,68.65978646089768,0.36062860558889653,0.0,0.0
682,27.364060941064515,68.65978646089768,0.37521151347347304,5.3966759221355325,213.37316553819704
683,28.137609446565968,68.65978646089768,0.35576608642646373,6.448638475762006,219.82289316434787
684,28.91115795206742,68.65978646089768,0.3718069674564711,7.904888589714876,226.17860804786727
685,29.684706457568872,68.65978646089768,0.38805538757133284,0.0,0.0
686,30.45825496307033,68.65978646089768,0.4319069826875302,0.0,0.0
687,31.231803468571783,68.65978646089768,0.4211509367280191,0.0,0.0
688,32.00535197407323,68.65978646089768,0.5180962189755,0.0,0.0
689,32.77890047957469,68.65978646089768,0.656296242063582,74.95574775522789,258.1275273178182
690,10.34599382003256,71.70838839505515,0.06556868426597674,16.701818636975272,61.959978493290464
691,11.119542325534011,71.70838839505515,0.07509228667953304,17.850016812765737,68.58115185483705
692,11.893090831035465,71.70838839505515,0.08455762730098239,18.808448443042753,75.17770448089084
693,12.666639336536917,71.70838839505515,0.09468039909796507,19.726388197485424,81.75856421112287
694,13.44018784203837,71.70838839505515,0.10524434041754818,20.634214915622806,88.31672899199522
695,14.213736347539822,71.70838839505515,0.11623285743042945,21.568642715129545,94.8515547277663
696,14.987284853041274,71.70838839505515,0.12763027687677148,22.50504909151648,101.37399182349375
697,15.760833358542726,71.70838839505515,0.13942189088657508,23.41844476993045,107.85200613493357
698,16.534381864044178,71.70838839505515,0.1515932605053287,24.318898309538458,114.31049219330063
699,17.307930369545634,71.70838839505515,0.1641308018636853,25.224785539601807,120.73558484980589
700,18.081478875047086,71.70838839505515,0.1770219068223317,26.14168287474017,127.10493090156719
701,18.855027380548538,71.70838839505515,0.19025416475969378,27.071826388881,133.40068431905237
702,19.62857588604999,71.70838839505515,0.20381588686491034,28.020580227618613,139.68023643539775
703,20.402124391551446,71.70838839505515,0.2176958802185711,28.981425472782856,145.95545074960097
704,21.175672897052895,71.70838839505515,0.23188343551721624,29.913287649689696,152.11278481266854
705,21.94922140255435,71.70838839505515,0.2463683211260671,2.1172335565408544,158.248226546331
706,22.722769908055803,71.70838839505515,0.2611408672759468,2.3532334040353473,164.3438254492715
707,23.496318413557255,71.70838839505515,0.27619170295688333,32.77493655549918,170.40273179593814
708,24.269866919058707,71.70838839505515,0.3310793846852043,0.0,0.0
709,25.04341542456016,71.70838839505515,0.3070926778597653,0.0,0.0
710,25.81696393006161,71.70838839505515,0.3229259848688106,0.0,0.0
711,26.590512435563063,71.70838839505515,0.3390039220943948,0.0,0.0
712,27.364060941064515,71.70838839505515,0.39143549995633975,0.0,0.0
713,28.137609446565968,71.70838839505515,0.4067766176967992,6.156218027596138,206.31521351256967
714,28.91115795206742,71.70838839505515,0.38863189289937244,7.541630116806493,212.1806753647353
715,29.684706457568872,71.70838839505515,0.40561684037702755,9.587213725307093,218.03754600244858
716,30.45825496307033,71.70838839505515,0.4507139275378152,0.0,0.0
717,31.231803468571783,71.70838839505515,0.4402122153954347,0.0,0.0
718,32.00535197407323,71.70838839505515,0.6604943416927654,0.0,0.0
719,32.77890047957469,71.70838839505515,0.6530760807838925,73.06490257318077,241.67847580016448
720,10.34599382003256,74.75699032921263,0.06841949662536702,16.69128970168944,59.63973069422022
721,11.119542325534011,74.75699032921263,0.07828475126471285,17.7811036900186,65.6584432352901
722,11.893090831035465,74.75699032921263,0.08820162927057212,18.689198475380145,71.65259096873535
723,12.666639336536917,74.75699032921263,0.09876270424802783,19.5534591792612,77.63107806657904
724,13.44018784203837,74.75699032921263,0.10978411445973549,20.414967219120662,83.58695892458348
725,14.213736347539822,74.75699032921263,0.12124856948316079,21.29373606649194,89.51952042954633
726,14.987284853041274,74.75699032921263,0.13313971634132882,22.201703293506032,95.439778720298
727,15.760833358542726,74.75699032921263,0.1454421665089264,23.071693360267993,101.31570378990604
728,16.534381864044178,74.75699032921263,0.15814090591771574,23.9389798364426,107.17218097539829
729,17.307930369545634,74.75699032921263,0.1712217745150427,24.813040386172307,112.99534910885043
730,18.081478875047086,74.75699032921263,0.18467155851203546,25.699270749563688,118.7630457774862
731,18.855027380548538,74.75699032921263,0.19847733416034646,26.590981034698817,124.45720203482499
732,19.62857588604999,74.75699032921263,0.21262689747994284,27.504278846422874,130.13517991937184
733,20.402124391551446,74.75699032921263,0.22710856929801693,28.441377654043816,135.80896191822274
734,21.175672897052895,74.75699032921263,0.2419111787741055,29.386573269421945,141.3651171438367
735,21.94922140255435,74.75699032921263,0.25702405261361944,30.308246000660333,146.89944984792905
736,22.722769908055803,74.75699032921263,0.3137922207957072,2.235992068601243,152.3940014775252
737,23.496318413557255,74.75699032921263,0.28814048716915264,2.493082410241405,157.8520335005744
738,24.269866919058707,74.75699032921263,0.3041249075511076,0.0,0.0
739,25.04341542456016,74.75699032921263,0.3203813657118945,0.0,0.0
740,25.81696393006161,74.75699032921263,0.33690128548138115,0.0,0.0
741,26.590512435563063,74.75699032921263,0.35367647884340564,0.0,0.0
742,27.364060941064515,74.75699032921263,0.4075818219007149,0.0,0.0
743,28.137609446565968,74.75699032921263,0.42359288172630966,0.0,0.0
744,28.91115795206742,74.75699032921263,0.4393791739891833,7.095095437096103,195.42526576083276
745,29.684706457568872,74.75699032921263,0.4231782931827222,9.01370179884265,200.68180568551026
746,30.45825496307033,74.75699032921263,0.4694720229903648,0.0,0.0
747,31.231803468571783,74.75699032921263,0.4835404534712191,0.0,0.0
748,32.00535197407323,74.75699032921263,0.4970331069979417,0.0,0.0
749,32.77890047957469,74.75699032921263,0.648755994897333,70.6742967322875,221.9206001656762
750,10.34599382003256,77.8055922633701,0.07127030898475734,16.67893526367432,57.244559076800236
751,11.119542325534011,77.8055922633701,0.08147721584989268,17.692151527645503,62.47985850134583
752,11.893090831035465,77.8055922633701,0.09184563124016182,18.52837180622924,67.69084304144087
753,12.666639336536917,77.8055922633701,0.1028450093980906,19.327373082671507,72.88632340954496
754,13.44018784203837,77.8055922633701,0.11432388850192277,20.127351641317862,78.05945911974005
755,14.213736347539822,77.8055922633701,0.12626428153589217,20.93285747071703,83.2094844453926
756,14.987284853041274,77.8055922633701,0.13864915580588613,21.77547458988571,88.3473804099853
757,15.760833358542726,77.8055922633701,0.1514624421312778,22.607839253839128,93.44138460738573
758,16.534381864044178,77.8055922633701,0.1646885513301028,23.436177407324294,98.51616940151577
759,17.307930369545634,77.8055922633701,0.17831274716640008,24.258502697892386,103.55799128170057
760,18.081478875047086,77.8055922633701,0.19232121020173915,25.091962041957053,108.54503233282037
761,18.855027380548538,77.8055922633701,0.20670050356099914,1.2961190634219582,113.45918354975775
762,19.62857588604999,77.8055922633701,0.22143790809497538,26.81529567243053,118.35730921195876
763,20.402124391551446,77.8055922633701,0.23652125837746268,27.707641984973545,123.25139392688857
764,21.175672897052895,77.8055922633701,0.25193892203099477,28.620442431962687,128.0290365599821
765,21.94922140255435,77.8055922633701,0.2676797841011719,29.544010792193887,132.78509577822948
766,22.722769908055803,77.8055922633701,0.28373329229327804,30.464223586029284,137.5017542516278
767,23.496318413557255,77.8055922633701,0.3000892713814219,31.380802068764318,142.1823408608652
768,24.269866919058707,77.8055922633701,0.31673797187978037,2.5938092582916563,146.77599959698023
769,25.04341542456016,77.8055922633701,0.3336700535640238,2.923942450175257,151.36545285273633
770,25.81696393006161,77.8055922633701,0.3508765860939518,0.0,0.0
771,26.590512435563063,77.8055922633701,0.36834903559241655,0.0,0.0
772,27.364060941064515,77.8055922633701,0.3860791977073075,0.0,0.0
773,28.137609446565968,77.8055922633701,0.4402850625493446,0.0,0.0
774,28.91115795206742,77.8055922633701,0.456748394145548,0.0,0.0
775,29.684706457568872,77.8055922633701,0.4727163033889355,8.269150239682967,178.8010851446446
776,30.45825496307033,77.8055922633701,0.48815540733523644,0.0,0.0
777,31.231803468571783,77.8055922633701,0.5028481439808057,0.0,0.0
778,32.00535197407323,77.8055922633701,0.5417579543991595,0.0,0.0
779,32.77890047957469,77.8055922633701,0.562263422138883,0.0,0.0
780,10.34599382003256,80.85419419752758,0.07412112134414763,16.6647524989074,54.77451152517343
781,11.119542325534011,80.85419419752758,0.08466968043507245,17.582771218725668,59.044224846008255
782,11.893090831035465,80.85419419752758,0.09548963320975154,18.322038346873004,63.29007915931456
783,12.666639336536917,80.85419419752758,0.10692731454815337,19.045970183884513,67.52071760552761
784,13.44018784203837,80.85419419752758,0.11886366254411007,19.767295587017916,71.72945663979996
785,14.213736347539822,80.85419419752758,0.13127999358862352,20.487866568239397,75.91549505687823
786,14.987284853041274,80.85419419752758,0.14415859527044353,21.23493434205667,80.08967206111443
787,15.760833358542726,80.85419419752758,0.15748271775362907,22.013434436094318,84.2207722655828
788,16.534381864044178,80.85419419752758,0.1712361967424898,22.77385373322487,88.33303891674771
789,17.307930369545634,80.85419419752758,0.1854037198177575,23.542778128186136,92.41296673257995
790,18.081478875047086,80.85419419752758,0.1999708618914429,24.314483886149524,96.43924599001953
791,18.855027380548538,80.85419419752758,0.2149236729616519,25.098121212444134,100.3939207631655
792,19.62857588604999,80.85419419752758,0.23024891871000805,25.90866709937529,104.33286063882441
793,20.402124391551446,80.85419419752758,0.24593394745690864,1.4301462036420827,108.26792881800236
794,21.175672897052895,80.85419419752758,0.26196666528788404,27.601242409630043,112.08872811465248
795,21.94922140255435,80.85419419752758,0.2783355155887242,28.49091274165558,115.88836290246199
796,22.722769908055803,80.85419419752758,0.2950295048019436,29.40623222753607,119.64931536294706
797,23.496318413557255,80.85419419752758,0.3120380555936911,30.31537134716788,123.37493574627653
798,24.269866919058707,80.85419419752758,0.3293510362084532,31.230320505658955,127.01528339000413
799,25.04341542456016,80.85419419752758,0.3469587414161531,32.20926829949003,130.65143701116278
800,25.81696393006161,80.85419419752758,0.36485188670652235,2.9927446295779077,134.37592712565123
801,26.590512435563063,80.85419419752758,0.3830215923414276,3.4356359912249523,138.01912487302096
802,27.364060941064515,80.85419419752758,0.4014593276321288,4.003699297826285,141.6716975855597
803,28.137609446565968,80.85419419752758,0.4201569114358074,4.757333237195583,145.30107812074073
804,28.91115795206742,80.85419419752758,0.4391066692280761,5.802447309147723,148.83942550850057
805,29.684706457568872,80.85419419752758,0.45830119879411163,7.351084371280718,152.3694740872527
806,30.45825496307033,80.85419419752758,0.47773327425678025,0.0,0.0
807,31.231803468571783,80.85419419752758,0.5220441788218104,0.0,0.0
808,32.00535197407323,80.85419419752758,0.5367858519910357,0.0,0.0
809,32.77890047957469,80.85419419752758,0.5710246397752151,63.268491745040855,166.6956880550487
810,10.34599382003256,83.90279613168505,0.07697193370353793,16.648128135922352,52.2250649159855
811,11.119542325534011,83.90279613168505,0.08786214502025226,17.44707039567837,55.29765127361327
812,11.893090831035465,83.90279613168505,0.09913363517934126,18.064115685801944,58.34705274370191
813,12.666639336536917,83.90279613168505,0.11100961969821613,18.692189492834057,61.38166641851387
814,13.44018784203837,83.90279613168505,0.12340343658629738,19.30016430157771,64.39501907572235
815,14.213736347539822,83.90279613168505,0.13629570564135488,19.923292357038395,67.38629581361069
816,14.987284853041274,83.90279613168505,0.1496680347350008,20.554236030352406,70.36607694753411
817,15.760833358542726,83.90279613168505,0.16350299337598045,21.210499552146544,73.30399223969324
818,16.534381864044178,83.90279613168505,0.1777838421548768,21.90048929696409,76.22362590104444
819,17.307930369545634,83.90279613168505,0.19249469246911485,22.586461207143586,79.1118391547849
820,18.081478875047086,83.90279613168505,0.20762051358114655,23.282918228040927,81.94800127756554
821,18.855027380548538,83.90279613168505,0.22314684236230464,23.977488341962957,84.714519052542
822,19.62857588604999,83.90279613168505,0.2390599293250406,24.70104689929341,87.46573890825768
823,20.402124391551446,83.90279613168505,0.25534663653635453,25.449404996666654,90.21326898551926
824,21.175672897052895,83.90279613168505,0.27199440854477325,26.219589390820367,92.8497510905893
825,21.94922140255435,83.90279613168505,0.28899124707627655,27.028950598175804,95.46567773183203
826,22.722769908055803,83.90279613168505,0.3063257173106091,27.873343654082344,98.04399925296626
827,23.496318413557255,83.90279613168505,0.3239868398059603,1.8370922837503492,100.58803624253852
828,24.269866919058707,83.90279613168505,0.3419641005371259,2.038733282318342,103.04922950311995
829,25.04341542456016,83.90279613168505,0.36024742926828224,30.589766475486798,105.50629495879856
830,25.81696393006161,83.90279613168505,0.37882718731909293,31.567628469871412,108.04919737721984
831,26.590512435563063,83.90279613168505,0.3976941490904384,32.62813829753038,110.51315264252658
832,27.364060941064515,83.90279613168505,0.4168394575569502,0.0,0.0
833,28.137609446565968,83.90279613168505,0.4362546176881434,0.0,0.0
834,28.91115795206742,83.90279613168505,0.45593159467097755,4.917224934144342,117.79879770349223
835,29.684706457568872,83.90279613168505,0.4758626515998062,6.210284554304183,120.15283541921502
836,30.45825496307033,83.90279613168505,0.49604027975247245,8.327814595900186,122.62595995672419
837,31.231803468571783,83.90279613168505,0.5164573300650974,0.0,0.0
838,32.00535197407323,83.90279613168505,0.5371068104161891,0.0,0.0
839,32.77890047957469,83.90279613168505,0.5798493668314981,57.6708401243096,129.7690047320625
840,10.34599382003256,86.95139806584253,0.07982274606292818,16.629595855126485,49.600288747737594
841,11.119542325534011,86.95139806584253,0.09105460960543206,17.242613686179016,51.29116150258745
842,11.893090831035465,86.95139806584253,0.10277763714893094,17.762872084633386,52.95975321095347
843,12.666639336536917,86.95139806584253,0.11509192484827886,18.251907763541098,54.614132186784346
844,13.44018784203837,86.95139806584253,0.12794321062848468,18.747701890919515,56.24809223188967
845,14.213736347539822,86.95139806584253,0.14131141769408623,19.236414255564636,57.860828008323075
846,14.987284853041274,86.95139806584253,0.1551774741995582,19.745032581744223,59.46253812380498
847,15.760833358542726,86.95139806584253,0.1695232689983317,20.259224759766997,61.024009744592256
848,16.534381864044178,86.95139806584253,0.1843314875672638,20.79487940831806,62.56792778070833
849,17.307930369545634,86.95139806584253,0.19958566512047224,21.361225773113503,64.08165397059933
850,18.081478875047086,86.95139806584253,0.21527016527085027,21.95536279970668,65.54542150969598
851,18.855027380548538,86.95139806584253,0.23137001176295738,22.547183543300164,66.94221088267841
852,19.62857588604999,86.95139806584253,0.24787093994007323,23.15907853982862,68.32429281995003
853,20.402124391551446,86.95139806584253,0.2647593256158003,23.78779318031109,69.70288506937314
854,21.175672897052895,86.95139806584253,0.2820221518016625,24.44039953828005,70.97475252151479
855,21.94922140255435,86.95139806584253,0.2996469785638289,25.118907208402977,72.22687442519079
856,22.722769908055803,86.95139806584253,0.3176219298192748,25.840293801332983,73.44284501432062
857,23.496318413557255,86.95139806584253,0.3359356240182295,26.600928100499498,74.62590583715378
858,24.269866919058707,86.95139806584253,0.3545771648657986,27.40584508800571,75.72936780629878
859,25.04341542456016,86.95139806584253,0.3735361171204117,11.37176415503724,76.82882234080584
860,25.81696393006161,86.95139806584253,0.3928024879316636,29.219081811766912,78.01076471714713
861,26.590512435563063,86.95139806584253,0.4123667058394494,11.318454581889611,79.11687514352508
862,27.364060941064515,86.95139806584253,0.4322195874817714,11.280098667116128,80.23169559987313
863,28.137609446565968,86.95139806584253,0.45235232394047925,32.36676102252473,81.32486946799749
864,28.91115795206742,86.95139806584253,0.4727565201138787,3.894019790730872,82.33311412915837
865,29.684706457568872,86.95139806584253,0.49342410440550083,11.044586700219286,83.33361895279508
866,30.45825496307033,86.95139806584253,0.5143472852481646,6.527626271314446,84.44849248021137
867,31.231803468571783,86.95139806584253,0.535518608732513,0.0,0.0
868,32.00535197407323,86.95139806584253,0.5569308496111138,0.0,0.0
869,32.77890047957469,86.95139806584253,0.5785770942423741,50.456374766482824,87.52771930580438
870,10.34599382003256,90.0,0.0826735584223185,16.609019482681724,46.89923092885459
871,11.119542325534011,90.0,0.09424707419061189,17.002395448773537,47.0176338130983
872,11.893090831035465,90.0,0.10642163911852069,17.40986814896382,47.11490108117508
873,12.666639336536917,90.0,0.1191742299983417,17.732562400138203,47.198685233971524
874,13.44018784203837,90.0,0.13248298467067196,18.062953060823176,47.2631097920803
875,14.213736347539822,90.0,0.14632712974681758,18.407119615881882,47.30739467582144
876,14.987284853041274,90.0,0.16068691366411547,18.756986272518528,47.34123655947409
877,15.760833358542726,90.0,0.1755435446206831,19.10697884264315,47.33690509178419
878,16.534381864044178,90.0,0.1908791329796509,19.474481168040267,47.315933606507606
879,17.307930369545634,90.0,0.20667663777182965,19.858048160204465,47.26632505721928
880,18.081478875047086,90.0,0.22291981696055396,20.250423503867093,47.16937219661553
881,18.855027380548538,90.0,0.23959318116361006,20.660417468999498,47.008848899156945
882,19.62857588604999,90.0,0.25668195055510573,21.09816482679576,46.83436996745956
883,20.402124391551446,90.0,0.2741720146952462,21.571559629759644,46.65662165146234
884,21.175672897052895,90.0,0.2920498950585518,22.066575213282302,46.3776307841726
885,21.94922140255435,90.0,0.3103027100513813,22.56937893132688,46.079915695584425
886,22.722769908055803,90.0,0.32891814232794037,23.103885484557466,45.74789890643548
887,23.496318413557255,90.0,0.3478844082304988,23.666879394067593,45.38469198174083
888,24.269866919058707,90.0,0.3671902291944713,24.263632897888854,44.945989375507295
889,25.04341542456016,90.0,0.38682480497254096,24.909518959304094,44.50345586190047
890,25.81696393006161,90.0,0.40677778854423413,25.629961623543082,44.13916754843015
891,26.590512435563063,90.0,0.42703926258846037,26.408204399597093,43.702972974758374
892,27.364060941064515,90.0,0.44759971740659277,27.278588296680276,43.27502607623295
893,28.137609446565968,90.0,0.46845003019281517,28.25495043965527,42.82654921858493
894,28.91115795206742,90.0,0.48958144555678,29.347927949589423,42.297536292683944
895,29.684706457568872,90.0,0.5109855572111957,11.219650077652618,41.76118470798622
896,30.45825496307033,90.0,0.5326542907438568,11.102871466857248,41.33326730894956
897,31.231803468571783,90.0,0.5545798873999287,10.86035468338417,40.86373122711114
898,32.00535197407323,90.0,0.5767548888060388,0.0,0.0
899,32.77890047957469,90.0,0.5991721225729789,40.733869379793894,39.79788312737846
