1.02, 2.0, 10.0, acc22, 2.4731643816826363, 4.049176941789895, 100.0, 0.5916788618299139, 2817.090103460842, 170.0, 799.5660294998837, 880.3406573315131, 54.666666666666664, 0.0, 1.05, 0.0, 704.8673403909888
1.02, 1.5, 8.0, acc22, 2.3192724438030385, 7.58801999382926, 100.0, 0.5818167917401981, 2919.0147252447437, 170.0, 786.2389077570243, 912.1921016389824, 54.666666666666664, 0.0, 1.05, 0.0, 711.3508532886024
1.02, 2.0, 12.0, acc22, 2.4166947820623683, 7.176160360028289, 100.0, 0.612084135077653, 2880.7775415259744, 170.0, 827.1407230779096, 900.242981726867, 54.666666666666664, 0.0, 1.05, 0.0, 721.4842966816718
1.02, 2.5, 10.0, acc22, 2.7257151195150535, 3.560800398713217, 100.0, 0.5707748035437094, 2633.38405416506, 170.0, 771.3173020860937, 822.9325169265813, 54.666666666666664, 0.0, 1.05, 0.0, 674.8874366544362
1.02, 1.5, 10.0, acc22, 2.2690331047308847, 7.795601337373419, 100.0, 0.6486360945899596, 2995.0486486837553, 170.0, 876.5352629594049, 935.9527027136735, 54.666666666666664, 0.0, 1.05, 0.0, 751.2707879855774
1.02, 1.5, 16.0, acc22, 2.2109241494680676, 17.002418283690133, 100.0, 0.6442455960638033, 3090.700952022016, 170.0, 870.6021568429775, 965.84404750688, 54.666666666666664, 0.0, 1.05, 0.0, 759.6561715224501
1.02, 2.0, 14.0, acc22, 2.3725138211795054, 7.342401137133544, 100.0, 0.6280045284346798, 2925.9321527201823, 170.0, 848.6547681549727, 914.3537977250569, 54.666666666666664, 0.0, 1.05, 0.0, 733.9529980580103
1.02, 1.5, 14.0, acc22, 2.2158205607380186, 12.146897744059373, 100.0, 0.6367566414423518, 3070.416211571454, 170.0, 860.48194789507, 959.5050661160794, 54.666666666666664, 0.0, 1.05, 0.0, 753.8954549039023
1.02, 2.0, 8.0, acc22, 2.570132283273084, 3.8570019031588423, 100.0, 0.5669581780640209, 2709.495661344496, 170.0, 766.1597000865147, 846.717394170155, 54.666666666666664, 0.0, 1.05, 0.0, 681.4069829898344
1.02, 2.5, 8.0, acc22, 2.8980676712877065, 3.2876609476855094, 100.0, 0.5476971526772912, 2506.067616198762, 170.0, 740.1312874017449, 783.1461300621132, 54.666666666666664, 0.0, 1.05, 0.0, 650.0470961123502
1.02, 2.0, 16.0, acc22, 2.3575176460923357, 7.408390978412454, 100.0, 0.6386625203167831, 2957.5560329554005, 170.0, 863.0574598875446, 924.2362602985627, 54.666666666666664, 0.0, 1.05, 0.0, 742.4528020651375
1.02, 1.5, 12.0, acc22, 2.233669183279203, 12.024608350365618, 100.0, 0.6652701623932066, 3040.7232564320493, 170.0, 899.0137329637927, 950.2260176350154, 54.666666666666664, 0.0, 1.05, 0.0, 764.1339127095829
1.02, 2.5, 16.0, acc22, 2.541719677519557, 6.712464864201914, 100.0, 0.6009227638874528, 2821.7323731125716, 170.0, 812.0577890370984, 881.7913665976786, 54.666666666666664, 0.0, 1.05, 0.0, 709.7472044721719
1.02, 3.0, 14.0, acc22, 2.8068610870200406, 3.413327968333423, 100.0, 0.5826474534645634, 2635.582084654076, 170.0, 787.3614236007613, 823.6194014543987, 54.666666666666664, 0.0, 1.05, 0.0, 680.743288769306
1.02, 2.5, 12.0, acc22, 2.631493893740002, 3.7255223035771836, 100.0, 0.5849223127080742, 2721.7333042557957, 170.0, 790.4355577136138, 850.5416575799361, 54.666666666666664, 0.0, 1.05, 0.0, 691.2420253527424
1.02, 2.5, 14.0, acc22, 2.582086845408331, 6.575354768966701, 100.0, 0.5947307367967929, 2778.4663368292486, 170.0, 803.690184860531, 868.2707302591401, 54.666666666666664, 0.0, 1.05, 0.0, 702.0863202918848
1.02, 3.0, 12.0, acc22, 2.8983462242288134, 3.270788707815142, 100.0, 0.5710941415853404, 2561.8231688835654, 170.0, 771.7488399801898, 800.5697402761142, 54.666666666666664, 0.0, 1.05, 0.0, 667.2115030897064
1.02, 3.0, 16.0, acc22, 2.7448081953412333, 3.518075661877541, 100.0, 0.5890625698059617, 2690.8574009055724, 170.0, 796.0304997377862, 840.8929377829913, 54.666666666666664, 0.0, 1.05, 0.0, 689.8232031322722
1.02, 3.0, 8.0, acc22, 3.28759169426314, 2.7587007367167296, 100.0, 0.5328572903840051, 2318.6237543062202, 170.0, 720.0774194378447, 724.5699232206939, 54.666666666666664, 0.0, 1.05, 0.0, 622.5265699304884
1.02, 3.0, 10.0, acc22, 3.041367807946944, 3.067592995623233, 100.0, 0.5545031806340238, 2460.3041306653645, 170.0, 749.3286224784106, 768.8450408329264, 54.666666666666664, 0.0, 1.05, 0.0, 648.2607821589679
1.02, 3.5, 8.0, acc22, 3.7658490175629624, 2.2604873513521513, 96.26492456434396, 0.5134097819162459, 2149.688057025844, 170.0, 693.7970025895214, 671.7775178205763, 54.666666666666664, 0.0, 1.05, 0.0, 594.8510821435342
1.02, 3.5, 14.0, acc22, 3.079500104873324, 3.002972264646287, 100.0, 0.5691949808385882, 2495.0202338747454, 170.0, 769.1824065386327, 779.6938230858578, 54.666666666666664, 0.0, 1.05, 0.0, 659.0066803685717
1.02, 3.5, 10.0, acc22, 3.3985680945918317, 2.618144833261543, 100.0, 0.542903795488262, 2299.960988703469, 170.0, 733.6537776868405, 718.737808969834, 54.666666666666664, 0.0, 1.05, 0.0, 625.237055329836
1.02, 3.5, 12.0, acc22, 3.20982095312972, 2.8361224961939335, 100.0, 0.5586034352029043, 2411.0816682530103, 170.0, 754.8695070309519, 753.4630213290657, 54.666666666666664, 0.0, 1.05, 0.0, 644.8163849260061
1.02, 3.5, 16.0, acc22, 2.990692730096238, 3.126905657215534, 100.0, 0.5774344881039577, 2558.3843638614117, 170.0, 780.3168758161592, 799.4951137066912, 54.666666666666664, 0.0, 1.05, 0.0, 669.8341963329975
1.53, 2.0, 8.0, acc22, 3.1073785990625575, 5.323268193934599, 100.0, 0.5975725172592797, 2713.0803809466875, 255.0, 807.5304287287564, 847.8376190458398, 54.666666666666664, 0.0, 1.05, 0.0, 726.0288167211087
1.53, 2.0, 10.0, acc22, 3.01041069747211, 8.457433132613618, 100.0, 0.6206136679353583, 2821.9614168443914, 255.0, 838.6671188315653, 881.8629427638723, 54.666666666666664, 0.0, 1.05, 0.0, 748.8355215584031
1.53, 1.5, 12.0, acc22, 2.768783920121308, 17.686563576804545, 100.0, 0.6066398988323262, 3046.029044812356, 255.0, 819.783647070711, 951.8840765038613, 54.666666666666664, 0.0, 1.05, 0.0, 766.7337032511003
1.53, 1.5, 8.0, acc22, 2.854387180645144, 12.799603061312009, 100.0, 0.6350274721411865, 2924.631439474578, 255.0, 858.1452326232251, 913.9473248358056, 54.666666666666664, 0.0, 1.05, 0.0, 766.8823951106608
1.53, 1.5, 10.0, acc22, 2.80414784157299, 13.110729316861729, 100.0, 0.661516472529967, 2998.396987038062, 255.0, 893.9411790945501, 936.9990584493944, 54.666666666666664, 0.0, 1.05, 0.0, 787.4790831403806
1.53, 2.5, 8.0, acc22, 3.4267876712877063, 4.630515383984065, 100.0, 0.580171246454866, 2510.2842476800465, 255.0, 784.015197911981, 784.4638274000146, 54.666666666666664, 0.0, 1.05, 0.0, 695.6176588591984
1.53, 2.0, 12.0, acc22, 2.956783203115, 8.664913849161916, 100.0, 0.6376365654919581, 2887.665917602023, 255.0, 861.6710344485921, 902.3955992506322, 54.666666666666664, 0.0, 1.05, 0.0, 764.0733217947286
1.53, 2.0, 14.0, acc22, 2.9268127685479266, 12.333993897055862, 100.0, 0.6513733487797156, 2933.9922551318773, 255.0, 880.2342551077239, 916.8725797287117, 54.666666666666664, 0.0, 1.05, 0.0, 775.6373921927525
1.53, 1.5, 14.0, acc22, 2.757330034422229, 22.667815061915846, 100.0, 0.6330157079668084, 3076.517656901818, 255.0, 855.4266323875788, 961.4117677818182, 54.666666666666664, 0.0, 1.05, 0.0, 782.543440059289
1.53, 1.5, 16.0, acc22, 2.7460388863101732, 28.139378063307042, 100.0, 0.6278686390691977, 3098.4605447722156, 255.0, 848.4711338772942, 968.2689202413173, 54.666666666666664, 0.0, 1.05, 0.0, 782.5090189415141
1.53, 2.0, 16.0, acc22, 2.9032902776712826, 12.472573554729397, 100.0, 0.6522375719443522, 2966.1219408910974, 255.0, 881.4021242491245, 926.9131065284679, 54.666666666666664, 0.0, 1.05, 0.0, 779.5603307721573
1.53, 2.5, 16.0, acc22, 3.0810975722563994, 8.164432798769536, 100.0, 0.6430209986661714, 2831.1164540655705, 255.0, 868.9472954948261, 884.7238918954909, 54.666666666666664, 0.0, 1.05, 0.0, 760.4349155866108
1.53, 2.5, 12.0, acc22, 3.1815296832136863, 7.8131449632824665, 100.0, 0.6225920870364632, 2728.1657247878497, 255.0, 841.3406581573828, 852.5517889962031, 54.666666666666664, 0.0, 1.05, 0.0, 739.512356503755
1.53, 2.5, 10.0, acc22, 3.265093014251896, 4.947534103230129, 100.0, 0.6016174396124695, 2639.415817292359, 255.0, 812.9965400168508, 824.8174429038621, 54.666666666666664, 0.0, 1.05, 0.0, 719.8848940222496
1.53, 2.5, 14.0, acc22, 3.121464740145173, 8.016111924088102, 100.0, 0.6336570517609373, 2791.0886301156183, 255.0, 856.2933131904558, 872.2151969111308, 54.666666666666664, 0.0, 1.05, 0.0, 751.6279785355553
1.53, 3.0, 8.0, acc22, 3.82910116794735, 3.9287435998026683, 98.06814587802668, 0.556249362518653, 2322.4644109470687, 255.0, 751.6883277279095, 725.7701284209589, 54.666666666666664, 0.0, 1.05, 0.0, 663.7604596521039
1.53, 3.0, 10.0, acc22, 3.587140439525892, 4.313827623160735, 100.0, 0.5871119513501343, 2466.5052477721833, 255.0, 793.3945288515329, 770.7828899288073, 54.666666666666664, 0.0, 1.05, 0.0, 694.1120965731191
1.53, 3.0, 16.0, acc22, 3.2863176690254443, 7.433069798807912, 100.0, 0.6253380885709499, 2699.7009048802124, 255.0, 845.0514710418241, 843.6565327750665, 54.666666666666664, 0.0, 1.05, 0.0, 737.6978013359117
1.53, 3.0, 12.0, acc22, 3.4526451715972346, 4.556008755689282, 100.0, 0.6055664895565961, 2569.1739256618653, 255.0, 818.3330939954002, 802.8668517693328, 54.666666666666664, 0.0, 1.05, 0.0, 714.0699810176566
1.53, 3.0, 14.0, acc22, 3.348370560704251, 4.756873525972006, 100.0, 0.6171580302717228, 2644.428637500012, 255.0, 833.9973382050307, 826.3839492187537, 54.666666666666664, 0.0, 1.05, 0.0, 727.7834505983245
1.53, 3.5, 8.0, acc22, 4.294569017562962, 3.2779012500545006, 82.38041283999162, 0.4957120712300009, 2153.0144837223247, 255.0, 669.8811773378391, 672.8170261632264, 54.666666666666664, 0.0, 1.05, 0.0, 616.5943712253729
1.53, 3.5, 12.0, acc22, 3.753462005761299, 4.014719160219739, 100.0, 0.5907925585528326, 2418.3837994395562, 255.0, 798.3683223686927, 755.7449373248614, 54.666666666666664, 0.0, 1.05, 0.0, 690.5896408927439
1.53, 3.5, 10.0, acc22, 3.9571301998549897, 3.7127349205587805, 95.00955033656939, 0.5582403588352014, 2306.2749856958776, 255.0, 754.3788632908127, 720.7109330299618, 54.666666666666664, 0.0, 1.05, 0.0, 662.9314287122711
2.04, 1.5, 8.0, acc22, 3.383107180645144, 17.880193057877932, 100.0, 0.6405667297301262, 2913.1433240931556, 340.0, 865.6307158515219, 910.3572887791111, 54.666666666666664, 0.0, 1.05, 0.0, 797.9958016207215
1.53, 3.5, 14.0, acc22, 3.623141157504903, 4.230595388056182, 100.0, 0.6032509542421852, 2503.51536490213, 255.0, 815.2039922191692, 782.3485515319156, 54.666666666666664, 0.0, 1.05, 0.0, 705.7933903128798
1.53, 3.5, 16.0, acc22, 3.544281151148869, 6.655232738345392, 100.0, 0.6148139991704041, 2568.07406939253, 255.0, 830.8297286086542, 802.5231466851656, 54.666666666666664, 0.0, 1.05, 0.0, 718.323506352837
2.04, 1.5, 10.0, acc22, 3.33286784157299, 22.648663988511757, 100.0, 0.6024483362184098, 2987.376840533055, 340.0, 814.1193732681213, 933.5552626665798, 54.666666666666664, 0.0, 1.05, 0.0, 788.0861225771454
2.04, 2.0, 8.0, acc22, 3.644624914852031, 9.400114878363603, 100.0, 0.618845230258271, 2707.2844360164777, 340.0, 836.2773381868526, 846.0263862551493, 54.666666666666664, 0.0, 1.05, 0.0, 765.2063035547008
2.04, 1.5, 12.0, acc22, 3.3166881306476244, 27.62077191569785, 100.0, 0.6253188166940711, 3034.908128379046, 340.0, 845.025427964961, 948.4087901184519, 54.666666666666664, 0.0, 1.05, 0.0, 804.1019763291945
2.04, 2.0, 10.0, acc22, 3.5504991185247414, 12.998904804915346, 100.0, 0.645682846758843, 2814.7699891879133, 340.0, 872.5443875119499, 879.615621621223, 54.666666666666664, 0.0, 1.05, 0.0, 789.6560031966105
2.04, 2.0, 14.0, acc22, 3.4640590843374, 17.235807714499995, 100.0, 0.6753891870778065, 2928.7656736388244, 340.0, 912.6880906456844, 915.2392730121326, 54.666666666666664, 0.0, 1.05, 0.0, 816.174577280236
2.04, 2.0, 16.0, acc22, 3.4462208039870723, 21.52849873222571, 100.0, 2227428070932.6416, 2961.5834405928586, 340.0, 3010037933692759.0, 925.4948251852683, 54.666666666666664, 0.0, 1.05, 0.0, 1053513276792965.9
2.04, 1.5, 14.0, acc22, 3.2988395081064397, 38.470355574349675, 100.0, 0.6285518288290115, 3066.358629381433, 340.0, 849.3943632824479, 958.2370716816977, 54.666666666666664, 0.0, 1.05, 0.0, 809.071002237451
2.04, 1.5, 16.0, acc22, 3.2918115178891205, 44.41809262003125, 100.0, 0.6444836773737056, 3087.9502045755657, 340.0, 870.9238883428454, 964.9844389298643, 54.666666666666664, 0.0, 1.0, 0.0, 779.9694424242366
2.04, 2.0, 12.0, acc22, 3.4997137294307894, 16.977278299803153, 100.0, 0.661772059848026, 2885.7964549957574, 340.0, 894.2865673621974, 901.8113921861742, 54.666666666666664, 0.0, 1.05, 0.0, 805.03428584193
2.04, 2.5, 8.0, acc22, 3.9661655660245487, 5.859052447313425, 97.18975854729386, 0.5970813327849793, 2506.3593734244437, 340.0, 806.8666659256477, 783.2373041951387, 54.666666666666664, 0.0, 1.05, 0.0, 732.9363895422753
2.04, 2.5, 10.0, acc22, 3.81512880372558, 8.748084551240334, 100.0, 0.6323236192772402, 2636.3488344811813, 340.0, 854.491377401676, 823.8590107753691, 54.666666666666664, 0.0, 1.05, 0.0, 763.8226358619658
2.04, 2.5, 12.0, acc22, 3.7209075779505287, 9.073475081135793, 100.0, 0.6505587290530271, 2725.2207944074826, 340.0, 879.1334176392259, 851.6314982523384, 54.666666666666664, 0.0, 1.05, 0.0, 782.1677205620474
2.04, 2.5, 14.0, acc22, 3.660842634882015, 12.377326736237638, 100.0, 0.6625946006134864, 2788.1043016297776, 340.0, 895.3981089371438, 871.2825942593055, 54.666666666666664, 0.0, 1.05, 0.0, 794.7382461187572
2.04, 2.5, 16.0, acc22, 3.627580730151136, 12.554820632127065, 100.0, 0.6744987006016404, 2833.4183672730187, 340.0, 911.4847305427573, 885.4432397728183, 54.666666666666664, 0.0, 1.05, 0.0, 805.3247896104515
2.04, 3.0, 12.0, acc22, 3.994154645281445, 8.123691769571783, 97.86600044083103, 0.6256611707384404, 2568.393347373771, 340.0, 845.48806856546, 802.6229210543034, 54.666666666666664, 0.0, 1.05, 0.0, 753.2388463669173
2.04, 3.0, 8.0, acc22, 4.35782116794735, 5.038731500704273, 83.70968414670153, 0.5351045298871632, 2320.3576832864296, 340.0, 723.1142295772476, 725.1117760270093, 54.666666666666664, 0.0, 1.05, 0.0, 683.2791019614899
2.04, 3.0, 10.0, acc22, 4.124386755315365, 5.48923485534876, 93.17591871829296, 0.5919945511090892, 2465.3306971438556, 340.0, 799.9926366339042, 770.4158428574549, 54.666666666666664, 0.0, 1.05, 0.0, 726.0429678219756
2.04, 3.0, 16.0, acc22, 3.8491429321833386, 11.449808062377693, 100.0, 0.657843963706211, 2698.9919732369144, 340.0, 888.9783293327175, 843.4349916365358, 54.666666666666664, 0.0, 1.05, 0.0, 782.7446623392385
2.04, 3.0, 14.0, acc22, 3.911195823862146, 8.390460127633142, 100.0, 0.6475267803088077, 2643.7600342320866, 340.0, 875.0361896064969, 826.175010697527, 54.666666666666664, 0.0, 1.05, 0.0, 771.8239201064083
2.04, 3.5, 8.0, acc22, 4.85313112282612, 4.203327302595013, 70.96635306070071, 0.47373924229665804, 2151.5912770906675, 340.0, 640.1881652657542, 672.3722740908337, 54.666666666666664, 0.0, 1.05, 0.0, 635.7961537748057
2.04, 3.5, 10.0, acc22, 4.500771252486569, 4.755505897553063, 81.3910736342153, 0.5384294297159576, 2306.3527636072527, 340.0, 727.6073374539968, 720.7352386272665, 54.666666666666664, 0.0, 1.05, 0.0, 683.3199016284422
2.04, 3.5, 16.0, acc22, 4.087922203780448, 7.80233617349269, 95.8504839166284, 0.6311801777044773, 2569.205706282207, 340.0, 852.9461860871314, 802.8767832131896, 54.666666666666664, 0.0, 1.05, 0.0, 755.9380392551124
2.04, 3.5, 12.0, acc22, 4.297103058392878, 5.115541921167613, 88.6410129076401, 0.5807749304733623, 2418.779398305706, 340.0, 784.8309871261652, 755.868561970533, 54.666666666666664, 0.0, 1.05, 0.0, 715.6448421838444
2.04, 3.5, 14.0, acc22, 4.176729578557534, 7.545662368342911, 92.1177131322534, 0.6066083561141677, 2504.099112398373, 340.0, 819.7410217759023, 782.5309726244916, 54.666666666666664, 0.0, 1.05, 0.0, 737.1951980401378
2.55, 1.5, 8.0, acc22, 3.918221917487249, 26.781135971130457, 92.62122355650399, 0.638909145105572, 2891.084248002064, 425.0, 863.3907366291513, 903.4638275006452, 54.666666666666664, 0.0, 1.05, 0.0, 824.5490974454287
2.55, 2.0, 8.0, acc22, 4.173344914852031, 13.518800862321854, 90.9554512567961, 0.5999034269397233, 2693.97020108452, 425.0, 810.6803066753018, 841.8656878389124, 54.666666666666664, 0.0, 1.05, 0.0, 784.541098079975
2.55, 2.0, 12.0, acc22, 4.036960045220263, 21.471937886895578, 95.60415915876357, 0.665025902444023, 2870.9221810020927, 425.0, 898.6836519513824, 897.1631815631539, 54.666666666666664, 0.0, 1.05, 0.0, 834.6963917300877
2.55, 1.5, 12.0, acc22, 3.851802867489729, 42.36419732068569, 91.82097927043777, 0.6119366765863523, 3012.9628242806975, 425.0, 826.9414548464221, 941.550882587718, 54.666666666666664, 0.0, 1.0, 0.0, 785.8307791447132
2.55, 1.5, 16.0, acc22, 3.833320991573331, 72.3236411279008, 81.05638879897532, 0.63535990196146, 3066.006401239928, 425.0, 858.594462110081, 958.1270003874774, 54.666666666666664, 0.0, 1.0, 0.0, 801.9071541658528
2.55, 2.0, 10.0, acc22, 4.093429644840531, 17.33100877018566, 94.1106500376383, 0.6415291517018299, 2800.321965129396, 425.0, 866.9312860835538, 875.1006141029362, 54.666666666666664, 0.0, 1.05, 0.0, 815.8611650652715
2.55, 1.5, 10.0, acc22, 3.8743773152572003, 36.771489549823016, 92.24195208218681, 0.5892081946343277, 2965.33090428364, 425.0, 796.2272900463888, 926.6659075886375, 54.666666666666664, 0.0, 1.05, 0.0, 809.1626191722592
2.55, 2.0, 14.0, acc22, 4.006989610653189, 25.82624036090213, 95.87425064403288, 0.5855347291877878, 2914.0752125487747, 425.0, 791.2631475510645, 910.6485039214921, 54.666666666666664, 0.0, 1.05, 0.0, 801.8190780153948
2.55, 1.5, 14.0, acc22, 3.838217402843282, 59.67767045478804, 86.68757345266428, 0.627945606029053, 3044.352509848315, 425.0, 848.5751432825041, 951.3601593275985, 54.666666666666664, 0.0, 1.0, 0.0, 796.3117675367008
2.55, 2.5, 10.0, acc22, 4.354506698462422, 12.59040361613058, 86.93877573207764, 0.6063173719869741, 2626.786077641987, 425.0, 819.3477999823974, 820.870649263121, 54.666666666666664, 0.0, 1.05, 0.0, 780.2264572359315
2.55, 2.5, 12.0, acc22, 4.260285472687371, 13.036582072027226, 91.08293611511178, 0.641247439794496, 2714.8948815483545, 425.0, 866.5505943168865, 848.4046504838608, 54.666666666666664, 0.0, 1.05, 0.0, 806.3843356802615
2.55, 2.5, 8.0, acc22, 4.509096092340338, 9.291387553055367, 81.94079587415476, 0.5544348734125507, 2497.391334496874, 425.0, 749.2363154223658, 780.4347920302732, 54.666666666666664, 0.0, 1.05, 0.0, 741.5348876084236
2.55, 2.0, 16.0, acc22, 3.9919934355660196, 35.034998140393924, 93.72863608247758, 0.5807388103030112, 2946.423890965794, 425.0, 784.7821760851502, 920.7574659268106, 54.666666666666664, 0.0, 1.05, 0.0, 803.0888747041863
2.55, 2.5, 14.0, acc22, 4.207325792776752, 16.525364137583438, 92.2701417727789, 0.6580575569996836, 2777.3650512138806, 425.0, 889.2669689184913, 867.9265785043376, 54.666666666666664, 0.0, 1.05, 0.0, 821.1677415979901
2.55, 3.0, 8.0, acc22, 4.912120115315771, 8.021873469547497, 71.44533560628909, 0.5004861542848997, 2313.8273418642734, 425.0, 676.3326409255402, 723.0710443325854, 54.666666666666664, 0.0, 1.05, 0.0, 695.9412898403439
2.55, 3.0, 10.0, acc22, 4.665896228999576, 8.731478088701905, 78.96568295667007, 0.5592522098278356, 2459.0708458684376, 425.0, 755.7462294970751, 768.4596393338867, 54.666666666666664, 0.0, 1.05, 0.0, 739.6220540908366
2.55, 2.5, 16.0, acc22, 4.17761651962482, 20.273912688102477, 92.36110389126476, 0.6703221896983793, 2822.325625711135, 425.0, 905.8407968897019, 881.9767580347298, 54.666666666666664, 0.0, 1.05, 0.0, 831.8861442235511
2.55, 3.0, 16.0, acc22, 4.403441879551759, 15.311746703520024, 86.46449185216757, 0.6366222415706881, 2691.5309719336615, 425.0, 860.3003264468759, 841.1034287292692, 54.666666666666664, 0.0, 1.05, 0.0, 801.6413143116508
2.55, 3.0, 14.0, acc22, 4.4527052975463555, 12.095261706725864, 85.62872832117735, 0.6231814972106374, 2636.3643676833162, 425.0, 842.1371583927532, 823.8638649010363, 54.666666666666664, 0.0, 1.05, 0.0, 789.2503581528263
2.55, 3.0, 12.0, acc22, 4.544190434755129, 11.70161951705818, 82.08588302508541, 0.5951004917557537, 2561.4855157216616, 425.0, 804.1898537239915, 800.4642236630192, 54.666666666666664, 0.0, 1.05, 0.0, 767.7789270854537
2.55, 3.5, 8.0, acc22, 5.3967721754576985, 6.760649388385598, 61.46025252141416, 0.4461730173615028, 2150.979561112736, 425.0, 602.9365099479768, 672.18111284773, 54.666666666666664, 0.0, 1.05, 0.0, 652.4411679784973
2.55, 3.5, 10.0, acc22, 5.044412305118147, 7.606382474231246, 69.38651509496407, 0.5100090884720891, 2301.7020186976065, 425.0, 689.2014709082287, 719.281880843002, 54.666666666666664, 0.0, 1.05, 0.0, 699.1191731129308
2.55, 3.5, 12.0, acc22, 4.850691479445509, 8.135800136020505, 75.13737750349249, 0.5533730838961693, 2414.105568019085, 425.0, 747.8014647245532, 754.4079900059639, 54.666666666666664, 0.0, 1.05, 0.0, 731.923309155681
2.55, 3.5, 14.0, acc22, 4.720370631189114, 10.923010046372411, 77.97788498525888, 0.5787514595977357, 2499.306954034707, 425.0, 782.0965670239672, 781.033423135846, 54.666666666666664, 0.0, 1.05, 0.0, 753.2454965559347
2.55, 3.5, 16.0, acc22, 4.661405361675185, 11.17499952862981, 80.4444410130031, 0.599060554034005, 2564.0027266110765, 425.0, 809.5412892351419, 801.2508520659613, 54.666666666666664, 0.0, 1.05, 0.0, 769.927249455386
3.06, 1.5, 8.0, acc22, 4.455468233276723, 39.76432165862266, 73.99126893573043, 0.5050704335478492, 2864.3938191157363, 510.0, 682.5276129024988, 895.1230684736676, 54.666666666666664, 0.0, 1.05, 0.0, 788.0777384816581
3.06, 2.0, 10.0, acc22, 4.6221496448405315, 28.87998698956016, 75.8759564184124, 0.6005724427253784, 2781.4959291189643, 510.0, 811.5843820613221, 869.2174778496764, 54.666666666666664, 0.0, 1.05, 0.0, 824.1806509688495
3.06, 1.5, 12.0, acc22, 4.391180762226572, 73.1997800884802, 67.71601185543935, 0.6029724097076438, 2984.305395149562, 510.0, 814.8275806860051, 932.5954359842382, 54.666666666666664, 0.0, 1.0, 0.0, 807.1410055567477
3.06, 2.0, 8.0, acc22, 4.7191175464309785, 20.622419402533804, 74.37742575153466, 0.5670339782933456, 2675.5021654096777, 510.0, 766.2621328288453, 836.0944266905243, 54.666666666666664, 0.0, 1.05, 0.0, 796.7247958317794
3.06, 2.0, 12.0, acc22, 4.579890571536053, 33.5571991057854, 76.59760360294635, 0.6261253964551056, 2850.0308544403115, 510.0, 846.1154006150076, 890.6346420125973, 54.666666666666664, 0.0, 1.05, 0.0, 843.7625149196617
3.06, 1.5, 10.0, acc22, 4.4094920520993055, 55.72017464877478, 71.93043723037914, 0.5890812195319906, 2937.4329186758287, 510.0, 796.0557020702576, 917.9477870861965, 54.666666666666664, 0.0, 1.0, 0.0, 796.0011630521514
3.06, 1.5, 14.0, acc22, 4.373332139685387, 92.25509777935856, 62.03940603736035, 0.6126804254803719, 3014.717253097512, 510.0, 827.9465209194216, 942.0991415929726, 54.666666666666664, 0.0, 1.0, 0.0, 814.6818875041314
3.06, 1.5, 16.0, acc22, 4.374830465257542, 118.90277011003388, 53.73494167507081, 0.6189315963506091, 3036.1381888230353, 510.0, 836.3940491224447, 948.7931840071985, 54.666666666666664, 0.0, 1.0, 0.0, 819.7290777098812
3.06, 2.5, 8.0, acc22, 5.044921355498233, 12.670676195419146, 69.42864079700624, 0.5167938740784382, 2484.7245596992234, 510.0, 698.3701001059976, 776.4764249060073, 54.666666666666664, 0.0, 1.05, 0.0, 752.0962837542017
3.06, 2.5, 10.0, acc22, 4.893884593199264, 16.221640049618514, 73.46543365155479, 0.5637574117890876, 2613.6687376760906, 510.0, 761.8343402555237, 816.7714805237783, 54.666666666666664, 0.0, 1.05, 0.0, 788.4120372727558
3.06, 2.0, 14.0, acc22, 4.5442359264426635, 43.05362937454697, 75.41203350684549, 0.6089942213823221, 2892.7010693169773, 510.0, 822.9651640301649, 903.9690841615553, 54.666666666666664, 0.0, 1.0, 0.0, 800.3114160639067
3.06, 2.0, 16.0, acc22, 4.537766067144967, 53.09009304240146, 73.04970419722957, 0.5785916492405905, 2925.913623324981, 510.0, 781.8806070818791, 914.3480072890566, 54.666666666666664, 0.0, 1.0, 0.0, 790.0762047903119
3.06, 2.5, 14.0, acc22, 4.757361582250437, 23.76457250789076, 76.1152867141646, 0.6111275372039771, 2761.723685856009, 510.0, 825.8480232486176, 863.0386518300028, 54.666666666666664, 0.0, 1.05, 0.0, 827.0103362775172
3.06, 3.0, 8.0, acc22, 5.4536295889999815, 10.963931039949324, 61.19566623063858, 0.460023969209129, 2304.1900179866957, 510.0, 621.6540124447689, 720.0593806208424, 54.666666666666664, 0.0, 1.05, 0.0, 705.4996875729639
3.06, 3.0, 10.0, acc22, 5.207405702683786, 11.9143983117644, 67.548627441155, 0.5195214294006071, 2449.4279217132475, 510.0, 702.0559856764961, 765.4462255353898, 54.666666666666664, 0.0, 1.05, 0.0, 749.52577392416
3.06, 2.5, 16.0, acc22, 4.727652309098504, 31.698032355943404, 74.70076476006129, 0.6214332621227199, 2806.590123513692, 510.0, 839.774678544216, 877.0594135980288, 54.666666666666664, 0.0, 1.05, 0.0, 836.7919322497856
3.06, 3.0, 12.0, acc22, 5.08569990843934, 15.103009303953506, 70.15969306424151, 0.5555177553784791, 2550.6205499964103, 510.0, 750.6996694303772, 797.0689218738783, 54.666666666666664, 0.0, 1.05, 0.0, 777.6190069564892
3.06, 2.5, 12.0, acc22, 4.806768630582107, 19.92340326269917, 75.42411651950552, 0.5915094797441953, 2700.2175923051, 510.0, 799.3371347894532, 843.8179975953437, 54.666666666666664, 0.0, 1.05, 0.0, 811.004296334679
3.06, 3.0, 14.0, acc22, 4.998477929125303, 18.535968645748117, 71.6302337545568, 0.5781462273318161, 2624.781962750646, 510.0, 781.2786855835353, 820.2443633595768, 54.666666666666664, 0.0, 1.05, 0.0, 796.4330671300892
3.06, 3.0, 16.0, acc22, 4.959161879551759, 22.042589445559603, 72.06484946438968, 0.59118438373762, 2679.573291261395, 510.0, 798.8978158616485, 837.3666535191859, 54.666666666666664, 0.0, 1.05, 0.0, 808.592564283292
3.06, 3.5, 8.0, acc22, 5.925492175457699, 9.305405756266584, 54.302176297103365, 0.41255982305386985, 2143.291877911612, 510.0, 557.5132743971213, 669.7787118473788, 54.666666666666664, 0.0, 1.05, 0.0, 665.452195185575
3.06, 3.5, 10.0, acc22, 5.598000726170779, 10.381429023133036, 60.11106085409693, 0.4772786457273713, 2294.723752356302, 510.0, 644.971142874826, 717.1011726113444, 54.666666666666664, 0.0, 1.05, 0.0, 712.6253104201596
3.06, 3.5, 14.0, acc22, 5.293853789083851, 13.995404262613677, 66.28604132487713, 0.5456197049368818, 2490.820469304144, 510.0, 737.3239255903809, 778.381396657545, 54.666666666666664, 0.0, 1.05, 0.0, 766.396862786774
3.06, 3.5, 12.0, acc22, 5.3943325320770885, 11.113526423010756, 64.73589548375597, 0.5217783068082769, 2406.491996049688, 510.0, 705.105820011185, 752.0287487655276, 54.666666666666664, 0.0, 1.05, 0.0, 745.8970990718494
3.06, 3.5, 16.0, acc22, 5.206704309043606, 17.168920487241156, 67.53609971294921, 0.5611418103786225, 2554.7143977975247, 510.0, 758.2997437548953, 798.3482493117266, 54.666666666666664, 0.0, 1.05, 0.0, 780.7267975733176
3.57, 2.0, 8.0, acc22, 5.256363862220452, 31.078322543159295, 60.243604387834786, 0.5481259009389683, 2654.3996510700645, 595.0, 740.7106769445517, 829.4998909593951, 54.666666666666664, 0.0, 1.05, 0.0, 815.2236987663814
3.57, 1.5, 8.0, acc22, 4.988451391171459, 61.80522054388197, 55.828281998696525, 0.5545240061878393, 2832.6713846361745, 595.0, 749.3567651187018, 885.2098076988045, 54.666666666666664, 0.0, 1.0, 0.0, 797.8555242725021
3.57, 2.0, 10.0, acc22, 5.159395960630005, 40.189979037658944, 61.30089194654197, 0.5838517403777201, 2758.59591386563, 595.0, 788.9888383482705, 862.0612230830094, 54.666666666666664, 0.0, 1.0, 0.0, 803.3500204770933
3.57, 1.5, 10.0, acc22, 4.944606788941411, 84.65670454667759, 52.545301631311695, 0.5758669727658958, 2908.7070101112195, 595.0, 778.1986118458052, 908.970940659756, 54.666666666666664, 0.0, 1.0, 0.0, 815.389850835187
3.57, 1.5, 12.0, acc22, 4.926295499068677, 115.44948574441464, 45.38950830983429, 0.596309519595337, 2950.3205291857207, 595.0, 805.8236751288338, 921.9751653705378, 54.666666666666664, 0.0, 1.0, 0.0, 828.9329468331237
3.57, 1.5, 14.0, acc22, 4.921236350211703, 155.2247109246233, 36.146251111665116, 0.6126093375319782, 2980.0374086161737, 595.0, 827.8504561242949, 931.2616901925543, 54.666666666666664, 0.0, 1.0, 0.0, 839.3707154389497
3.57, 1.5, 16.0, acc22, 4.9170504652575415, 212.0382045329977, 25.35213810870577, 0.6131040217863724, 3003.693727701061, 595.0, 828.5189483599626, 938.6542899065815, 54.666666666666664, 0.0, 1.0, 0.0, 842.057746088848
3.57, 2.0, 12.0, acc22, 5.117136887325526, 49.69419906202442, 60.48059417569479, 0.5632525052628323, 2825.716871683243, 595.0, 761.1520341389626, 883.0365224010135, 54.666666666666664, 0.0, 1.0, 0.0, 801.062852179992
3.57, 2.5, 8.0, acc22, 5.584299250235075, 18.503236063640326, 58.12329199949166, 0.49467688909004665, 2469.6398198384754, 595.0, 668.4822825541171, 771.7624436995236, 54.666666666666664, 0.0, 1.05, 0.0, 769.7356541887742
3.57, 2.0, 14.0, acc22, 5.098534873811084, 64.5445215160134, 57.70723889602867, 0.5677808115117859, 2872.5229854541394, 595.0, 767.2713669078189, 897.6634329544186, 54.666666666666664, 0.0, 1.0, 0.0, 807.9782666207458
3.57, 2.0, 16.0, acc22, 5.084486067144967, 75.34683926605952, 55.372497865139344, 0.5750523691800141, 2899.962350461612, 595.0, 777.0977961892083, 906.2382345192538, 54.666666666666664, 0.0, 1.0, 0.0, 814.112010236154
3.57, 2.5, 10.0, acc22, 5.429709856357158, 25.775249390344282, 60.36428510360904, 0.5366574170383899, 2597.5164102793433, 595.0, 725.2127257275539, 811.7238782122948, 54.666666666666664, 0.0, 1.05, 0.0, 803.5778113789471
3.57, 2.5, 12.0, acc22, 5.346146525318949, 30.066907095991407, 61.79189759546011, 0.5646721892801341, 2683.0813458925863, 595.0, 763.0705260542352, 838.4629205914332, 54.666666666666664, 0.0, 1.05, 0.0, 826.186706325984
3.57, 2.5, 14.0, acc22, 5.30739737172412, 38.122999229449874, 60.946446994439455, 0.5808728758133216, 2742.8842223449997, 595.0, 784.9633456936778, 857.1513194828124, 54.666666666666664, 0.0, 1.05, 0.0, 840.3901328117715
3.57, 2.5, 16.0, acc22, 5.278872309098505, 42.653315613237616, 60.80367899286574, 0.5949639270043816, 2786.6962294759505, 595.0, 804.0053067626778, 870.8425717112345, 54.666666666666664, 0.0, 1.0, 0.0, 811.2826261579708
3.57, 3.0, 8.0, acc22, 5.982349588999981, 13.73690425075656, 53.771390307260795, 0.44317354792841446, 2297.0772334605585, 595.0, 598.8831728762358, 717.8366354564246, 54.666666666666664, 0.0, 1.05, 0.0, 726.5019329164311
3.57, 3.0, 10.0, acc22, 5.75744149215747, 17.375827928105732, 57.02312848024742, 0.4888709687408174, 2437.5609586739542, 595.0, 660.6364442443479, 761.7377995856108, 54.666666666666664, 0.0, 1.05, 0.0, 763.4809853404855
3.57, 3.0, 12.0, acc22, 5.627209382123549, 21.011302509001546, 59.20550866592116, 0.5222776014845527, 2537.552157222339, 595.0, 705.7805425466929, 792.9850491319809, 54.666666666666664, 0.0, 1.05, 0.0, 790.2179570875359
3.57, 3.0, 14.0, acc22, 5.548513718598987, 24.696174771296334, 60.25036549971373, 0.5426979663530704, 2610.3713279703497, 595.0, 733.375630206852, 815.7410399907343, 54.666666666666664, 0.0, 1.05, 0.0, 807.8408345691552
3.57, 3.5, 8.0, acc22, 6.469133228089278, 11.621696819866125, 47.240557851575765, 0.3917805046205583, 2133.6503911380855, 595.0, 529.4331143521058, 666.7657472306518, 54.666666666666664, 0.0, 1.05, 0.0, 684.3196015539652
3.57, 3.5, 12.0, acc22, 5.942947268919193, 16.23034750021149, 56.02533596656704, 0.48434553693640586, 2396.7699726188703, 595.0, 654.5209958600079, 748.990616443397, 54.666666666666664, 0.0, 1.05, 0.0, 756.8790643061917
3.57, 3.0, 16.0, acc22, 5.509197669025443, 31.82740288141235, 59.3135027858129, 0.5584483510779641, 2664.5000440247213, 595.0, 754.6599338891406, 832.6562637577254, 54.666666666666664, 0.0, 1.05, 0.0, 821.210669176403
3.57, 3.5, 10.0, acc22, 6.126720726170779, 13.011123698261937, 53.23658813433739, 0.4468448432149497, 2285.14198219417, 595.0, 603.844382722905, 714.106869435678, 54.666666666666664, 0.0, 1.05, 0.0, 726.932938255504
3.57, 3.5, 14.0, acc22, 5.839152736452271, 19.47470977192337, 56.46501379085833, 0.5033458312557968, 2479.7839862250107, 595.0, 680.1970692645903, 774.9324956953159, 54.666666666666664, 0.0, 1.05, 0.0, 774.9453477359671
3.57, 3.5, 16.0, acc22, 5.775213782727817, 22.787582528689406, 57.090784906667196, 0.5196082602355254, 2542.902290456606, 595.0, 702.173324642602, 794.6569657676894, 54.666666666666664, 0.0, 1.05, 0.0, 789.5406016436019
4.08, 1.5, 8.0, acc22, 5.523566128013565, 93.04762225858317, 39.69669990942453, 0.5602476640781595, 2815.147166364372, 680.0, 757.0914379434587, 879.7334894888662, 54.666666666666664, 0.0, 1.0, 0.0, 826.9416424774415
4.08, 1.5, 10.0, acc22, 5.483984683678253, 134.75662463143598, 32.85494100893858, 0.5743277038853758, 2883.0728185741073, 680.0, 776.1185187640212, 900.9602558044085, 54.666666666666664, 0.0, 1.0, 0.0, 840.3595915228099
4.08, 2.0, 8.0, acc22, 5.785083862220453, 44.94029329180353, 48.00732796359242, 0.5299621973373855, 2630.585868898079, 680.0, 716.1651315370075, 822.0580840306496, 54.666666666666664, 0.0, 1.0, 0.0, 794.074405189219
4.08, 1.5, 12.0, acc22, 5.461410235910782, 206.00538362424257, 20.877349413666504, 0.5844881936315898, 2922.0312110763566, 680.0, 789.8489103129591, 913.1347534613614, 54.666666666666664, 0.0, 1.0, 0.0, 848.9945545914402
4.08, 1.5, 14.0, acc22, 5.457061613369598, 248.61474365711967, 14.014033987449993, 0.5902029798666703, 2949.800109043448, 680.0, 797.5715944144193, 921.8125340760776, 54.666666666666664, 0.0, 1.0, 0.0, 854.4613761634989
4.08, 1.5, 16.0, acc22, 5.462823096836489, 250.2254437336091, 12.25820970837676, 0.5901878856763317, 2969.7078948718204, 680.0, 797.5511968599077, 928.0337171474438, 54.666666666666664, 0.0, 1.0, 0.0, 856.5283046691171
4.08, 2.0, 10.0, acc22, 5.702326486945794, 59.1017429937187, 47.370535927717086, 0.5583468391850979, 2733.2787725943244, 680.0, 754.5227556555377, 854.1496164357263, 54.666666666666664, 0.0, 1.0, 0.0, 817.5574573637547
4.08, 2.0, 12.0, acc22, 5.654383203115, 74.25651490634687, 45.415413126096034, 0.5589995258886484, 2799.481046640629, 680.0, 755.4047647143898, 874.8378270751965, 54.666666666666664, 0.0, 1.0, 0.0, 824.7475305965287
4.08, 2.0, 14.0, acc22, 5.636728558021611, 95.1810788010408, 41.61714764690848, 0.5580380392565585, 2840.188451345095, 680.0, 754.1054584548087, 887.5588910453422, 54.666666666666664, 0.0, 1.0, 0.0, 828.5547831667169
4.08, 2.0, 16.0, acc22, 5.63594290925023, 128.45228833690817, 34.95977597469614, 0.5607438856309971, 2871.6610140677253, 680.0, 757.7620076094555, 897.3940668961642, 54.666666666666664, 0.0, 1.0, 0.0, 833.0520248352065
4.08, 2.5, 8.0, acc22, 6.123677144971917, 26.942712062729075, 48.803815400665734, 0.47847483395535967, 2452.155492036593, 680.0, 646.5876134531887, 766.2985912614354, 54.666666666666664, 0.0, 1.05, 0.0, 789.9101716501184
4.08, 2.5, 10.0, acc22, 5.969087751094001, 35.02898625645322, 49.62945293829047, 0.516392401563453, 2578.7745494676424, 680.0, 697.827569680342, 805.8670467086382, 54.666666666666664, 0.0, 1.05, 0.0, 821.693115736143
4.08, 2.5, 12.0, acc22, 5.896182314792634, 43.3340952890999, 49.6215661692439, 0.5414409707083424, 2663.069173374065, 680.0, 731.676987443706, 832.2091166793954, 54.666666666666664, 0.0, 1.0, 0.0, 802.628701374367
4.08, 2.5, 14.0, acc22, 5.8479594769872785, 52.090995645049496, 48.8135594672424, 0.5585508450536042, 2721.838795498622, 680.0, 754.7984392616273, 850.5746235933194, 54.666666666666664, 0.0, 1.0, 0.0, 816.4576876183155
4.08, 3.0, 8.0, acc22, 6.523859062684192, 20.88095718079412, 44.905390023283175, 0.42562499760736916, 2283.589280536455, 680.0, 575.168915685634, 713.6216501676422, 54.666666666666664, 0.0, 1.05, 0.0, 746.4766980486468
4.08, 3.0, 10.0, acc22, 6.298950965841682, 25.30683906322809, 48.352254784827906, 0.47176104650292455, 2423.3255491123787, 680.0, 637.5149277066548, 757.2892340976183, 54.666666666666664, 0.0, 1.05, 0.0, 783.5814566314956
4.08, 2.5, 16.0, acc22, 5.836013361730084, 65.3322377989607, 46.31911610510757, 0.5344432754887265, 2764.216750460689, 680.0, 722.2206425523331, 863.8177345189653, 54.666666666666664, 0.0, 1.0, 0.0, 810.0127923570994
4.08, 3.0, 12.0, acc22, 6.1815083294919715, 29.40340668471744, 50.00480251776862, 0.5023100007994843, 2522.8673317560906, 680.0, 678.7972983776815, 788.3960411737784, 54.666666666666664, 0.0, 1.05, 0.0, 808.9176688430109
4.08, 3.0, 14.0, acc22, 6.104233718598987, 36.790113150904524, 49.797122186158035, 0.5228728309127907, 2594.3677244397486, 680.0, 706.5849066389064, 810.7399138874214, 54.666666666666664, 0.0, 1.05, 0.0, 826.4636871842148
4.08, 3.0, 16.0, acc22, 6.063496616393865, 44.53117485618905, 48.883461096729, 0.5369071242347152, 2647.5501971845197, 680.0, 725.5501678847503, 827.3594366201625, 54.666666666666664, 0.0, 1.0, 0.0, 798.9698681683042
4.08, 3.5, 10.0, acc22, 6.6703617788023575, 19.780307382055028, 44.79443591025705, 0.42701396421815435, 2274.831988150838, 680.0, 577.0458975921005, 710.8849962971368, 54.666666666666664, 0.0, 1.05, 0.0, 746.1758128612331
4.08, 3.5, 8.0, acc22, 7.02272164914191, 17.601901333561347, 39.75352921157018, 0.37628597220442456, 2123.4735540426373, 680.0, 508.4945570330062, 663.5854856383241, 54.666666666666664, 0.0, 1.05, 0.0, 705.6280149349657
4.08, 3.5, 12.0, acc22, 6.496535689971825, 23.578166509635818, 46.96010996923912, 0.45964428646467287, 2385.481873055275, 680.0, 621.1409276549633, 745.4630853297734, 54.666666666666664, 0.0, 1.05, 0.0, 773.711404544658
4.08, 3.5, 14.0, acc22, 6.3927411575049025, 27.268447823556535, 48.08427607692772, 0.48479753424539457, 2466.9747991605504, 680.0, 655.1318030343169, 770.9296247376719, 54.666666666666664, 0.0, 1.05, 0.0, 794.5214997201961
4.08, 3.5, 16.0, acc22, 6.318854835359396, 30.980079428211965, 48.63342466328396, 0.5030553689625678, 2529.2387474216434, 680.0, 679.8045526521186, 790.3871085692635, 54.666666666666664, 0.0, 1.05, 0.0, 809.9670814274838
4.59, 1.5, 8.0, acc22, 6.0586808648556705, 159.66478013578833, 21.018528772792674, 0.5329976203799603, 2779.2834844689623, 765.0, 720.267054567514, 868.5260888965508, 54.666666666666664, 0.0, 1.0, 0.0, 839.2643811546883
4.59, 2.0, 8.0, acc22, 6.322330178009926, 65.7305796247314, 37.05936438799051, 0.5094983278495637, 2606.008037159658, 765.0, 688.5112538507618, 814.3775116123932, 54.666666666666664, 0.0, 1.0, 0.0, 810.6295884877184
4.59, 1.5, 10.0, acc22, 6.019099420520359, 217.18015274205987, 13.245955243702825, 0.5417460669739916, 2846.582027034012, 765.0, 732.0892796945833, 889.5568834481287, 54.666666666666664, 0.0, 1.0, 0.0, 850.2153877142373
4.59, 1.5, 12.0, acc22, 6.002919709594993, 221.31697562020142, 12.21901570969198, 0.5817998786522467, 2884.6149767002616, 765.0, 786.2160522327657, 901.4421802188318, 54.666666666666664, 0.0, 1.0, 0.0, 872.2194108171991
4.59, 1.5, 14.0, acc22, 6.002834244948545, 223.48657713576938, 10.59167433315404, 0.5833967109415439, 2911.2128096738015, 765.0, 788.3739337047891, 909.754003023063, 54.666666666666664, 0.0, 1.0, 0.0, 875.7093122426173
4.59, 2.0, 10.0, acc22, 6.2395728027352675, 90.26083510818742, 34.39193769352113, 0.5082069048289554, 2705.7358581039266, 765.0, 686.7660876066965, 845.5424556574771, 54.666666666666664, 0.0, 1.0, 0.0, 820.4361810880579
4.59, 1.5, 16.0, acc22, 6.010727307362805, 224.4608559402184, 8.613449942172608, 0.5865576129627197, 2929.4500022117363, 765.0, 792.6454229225941, 915.4531256911677, 54.666666666666664, 0.0, 1.0, 0.0, 879.0328495379206
4.59, 2.0, 12.0, acc22, 6.200155834693947, 121.58803908619178, 29.643497847130668, 0.5220131353178283, 2770.455227740203, 765.0, 705.4231558349031, 865.7672586688135, 54.666666666666664, 0.0, 1.0, 0.0, 833.3968048345721
4.59, 2.0, 14.0, acc22, 6.188185400126874, 165.76800117350894, 22.267207293623073, 0.8604731963917487, 2810.151694395786, 765.0, 1162.8016167456065, 878.172404498683, 54.666666666666664, 0.0, 1.0, 0.0, 989.991340414763
4.59, 2.5, 8.0, acc22, 6.652397144971918, 38.013148051609356, 39.57784947951177, 0.4629287930369819, 2433.471654738522, 765.0, 625.5794500499755, 760.4598921057882, 54.666666666666664, 0.0, 1.05, 0.0, 810.2637697545173
4.59, 2.0, 16.0, acc22, 6.173189225039703, 213.44242814692942, 14.55478913273815, 0.5580023382632463, 2840.9701468441076, 765.0, 754.0572138692518, 887.8031708887836, 54.666666666666664, 0.0, 1.0, 0.0, 856.9534615860117
4.59, 2.5, 10.0, acc22, 6.508465645830843, 50.45320044204279, 39.91113524915234, 0.4985095999290471, 2558.8352434449093, 765.0, 673.6616215257394, 799.6360135765342, 54.666666666666664, 0.0, 1.0, 0.0, 800.7658783674244
4.59, 2.5, 12.0, acc22, 6.435560209529476, 63.499625216529395, 38.80172727428711, 0.5204609244202305, 2641.352213307662, 765.0, 703.325573540852, 825.4225666586443, 54.666666666666664, 0.0, 1.0, 0.0, 819.2493800664988
4.59, 3.0, 8.0, acc22, 7.073894852157876, 30.14004568963938, 36.67791787363605, 0.4093586637747004, 2268.9884847775093, 765.0, 553.1873834793249, 709.0589014929716, 54.666666666666664, 0.0, 1.05, 0.0, 766.9361997403038
4.59, 3.0, 10.0, acc22, 6.8404604395258914, 35.601320090281185, 39.480063853079045, 0.453694609887454, 2408.1604058137677, 765.0, 613.1008241722352, 752.5501268168024, 54.666666666666664, 0.0, 1.05, 0.0, 803.1278328461631
4.59, 2.5, 14.0, acc22, 6.405100529618857, 81.26053510073746, 35.97124806045995, 0.5332166392929981, 2698.673949360505, 765.0, 720.5630260716191, 843.3356091751579, 54.666666666666664, 0.0, 1.0, 0.0, 830.9662117489256
4.59, 2.5, 16.0, acc22, 6.378943888045873, 105.07717107895816, 31.866276471492966, 0.5334277163727734, 2740.5467811373705, 765.0, 720.8482653686127, 856.4208691054283, 54.666666666666664, 0.0, 1.0, 0.0, 835.4230448246803
4.59, 3.0, 14.0, acc22, 6.654269508072672, 51.62343160635215, 39.4722010253402, 0.5013061042981065, 2576.7955886047484, 765.0, 677.4406814839277, 805.2486214389838, 54.666666666666664, 0.0, 1.0, 0.0, 803.896434307637
4.59, 3.0, 12.0, acc22, 6.72443885580776, 43.51986520450169, 39.85797716960704, 0.4828236629157077, 2506.511814452271, 765.0, 652.464409345551, 783.2849420163346, 54.666666666666664, 0.0, 1.0, 0.0, 788.2497837872952
4.59, 3.5, 8.0, acc22, 7.55144164914191, 25.470497326344884, 33.38748696997603, 0.3642815394727607, 2115.0301419009497, 765.0, 492.2723506388658, 660.9469193440468, 54.666666666666664, 0.0, 1.05, 0.0, 728.7767444940193
4.59, 3.0, 16.0, acc22, 6.617795563762286, 63.58726481015308, 37.63351073060138, 0.5148915495807063, 2628.2428599156638, 765.0, 695.7993913252787, 821.325893723645, 54.666666666666664, 0.0, 1.0, 0.0, 815.3750950163078
4.59, 3.5, 10.0, acc22, 7.228923884065516, 28.49877743078631, 37.55618663462781, 0.41181864619249486, 2266.987374126656, 765.0, 556.5116840439119, 708.43355441458, 54.666666666666664, 0.0, 1.05, 0.0, 767.8808334604722
4.59, 3.5, 12.0, acc22, 7.041834637340246, 33.133948821655075, 38.617615658202986, 0.4428348955123268, 2372.7906160145944, 765.0, 598.4255344761173, 741.4970675045607, 54.666666666666664, 0.0, 1.05, 0.0, 794.1229106932373
4.59, 3.5, 14.0, acc22, 6.936382210136482, 40.347652698434466, 38.629312908837775, 0.46441707560243944, 2453.4397759694, 765.0, 627.5906427059992, 766.6999299904376, 54.666666666666664, 0.0, 1.0, 0.0, 774.4301908988123
4.59, 3.5, 16.0, acc22, 6.892337993254132, 47.508469291562946, 37.8971091929471, 0.482353769667845, 2514.2700969499133, 765.0, 651.8294184700608, 785.7094052968479, 54.666666666666664, 0.0, 1.0, 0.0, 788.8462745889694
5.1, 1.5, 8.0, acc22, 6.58740086485567, 195.35233642553456, 11.41888602457272, 0.5289037453319748, 2739.9409831202024, 850.0, 714.7347909891552, 856.2315572250633, 54.666666666666664, 0.0, 1.0, 0.0, 861.6554494047393
5.1, 2.0, 8.0, acc22, 6.865260704325715, 105.44540616398918, 23.41602975949002, 0.4910457374342837, 2602.6521856333748, 850.0, 663.5753208571401, 813.3288080104296, 54.666666666666664, 0.0, 1.0, 0.0, 830.3013762891899
5.1, 1.5, 10.0, acc22, 6.5542141573624635, 201.26628021041316, 10.739560743105404, 0.550037935489645, 2806.4093047408332, 850.0, 743.2945074184391, 877.0029077315104, 54.666666666666664, 0.0, 1.0, 0.0, 878.0991383833164
5.1, 1.5, 12.0, acc22, 6.5387449727528875, 204.65364198686385, 9.446298017102203, 0.5645387017163793, 2842.9563812100214, 850.0, 762.8901374545667, 888.4238691281316, 54.666666666666664, 0.0, 1.0, 0.0, 888.4380021942327
5.1, 1.5, 14.0, acc22, 6.5443437186327555, 206.08192437754926, 7.56698047131908, 0.5632452395599972, 2869.0977695962006, 850.0, 761.1422156216178, 896.5930529988126, 54.666666666666664, 0.0, 1.0, 0.0, 890.5784228734767
5.1, 1.5, 16.0, acc22, 6.55863151788912, 206.40013695544687, 5.480033084086017, 0.5785299715307357, 2885.089610354042, 850.0, 781.7972588253185, 901.5905032356382, 54.666666666666664, 0.0, 1.0, 0.0, 899.1292540203187
5.1, 2.0, 10.0, acc22, 6.776819118524742, 151.81015479271548, 17.565808876332945, 0.5075438857488748, 2696.193401575212, 850.0, 685.8701158768578, 842.5604379922538, 54.666666666666664, 0.0, 1.0, 0.0, 847.4768512897037
5.1, 2.0, 12.0, acc22, 6.7383495189044735, 186.18660184744098, 13.12346641081227, 0.5360000577448312, 2750.000372789419, 850.0, 724.32440235788, 859.3751164966935, 54.666666666666664, 0.0, 1.0, 0.0, 865.8998396181911
5.1, 2.0, 14.0, acc22, 6.725431715916347, 189.36707882374407, 12.809618410614469, 0.5483433812438847, 2790.4122729805913, 850.0, 741.0045692484928, 872.0038353064348, 54.666666666666664, 0.0, 1.0, 0.0, 875.6694681849758
5.1, 2.5, 8.0, acc22, 7.1988803028666535, 60.845084524724726, 28.816635592816375, 0.44522607112491003, 2414.043154481215, 850.0, 601.6568528715001, 754.3884857753796, 54.666666666666664, 0.0, 1.0, 0.0, 790.0151128822932
5.1, 2.0, 16.0, acc22, 6.727488172408124, 191.0740547851173, 12.257151502165877, 0.5543986857778715, 2819.431361559561, 850.0, 749.1874132133398, 881.0723004873628, 54.666666666666664, 0.0, 1.0, 0.0, 881.4199045669008
5.1, 2.5, 10.0, acc22, 7.051396172146632, 75.51793361685924, 28.71068805852725, 0.4773718822246066, 2536.8747614699955, 850.0, 645.0971381413602, 792.7733629593736, 54.666666666666664, 0.0, 1.0, 0.0, 817.2901670335779
5.1, 3.0, 10.0, acc22, 7.381969913210101, 50.92427220084739, 31.198994982590378, 0.4363208723808303, 2391.535890603896, 850.0, 589.6228005146355, 747.3549658137174, 54.666666666666664, 0.0, 1.0, 0.0, 783.6592554427843
5.1, 3.0, 8.0, acc22, 7.602614852157876, 44.0962854498494, 29.08580169054745, 0.39943518007301493, 2254.282224482238, 850.0, 539.7772703689391, 704.4631951506993, 54.666666666666664, 0.0, 1.0, 0.0, 752.7468218398794
5.1, 2.5, 12.0, acc22, 6.976122314792633, 102.28212030375751, 25.085307312725817, 0.4951788586653915, 2618.6566631954647, 850.0, 669.1606198180967, 818.3302072485827, 54.666666666666664, 0.0, 1.0, 0.0, 833.830275688893
5.1, 3.0, 12.0, acc22, 7.265948329491971, 66.6005885993675, 29.15275999395974, 0.4628705870749486, 2488.7792089967575, 850.0, 625.5007933445252, 777.7435028114867, 54.666666666666664, 0.0, 1.0, 0.0, 805.7480987186706
5.1, 2.5, 14.0, acc22, 6.944478424355699, 135.20782384532106, 19.812273008832975, 0.49791323866173937, 2674.7398990212123, 850.0, 672.8557279212694, 835.8562184441289, 54.666666666666664, 0.0, 1.0, 0.0, 840.9039821217993
5.1, 3.0, 14.0, acc22, 7.195778981756882, 79.53085188599869, 27.829511491126425, 0.4806098112889869, 2557.3454603519067, 850.0, 649.4727179580904, 799.1704563599709, 54.666666666666664, 0.0, 1.0, 0.0, 820.8810581060204
5.1, 2.5, 16.0, acc22, 6.936084940677452, 174.82536066111803, 13.422567287079175, 0.5262518048521603, 2715.219109099443, 850.0, 711.1510876380544, 848.505971593576, 54.666666666666664, 0.0, 1.0, 0.0, 857.8856864105434
5.1, 3.5, 8.0, acc22, 8.095082701773489, 36.939330015005794, 26.80327868055648, 0.35274656847888, 2100.6670263206843, 850.0, 476.6845519984864, 656.4584457252138, 54.666666666666664, 0.0, 1.05, 0.0, 751.500049203295
5.1, 3.5, 10.0, acc22, 7.772564936697094, 41.55608754354176, 29.383913839148864, 0.397219813293149, 2254.0100025872307, 850.0, 536.7835314772284, 704.3781258085096, 54.666666666666664, 0.0, 1.0, 0.0, 751.7205524285793
5.1, 3.5, 12.0, acc22, 7.5954230583928775, 50.084032546340666, 30.007910288681217, 0.4262143267582122, 2358.7110890383015, 850.0, 575.9653064300164, 737.0972153244692, 54.666666666666664, 0.0, 1.0, 0.0, 775.6875072514952
5.1, 3.0, 16.0, acc22, 7.172094511130707, 104.2232805897397, 23.48630677152189, 0.49509282818864364, 2608.1920860625028, 850.0, 669.044362417086, 815.060026894532, 54.666666666666664, 0.0, 1.0, 0.0, 832.7014631038726
5.1, 3.5, 14.0, acc22, 7.499917999610165, 58.243053788839376, 29.803076119439744, 0.4478961950997967, 2438.338900763267, 850.0, 605.2651285132388, 761.9809064885209, 54.666666666666664, 0.0, 1.0, 0.0, 793.7486783339198
5.1, 3.5, 16.0, acc22, 7.435979045885711, 73.09144093653622, 27.617291682715358, 0.4645577034315949, 2498.404497009681, 850.0, 627.7806803129661, 780.7514053155253, 54.666666666666664, 0.0, 1.0, 0.0, 807.5106952094972
5.609999999999999, 1.5, 10.0, acc22, 7.095723631046674, 180.45263494837187, 8.502008856271646, 0.535947060837693, 2761.386109800608, 934.9999999999999, 724.2527849158013, 862.9331593126901, 54.666666666666664, 0.0, 1.0, 0.0, 895.3953147428304
5.609999999999999, 1.5, 8.0, acc22, 7.126778759592511, 175.68615521569336, 9.316776532864534, 0.5153855664584525, 2695.3512832073548, 934.9999999999999, 696.4669817006114, 842.2972760022983, 54.666666666666664, 0.0, 1.0, 0.0, 879.2547525676365
5.609999999999999, 1.5, 12.0, acc22, 7.084517604331834, 182.93034506738346, 6.887504259979821, 0.5511799006235798, 2797.9065013665972, 934.9999999999999, 744.8377035453781, 874.3457816770616, 54.666666666666664, 0.0, 1.0, 0.0, 906.0611617408132
5.609999999999999, 1.5, 14.0, acc22, 7.085853192316966, 184.02986823112602, 5.109941885321031, 0.5565901319059248, 2824.1943890448774, 934.9999999999999, 752.1488268998983, 882.5607465765243, 54.666666666666664, 0.0, 1.0, 0.0, 911.2365244921408
5.609999999999999, 1.5, 16.0, acc22, 7.110798886310173, 183.5919343769139, 2.505162826755517, 0.5618459782864886, 2836.815349539724, 934.9999999999999, 759.2513220087684, 886.5047967311638, 54.666666666666664, 0.0, 1.0, 0.0, 914.918706246644
5.609999999999999, 2.0, 8.0, acc22, 7.393980704325715, 155.0030189802277, 10.794582311967897, 0.4790837516195756, 2575.3227888163897, 934.9999999999999, 647.4104751615887, 804.7883715051217, 54.666666666666664, 0.0, 1.0, 0.0, 850.3996155555701
5.609999999999999, 2.0, 10.0, acc22, 7.322591750103689, 162.30075066143493, 11.309786430318434, 0.5037495520987911, 2667.280341762002, 934.9999999999999, 680.7426379713394, 833.5251068006256, 54.666666666666664, 0.0, 1.0, 0.0, 871.0892482573215
5.609999999999999, 2.0, 12.0, acc22, 7.281280045220263, 166.87930602963442, 11.409900565628787, 0.526813149481452, 2723.9334682886774, 934.9999999999999, 711.9096614614216, 851.2292088402116, 54.666666666666664, 0.0, 1.0, 0.0, 887.3796234338776
5.609999999999999, 2.0, 16.0, acc22, 7.278945014513388, 170.2289248439335, 10.18374583103901, 0.5473948332638384, 2789.4247412357427, 934.9999999999999, 739.7227476538358, 871.6952316361696, 54.666666666666664, 0.0, 1.0, 0.0, 903.472659763335
5.609999999999999, 2.0, 14.0, acc22, 7.279730663284768, 168.9458667618408, 10.88392263620794, 0.5345143060825841, 2761.472370974985, 934.9999999999999, 722.3166298413298, 862.9601159296828, 54.666666666666664, 0.0, 1.0, 0.0, 894.7589152570041
5.609999999999999, 2.5, 8.0, acc22, 7.738258197603495, 98.98132107836345, 17.551748837299563, 0.4343278699187477, 2408.3928778854543, 934.9999999999999, 586.9295539442536, 752.6227743392045, 54.666666666666664, 0.0, 1.0, 0.0, 812.8507760944859
5.609999999999999, 2.5, 10.0, acc22, 7.597879330041369, 136.16131771661298, 13.357044273785345, 0.4633713297413121, 2514.5966874337737, 934.9999999999999, 626.1774726233948, 785.8114648230543, 54.666666666666664, 0.0, 1.0, 0.0, 836.9963124821497
5.609999999999999, 3.0, 8.0, acc22, 8.144124325842085, 70.26935100681271, 19.27632611986033, 0.38496032750666853, 2238.977653312195, 934.9999999999999, 520.2166587927953, 699.680516660061, 54.666666666666664, 0.0, 1.0, 0.0, 772.965725150952
5.609999999999999, 3.0, 10.0, acc22, 7.92490043952589, 86.35334876665428, 19.164169766582248, 0.4235618427785453, 2374.31890579258, 934.9999999999999, 572.3808686196559, 741.9746580601812, 54.666666666666664, 0.0, 1.0, 0.0, 804.4518422266124
5.609999999999999, 2.5, 12.0, acc22, 7.522605472687371, 154.36421719763138, 11.720599594358106, 0.4875008589689086, 2594.106953499778, 934.9999999999999, 658.7849445525792, 810.6584229686805, 54.666666666666664, 0.0, 1.0, 0.0, 856.1477891737532
5.609999999999999, 2.5, 14.0, acc22, 7.494514213829383, 158.09625125956114, 11.941074862044134, 0.5000351190081131, 2648.65509886232, 934.9999999999999, 675.7231337947475, 827.7047183944749, 54.666666666666664, 0.0, 1.0, 0.0, 867.4759507297406
5.609999999999999, 2.5, 16.0, acc22, 7.49322599330903, 160.06834178293545, 11.965070062407154, 0.5130052180538397, 2688.3271140873844, 934.9999999999999, 693.250294667351, 840.1022231523076, 54.666666666666664, 0.0, 1.0, 0.0, 877.4508392732193
5.609999999999999, 3.0, 12.0, acc22, 7.815984118965655, 108.22833259422063, 16.751320409850656, 0.4504143232616488, 2469.6300166139413, 934.9999999999999, 608.6680044076335, 771.7593801918566, 54.666666666666664, 0.0, 1.0, 0.0, 826.4757948664966
5.609999999999999, 3.0, 14.0, acc22, 7.762867402809514, 141.83147513134332, 11.60656493539209, 0.4691766956868538, 2537.42298329785, 934.9999999999999, 634.0225617389916, 792.9446822805781, 54.666666666666664, 0.0, 1.0, 0.0, 841.9890813398565
5.609999999999999, 3.5, 10.0, acc22, 8.317863884065515, 66.22927211287586, 20.1537494619963, 0.38705745030633715, 2240.0629542004403, 934.9999999999999, 523.0506085220773, 700.0196731876376, 54.666666666666664, 0.0, 1.0, 0.0, 774.0234272365716
5.609999999999999, 3.5, 8.0, acc22, 8.623802701773489, 63.34212608862854, 16.95325356800611, 0.34351590346105987, 2090.400851286649, 934.9999999999999, 464.2106803527836, 653.2502660270778, 54.666666666666664, 0.0, 1.0, 0.0, 738.8203154599538
5.609999999999999, 3.5, 12.0, acc22, 8.139064111024457, 80.09468943159348, 18.969293416242692, 0.4146931842740976, 2343.689515053048, 934.9999999999999, 560.3961949649968, 732.4029734540776, 54.666666666666664, 0.0, 1.0, 0.0, 797.2663894730247
5.609999999999999, 3.0, 16.0, acc22, 7.734919774288601, 145.0054376856255, 11.80294817012001, 0.48445398694071934, 2586.832638647116, 934.9999999999999, 654.667549919891, 808.3851995772237, 54.666666666666664, 0.0, 1.0, 0.0, 854.0175831657049
5.609999999999999, 3.5, 14.0, acc22, 8.053506420662798, 99.5689046284102, 16.369748881509874, 0.43606474466868705, 2422.4858414586574, 934.9999999999999, 589.2766819847122, 757.0268254558304, 54.666666666666664, 0.0, 1.0, 0.0, 815.1011691468475
5.609999999999999, 3.5, 16.0, acc22, 8.004488519569922, 126.63528853863066, 11.99642707984209, 0.45230813362158995, 2480.6881719038247, 934.9999999999999, 611.2272075967431, 775.2150537199453, 54.666666666666664, 0.0, 1.0, 0.0, 828.4807537722295
