1.02, 2.5, 10.0, jf-a2, 2.7341783820658643, 3.6637800179505566, 100.0, 0.6175412060609811, 2763.557551795844, 170.0, 834.5151433256501, 863.6117349362013, 54.666666666666664, 0.0, 1.05, 0.0, 711.244407391648
1.02, 2.0, 8.0, jf-a2, 2.576927109801497, 3.943195321615784, 100.0, 0.6167546482083155, 2844.9097994971553, 170.0, 833.4522273085345, 889.0343123428611, 54.666666666666664, 0.0, 1.05, 0.0, 719.7702888779885
1.02, 1.5, 8.0, jf-a2, 2.3246932179357978, 7.722418227813121, 100.0, 0.6629121729173256, 3026.694049723786, 170.0, 895.8272606990887, 945.8418905386831, 54.666666666666664, 0.0, 1.05, 0.0, 761.4842029332201
1.02, 2.0, 12.0, jf-a2, 2.424040866974737, 7.347998152922309, 100.0, 0.6453152132934953, 2973.081053733755, 170.0, 872.0475855317504, 929.0878292917986, 54.666666666666664, 0.0, 1.05, 0.0, 747.2973951882421
1.02, 2.0, 10.0, jf-a2, 2.48028613287305, 7.1411250707769005, 100.0, 0.6304935940775267, 2924.369309500003, 170.0, 852.0183703750362, 913.865409218751, 54.666666666666664, 0.0, 1.05, 0.0, 734.9593228578254
1.02, 1.5, 14.0, jf-a2, 2.2280379686989713, 17.260908021175723, 100.0, 0.6473645956213566, 3132.8498056805665, 170.0, 874.8170211099415, 979.015564275177, 54.666666666666664, 0.0, 1.05, 0.0, 765.7414048847915
1.02, 1.5, 16.0, jf-a2, 2.2168165425588633, 17.38284114955315, 100.0, 0.659624050313416, 3148.4983011432687, 170.0, 891.3838517748865, 983.9057191072715, 54.666666666666664, 0.0, 1.05, 0.0, 773.2513498087552
1.02, 2.0, 14.0, jf-a2, 2.3885494470282165, 7.4860232341566935, 100.0, 0.6575079182049169, 3007.2993682058345, 170.0, 888.5242137904282, 939.7810525643233, 54.666666666666664, 0.0, 1.05, 0.0, 756.8068432241631
1.02, 2.5, 8.0, jf-a2, 2.8953622193173, 3.4078170966029155, 100.0, 0.6082737788819351, 2679.842712635764, 170.0, 821.9915930836961, 837.4508476986764, 54.666666666666664, 0.0, 1.05, 0.0, 697.7048542738304
1.02, 2.0, 16.0, jf-a2, 2.3651509063239256, 11.50306674274798, 100.0, 0.6625598846793942, 3032.9517316048923, 170.0, 895.3511955126947, 947.7974161265288, 54.666666666666664, 0.0, 1.05, 0.0, 762.0020140737282
1.02, 1.5, 10.0, jf-a2, 2.2682430371439133, 12.064766433150258, 100.0, 0.6800427336136293, 3077.0133360665463, 170.0, 918.9766670454451, 961.5666675207957, 54.666666666666664, 0.0, 1.05, 0.0, 775.0901670981843
1.02, 1.5, 12.0, jf-a2, 2.239400040252937, 12.2611747598598, 100.0, 0.6321995064597354, 3109.8698625692805, 170.0, 854.3236573780208, 971.8343320529001, 54.666666666666664, 0.0, 1.05, 0.0, 756.0552963008223
1.02, 2.5, 12.0, jf-a2, 2.65096557246821, 6.5853354945565705, 100.0, 0.6278181903915802, 2832.6498634003933, 170.0, 848.4029599886219, 885.2030823126229, 54.666666666666664, 0.0, 1.05, 0.0, 723.6621148054356
1.02, 2.5, 16.0, jf-a2, 2.550982172947206, 6.9159523673927605, 100.0, 0.6357607734891151, 2912.997991921884, 170.0, 859.136180390696, 910.3118724755888, 54.666666666666664, 0.0, 1.05, 0.0, 736.2068185031997
1.02, 3.0, 10.0, jf-a2, 3.0552601691780064, 3.18214499849012, 100.0, 0.6097091452984086, 2618.6120668874837, 170.0, 823.9312774302819, 818.3162709023387, 54.666666666666664, 0.0, 1.05, 0.0, 691.6866419164172
1.02, 3.0, 8.0, jf-a2, 3.296485317109964, 2.881166915175071, 100.0, 0.5976862757141439, 2520.0183479172665, 170.0, 807.6841563704647, 787.5057337241458, 54.666666666666664, 0.0, 1.05, 0.0, 675.2164615331136
1.02, 2.5, 14.0, jf-a2, 2.5911556686916786, 6.778726178788842, 100.0, 0.6322850609560129, 2878.2324688937965, 170.0, 854.4392715621796, 899.4476465293114, 54.666666666666664, 0.0, 1.05, 0.0, 730.7604213320218
1.02, 3.0, 16.0, jf-a2, 2.755588294020206, 6.2845123488494234, 100.0, 0.6268347714248804, 2793.101509184159, 170.0, 847.0740154390276, 872.8442216200498, 54.666666666666664, 0.0, 1.05, 0.0, 718.8713829706771
1.02, 3.0, 12.0, jf-a2, 2.9212696521237485, 3.3729209162116325, 100.0, 0.6199973093013578, 2689.0828060421086, 170.0, 837.8342017585916, 840.338376888159, 54.666666666666664, 0.0, 1.05, 0.0, 704.2604025263627
1.02, 3.0, 14.0, jf-a2, 2.8173622978112194, 3.5325774798033143, 100.0, 0.6225770575458868, 2749.3106519569183, 170.0, 841.3203480349821, 859.1595787365369, 54.666666666666664, 0.0, 1.05, 0.0, 712.0679743700316
1.02, 3.5, 10.0, jf-a2, 3.424108720770368, 2.7392169810206437, 100.0, 0.6020536125753887, 2485.019552019218, 170.0, 813.5859629397145, 776.5686100060057, 54.666666666666664, 0.0, 1.05, 0.0, 673.4541005310022
1.02, 3.5, 12.0, jf-a2, 3.221127548700166, 2.9718472552223765, 100.0, 0.6087999594843932, 2561.4949579807294, 170.0, 822.7026479518828, 800.4671743689779, 54.666666666666664, 0.0, 1.05, 0.0, 685.0094378123013
1.02, 3.5, 8.0, jf-a2, 3.780441068543071, 2.393805991389528, 100.0, 0.589354601209028, 2372.967411533796, 170.0, 796.4251367689568, 741.5523161043113, 54.666666666666664, 0.0, 1.05, 0.0, 655.1921085056439
1.02, 3.5, 14.0, jf-a2, 3.0913065774560544, 3.1378777362282175, 100.0, 0.6147431467764679, 2619.954854086314, 170.0, 830.733982130362, 818.7358919019731, 54.666666666666664, 0.0, 1.05, 0.0, 694.2144559113174
1.02, 3.5, 16.0, jf-a2, 3.012826168502851, 3.2471549760345377, 100.0, 0.6182620061146621, 2674.629835631736, 170.0, 835.4891974522461, 835.8218236349176, 54.666666666666664, 0.0, 1.05, 0.0, 701.8588573805073
1.53, 1.5, 8.0, jf-a2, 2.853413217935798, 13.115883243408149, 100.0, 0.6759262198850448, 3031.681350651894, 255.0, 913.4138106554658, 947.4004220787168, 54.666666666666664, 0.0, 1.05, 0.0, 797.9349814569638
1.53, 1.5, 12.0, jf-a2, 2.7873042507792523, 22.95080950600915, 100.0, 0.6526644403614141, 3117.9832922638684, 255.0, 881.9789734613704, 974.3697788324588, 54.666666666666664, 0.0, 1.05, 0.0, 796.3720633028403
1.53, 2.0, 10.0, jf-a2, 3.0203745539256817, 8.679901152414889, 100.0, 0.6611228443566041, 2931.354609226857, 255.0, 893.4092491305461, 916.0483153833927, 54.666666666666664, 0.0, 1.05, 0.0, 779.9601475798785
1.53, 1.5, 14.0, jf-a2, 2.769547442383182, 28.62537685940071, 100.0, 0.6565653236647988, 3139.9942289865808, 255.0, 887.2504373848633, 981.2481965583065, 54.666666666666664, 0.0, 1.05, 0.0, 800.6245218801095
1.53, 2.0, 12.0, jf-a2, 2.969813498553685, 12.482200245651487, 100.0, 0.6721842470487773, 2979.8802633552227, 255.0, 908.3570906064559, 931.2125822985071, 54.666666666666664, 0.0, 1.05, 0.0, 790.4993855167371
1.53, 2.0, 14.0, jf-a2, 2.9343220786071633, 12.690333729894228, 100.0, 0.6711902608874785, 3014.1118483126666, 255.0, 907.0138660641601, 941.9099525977083, 54.666666666666664, 0.0, 1.05, 0.0, 793.773336531654
1.53, 2.0, 8.0, jf-a2, 3.114173425590971, 8.335809743730604, 100.0, 0.645653373717226, 2849.894657090802, 255.0, 872.5045590773325, 890.5920803408756, 54.666666666666664, 0.0, 1.05, 0.0, 763.7338237963728
1.53, 1.5, 10.0, jf-a2, 2.8033577739860185, 17.83549499818129, 100.0, 0.6622358470429606, 3082.6793573143163, 255.0, 894.9133068148116, 963.3372991607239, 54.666666666666664, 0.0, 1.05, 0.0, 797.0377120914374
1.53, 2.5, 8.0, jf-a2, 3.434740114054142, 4.799246640739409, 100.0, 0.6402244397254055, 2680.444493989737, 255.0, 865.1681617910886, 837.6389043717929, 54.666666666666664, 0.0, 1.05, 0.0, 742.6324731570086
1.53, 2.0, 16.0, jf-a2, 2.916607748429189, 17.01716081200438, 100.0, 0.6734292331611665, 3039.5449767326254, 255.0, 910.0395042718467, 949.8578052289455, 54.666666666666664, 0.0, 1.05, 0.0, 797.6140583252773
1.53, 1.5, 16.0, jf-a2, 2.762589174137811, 28.76791874929812, 100.0, 0.6599500634395081, 3153.770929544795, 255.0, 891.8244100533893, 985.5534154827484, 54.666666666666664, 0.0, 1.05, 0.0, 803.7322389376482
1.53, 2.5, 14.0, jf-a2, 3.130533563428521, 8.297084291749425, 100.0, 0.6701778530892528, 2886.2092047309425, 255.0, 905.6457474179092, 901.9403764784195, 54.666666666666664, 0.0, 1.05, 0.0, 779.3051433637152
1.53, 2.5, 16.0, jf-a2, 3.108123225578785, 11.795251787512901, 100.0, 0.6723953416610878, 2920.184155266259, 255.0, 908.6423535960647, 912.557548520706, 54.666666666666664, 0.0, 1.05, 0.0, 784.0699657408697
1.53, 2.5, 10.0, jf-a2, 3.2842141715395488, 7.777098590796362, 100.0, 0.6543568962130328, 2769.29275884874, 255.0, 884.2660759635579, 865.4039871402314, 54.666666666666664, 0.0, 1.05, 0.0, 759.0345220863263
1.53, 3.0, 12.0, jf-a2, 3.462779125807959, 7.251673648349341, 100.0, 0.656074330389224, 2694.5404008007886, 255.0, 886.5869329584108, 842.0438752502465, 54.666666666666664, 0.0, 1.05, 0.0, 751.67078287303
1.53, 2.5, 12.0, jf-a2, 3.1903434672050524, 8.086472330693866, 100.0, 0.6618416007791815, 2840.364585542053, 255.0, 894.3805415934885, 887.6139329818916, 54.666666666666664, 0.0, 1.05, 0.0, 770.348066101383
1.53, 3.0, 8.0, jf-a2, 3.850784264478386, 4.104919838907625, 100.0, 0.6318463444107417, 2523.705725500795, 255.0, 853.8464113658672, 788.6580392189985, 54.666666666666664, 0.0, 1.05, 0.0, 721.5265577047029
1.53, 3.0, 10.0, jf-a2, 3.6052959586516904, 4.49683087382339, 100.0, 0.6459011006671419, 2623.653060449797, 255.0, 872.8393252258675, 819.8915813905617, 54.666666666666664, 0.0, 1.05, 0.0, 739.1058173157502
1.53, 3.0, 14.0, jf-a2, 3.380187560969114, 7.499835043724001, 100.0, 0.6628951117593286, 2757.572413469664, 255.0, 895.8042050801737, 861.7413792092699, 54.666666666666664, 0.0, 1.05, 0.0, 761.7909545013051
1.53, 3.0, 16.0, jf-a2, 3.3184135571781006, 7.6946910402954565, 100.0, 0.6648019847026926, 2800.1612572069225, 255.0, 898.381060409044, 875.0503928771633, 54.666666666666664, 0.0, 1.05, 0.0, 767.3510086501725
1.53, 3.5, 12.0, jf-a2, 3.7647686013317445, 4.237498180548256, 100.0, 0.6453635754591848, 2566.145587008154, 255.0, 872.1129398097091, 801.9204959400481, 54.666666666666664, 0.0, 1.05, 0.0, 732.5617025124151
1.53, 3.5, 8.0, jf-a2, 4.3191084369641235, 3.480614162018405, 89.42677821220316, 0.5887811923778634, 2376.224274770115, 255.0, 795.6502599700856, 742.5700858656608, 54.666666666666664, 0.0, 1.05, 0.0, 685.0271210425112
1.53, 3.5, 10.0, jf-a2, 3.9677497734019465, 3.9339271686449235, 100.0, 0.6361279816843796, 2489.793166034948, 255.0, 859.6324076815939, 778.0603643859213, 54.666666666666664, 0.0, 1.05, 0.0, 719.8424702236304
1.53, 3.5, 14.0, jf-a2, 3.6598160511402646, 6.735849963917543, 100.0, 0.6531079388675286, 2625.6068237001346, 255.0, 882.5782957669305, 820.502132406292, 54.666666666666664, 0.0, 1.05, 0.0, 742.7281498606279
1.53, 3.5, 16.0, jf-a2, 3.5713882737660088, 6.972691465811934, 100.0, 0.6573213309862358, 2686.377249816214, 255.0, 888.2720689003187, 839.4928905675667, 54.666666666666664, 0.0, 1.05, 0.0, 751.3677358137599
2.04, 1.5, 10.0, jf-a2, 3.344867247670229, 28.03056763282946, 100.0, 0.6254285961015458, 3076.989813275828, 340.0, 845.1737785156024, 961.5593166486963, 54.666666666666664, 0.0, 1.05, 0.0, 808.7565833075046
2.04, 1.5, 8.0, jf-a2, 3.388527954777903, 22.724049181155458, 100.0, 0.6244750217298436, 3023.265097113204, 340.0, 843.8851644997886, 944.7703428478761, 54.666666666666664, 0.0, 1.05, 0.0, 802.4294275716827
2.04, 2.0, 8.0, jf-a2, 3.6428934255909713, 12.957859924249988, 100.0, 0.6696439343594041, 2854.5188303786367, 340.0, 904.9242356208163, 892.037134493324, 54.666666666666664, 0.0, 1.05, 0.0, 805.336479539949
2.04, 2.0, 10.0, jf-a2, 3.563305080241471, 17.11969620271781, 100.0, 0.6871489585164369, 2926.5368510669014, 340.0, 928.5796736708606, 914.5427659584067, 54.666666666666664, 0.0, 1.05, 0.0, 821.4928538702436
2.04, 2.0, 14.0, jf-a2, 3.485778920712427, 21.958428613106676, 100.0, 0.7016801828520348, 3008.2834854022576, 340.0, 948.2164633135606, 940.0885891882056, 54.666666666666664, 0.0, 1.05, 0.0, 837.306768375618
2.04, 1.5, 12.0, jf-a2, 3.322418987621358, 33.615649189381415, 100.0, 0.647110684116083, 3111.0115079610964, 340.0, 874.4738974541663, 972.1910962378425, 54.666666666666664, 0.0, 1.05, 0.0, 822.7327477922032
2.04, 2.0, 16.0, jf-a2, 3.462380380008136, 26.85022848247837, 100.0, 0.6187456246310884, 3034.7415559536116, 340.0, 836.1427359879573, 948.3567362355036, 54.666666666666664, 0.0, 1.05, 0.0, 800.9748152782112
2.04, 2.0, 12.0, jf-a2, 3.507059814343158, 17.522825124936194, 100.0, 0.694955121066213, 2974.832419681395, 340.0, 939.1285419813689, 929.6351311504359, 54.666666666666664, 0.0, 1.05, 0.0, 830.4672855961317
2.04, 1.5, 14.0, jf-a2, 3.308925337120024, 45.45514352126904, 100.0, 0.6437718497329198, 3130.775388146087, 340.0, 869.9619590985403, 978.3673087956522, 54.666666666666664, 0.0, 1.0, 0.0, 784.1097559647308
2.04, 1.5, 16.0, jf-a2, 3.3040986478220216, 51.921601782590585, 100.0, 0.6566782274210112, 3142.7982822486233, 340.0, 887.4030100283935, 982.1244632026948, 54.666666666666664, 0.0, 1.0, 0.0, 791.1758244103627
2.04, 2.5, 10.0, jf-a2, 3.823592066276391, 9.093883460943752, 100.0, 0.6847117942376519, 2776.10853562299, 340.0, 925.2862084292594, 867.5339173821844, 54.666666666666664, 0.0, 1.05, 0.0, 803.8870440340055
2.04, 2.5, 8.0, jf-a2, 3.9847759035278263, 8.572388148090594, 100.0, 0.6678021131861374, 2679.4396078893387, 340.0, 902.4352880893748, 837.3248774654184, 54.666666666666664, 0.0, 1.05, 0.0, 785.3160579441776
2.04, 2.5, 14.0, jf-a2, 3.6876746160601, 16.36376938698861, 100.0, 0.7010392472458828, 2882.044901834134, 340.0, 947.3503341160579, 900.6390318231669, 54.666666666666664, 0.0, 1.05, 0.0, 823.1962780787287
2.04, 2.5, 16.0, jf-a2, 3.6510537518945743, 16.620220701071712, 100.0, 0.7038468955493224, 2916.0444534312464, 340.0, 951.1444534450303, 911.2638916972645, 54.666666666666664, 0.0, 1.05, 0.0, 828.2429207998032
2.04, 2.5, 12.0, jf-a2, 3.7297213619418943, 12.563981444883924, 100.0, 0.692007671934204, 2841.4026483213784, 340.0, 935.1455026137891, 887.9383276004307, 54.666666666666664, 0.0, 1.05, 0.0, 814.4793405749771
2.04, 3.0, 14.0, jf-a2, 3.9216970346533246, 11.72097852075731, 100.0, 0.693298308990919, 2760.1806892584127, 340.0, 936.8896067444853, 862.556465393254, 54.666666666666664, 0.0, 1.05, 0.0, 806.2061252482087
2.04, 3.0, 8.0, jf-a2, 4.379504264478386, 7.4688913090544995, 89.07108005029093, 0.6190245160367996, 2520.4759012592353, 340.0, 836.5196162659455, 787.6487191435111, 54.666666666666664, 0.0, 1.05, 0.0, 744.8589173933099
2.04, 3.0, 10.0, jf-a2, 4.146805432335901, 8.096739271078812, 97.16635406698231, 0.6643384678483163, 2624.5168909615945, 340.0, 897.7546862815086, 820.1615284254982, 54.666666666666664, 0.0, 1.05, 0.0, 777.6706751474525
2.04, 3.0, 12.0, jf-a2, 4.012814915281643, 8.499509152544688, 100.0, 0.6877148722767268, 2697.2345065340796, 340.0, 929.3444219955767, 842.8857832918999, 54.666666666666664, 0.0, 1.05, 0.0, 796.6805718506167
2.04, 3.0, 16.0, jf-a2, 3.885501978230732, 11.906971428834746, 100.0, 0.6992005146688821, 2797.891780230896, 340.0, 944.8655603633541, 874.3411813221551, 54.666666666666664, 0.0, 1.05, 0.0, 813.1223595899282
2.04, 3.5, 8.0, jf-a2, 4.862749489595702, 6.369435099028182, 76.4775302814441, 0.5622049635474382, 2373.576038968784, 340.0, 759.7364372262679, 741.742512177745, 54.666666666666664, 0.0, 1.05, 0.0, 701.9176322914045
2.04, 3.5, 10.0, jf-a2, 4.511390826033526, 7.1442387047198865, 86.05967178077442, 0.6154312295493316, 2487.346154279192, 340.0, 831.663823715313, 777.2956732122475, 54.666666666666664, 0.0, 1.05, 0.0, 739.5358239246461
2.04, 3.5, 12.0, jf-a2, 4.333278075015954, 7.599571688966995, 91.8533356976485, 0.6497142354292549, 2563.3629170854624, 340.0, 877.9922100395337, 801.050911589207, 54.666666666666664, 0.0, 1.05, 0.0, 764.0650925700592
2.04, 3.5, 14.0, jf-a2, 4.208430787982371, 7.944120598473129, 96.13423686858116, 0.6718017672153533, 2633.997476533304, 340.0, 907.8402259666938, 823.1242114166575, 54.666666666666664, 0.0, 1.05, 0.0, 782.2375530841729
2.04, 3.5, 16.0, jf-a2, 4.146529326397587, 10.848807146678201, 96.97705860919251, 0.6807713077129541, 2685.413336941457, 340.0, 919.9612266391272, 839.1916677942054, 54.666666666666664, 0.0, 1.05, 0.0, 792.1035130516665
2.55, 1.5, 8.0, jf-a2, 3.9300374284621133, 32.15022494019568, 93.23088400752168, 0.6061035274868691, 3003.603074218423, 425.0, 819.0588209282015, 938.6259606932572, 54.666666666666664, 0.0, 1.05, 0.0, 821.3396735675105
2.55, 1.5, 10.0, jf-a2, 3.8863767213544396, 43.05448960670665, 91.89594060420367, 0.6248366621257169, 3064.244911016134, 425.0, 844.3738677374553, 957.5765346925419, 54.666666666666664, 0.0, 1.0, 0.0, 796.9834674766657
2.55, 2.0, 8.0, jf-a2, 4.188666057169918, 17.346627897652674, 93.30401105604575, 0.6668446585733325, 2844.115151223904, 425.0, 901.1414305045033, 888.78598475747, 54.666666666666664, 0.0, 1.05, 0.0, 832.6245953416907
2.55, 2.0, 10.0, jf-a2, 4.100551396030944, 21.740365249370686, 95.52875122828242, 0.6896918706802482, 2913.3460771568934, 425.0, 932.0160414597948, 910.4206491115292, 54.666666666666664, 0.0, 1.05, 0.0, 851.0028416999635
2.55, 2.0, 14.0, jf-a2, 4.0230252365019, 35.98129930672533, 93.81132638597107, 0.6035699866353428, 2996.7211764088365, 425.0, 815.6351170747874, 936.4753676277614, 54.666666666666664, 0.0, 1.05, 0.0, 819.3886696458922
2.55, 1.5, 16.0, jf-a2, 3.8591081215062317, 87.884758352738, 77.54511757646587, 0.6556897945225971, 3119.2063101186927, 425.0, 886.0672898954016, 974.7519719120916, 54.666666666666664, 0.0, 1.0, 0.0, 816.6064206024977
2.55, 1.5, 12.0, jf-a2, 3.8617968823582, 54.980142719448594, 89.33068580049223, 0.6315204362953403, 3090.6328250297493, 425.0, 853.4059949937031, 965.8227578217967, 54.666666666666664, 0.0, 1.0, 0.0, 802.7429176051666
2.55, 2.0, 12.0, jf-a2, 4.0499903406589475, 26.367320490270696, 96.09272013143706, 0.6800808651742581, 2960.6790205870993, 425.0, 919.02819618143, 925.2121939334685, 54.666666666666664, 0.0, 1.05, 0.0, 851.6341365402143
2.55, 1.5, 14.0, jf-a2, 3.8504348108042343, 74.24243460439074, 83.76460659098329, 0.6519436061654471, 3107.878452803976, 425.0, 881.0048731965502, 971.2120165012425, 54.666666666666664, 0.0, 1.0, 0.0, 813.7389632325976
2.55, 2.5, 8.0, jf-a2, 4.524153798264669, 12.42945256028124, 85.46909668012147, 0.6317140603975214, 2667.8089030513115, 425.0, 853.6676491858398, 833.6902822035349, 54.666666666666664, 0.0, 1.05, 0.0, 796.7252759862811
2.55, 2.5, 12.0, jf-a2, 4.2868624145734735, 16.803019873216428, 92.28342575752109, 0.6865709876098228, 2831.2051888126, 425.0, 927.7986319051661, 884.7516215039376, 54.666666666666664, 0.0, 1.05, 0.0, 840.5425886931864
2.55, 2.5, 10.0, jf-a2, 4.362969961013233, 16.326588221936117, 89.42381912288867, 0.6641829902924066, 2768.1546508841375, 425.0, 897.5445814762251, 865.048328401293, 54.666666666666664, 0.0, 1.05, 0.0, 823.0575184571314
2.55, 2.0, 16.0, jf-a2, 4.01762669579761, 41.23061361594074, 92.44520612794936, 0.619590412353356, 3022.847057094046, 425.0, 837.2843410180486, 944.6397053418893, 54.666666666666664, 0.0, 1.0, 0.0, 790.3080154533127
2.55, 2.5, 14.0, jf-a2, 4.237710405533784, 20.77036067765754, 92.64704599277573, 0.69257501821792, 2871.388640725128, 425.0, 935.912186780973, 897.3089502266025, 54.666666666666664, 0.0, 1.05, 0.0, 847.7773979526514
2.55, 2.5, 16.0, jf-a2, 4.209379015052469, 24.994714626827882, 92.24473961024594, 0.6985928095418589, 2904.2402183332347, 425.0, 944.0443372187282, 907.5750682291358, 54.666666666666664, 0.0, 1.05, 0.0, 854.2167919067524
2.55, 3.0, 12.0, jf-a2, 4.554324388965854, 12.326172976639667, 86.18604620520763, 0.6553761105953715, 2695.3635716429776, 425.0, 885.643392696448, 842.3011161384305, 54.666666666666664, 0.0, 1.05, 0.0, 810.9305780922075
2.55, 3.0, 8.0, jf-a2, 4.921013738162596, 8.503290729666036, 76.98619504834636, 0.5864873941732575, 2512.158454512455, 425.0, 792.5505326665642, 785.0495170351422, 54.666666666666664, 0.0, 1.05, 0.0, 758.3100173955972
2.55, 3.0, 10.0, jf-a2, 4.696841221809585, 11.741640476385529, 81.90516677576927, 0.6255266431072689, 2614.324170966029, 425.0, 845.3062744692824, 816.9763034268841, 54.666666666666664, 0.0, 1.05, 0.0, 787.9489022636583
2.55, 3.5, 8.0, jf-a2, 5.406390542227282, 7.295966890363161, 67.01693466151714, 0.5354755873559719, 2366.575714170535, 425.0, 723.6156585891513, 739.5549106782922, 54.666666666666664, 0.0, 1.05, 0.0, 718.2596992436053
2.55, 3.0, 14.0, jf-a2, 4.488785455705956, 15.700882970168019, 87.11935478408077, 0.6710191775290469, 2750.819244582611, 425.0, 906.7826723365499, 859.631013932066, 54.666666666666664, 0.0, 1.05, 0.0, 824.3947901940155
2.55, 3.0, 16.0, jf-a2, 4.441221978230732, 19.392631593150227, 87.30268089816249, 0.6754648725918828, 2792.6221231273767, 425.0, 912.7903683674092, 872.6944134773053, 54.666666666666664, 0.0, 1.05, 0.0, 831.0696736456499
2.55, 3.5, 10.0, jf-a2, 5.064979247086157, 8.122580958869596, 74.63123096488077, 0.5877695184802191, 2479.9776216885275, 425.0, 794.2831330813772, 774.9930067776648, 54.666666666666664, 0.0, 1.05, 0.0, 755.3966489506647
2.55, 3.5, 14.0, jf-a2, 4.763677103771844, 11.520455196765118, 81.32845230823344, 0.6402993305236367, 2628.267957219365, 425.0, 865.2693655724821, 821.3337366310516, 54.666666666666664, 0.0, 1.05, 0.0, 796.4610857712368
2.55, 3.5, 12.0, jf-a2, 4.876919127647533, 11.079003242680187, 78.20154594645633, 0.6189426580300369, 2559.420302757979, 425.0, 836.4089973378877, 799.8188446118684, 54.666666666666664, 0.0, 1.05, 0.0, 778.8297446824147
2.55, 3.5, 16.0, jf-a2, 4.70011774745022, 14.659171305911745, 81.95281584691334, 0.6501782932235608, 2677.9426613628243, 425.0, 878.619315166974, 836.8570816758827, 54.666666666666664, 0.0, 1.05, 0.0, 806.566738895
3.06, 1.5, 8.0, jf-a2, 4.465152165304219, 51.082472600890625, 73.14295294583984, 0.6107340934466372, 2986.3688017526997, 510.0, 825.3163424954556, 933.2402505477186, 54.666666666666664, 0.0, 1.0, 0.0, 810.852197681058
3.06, 2.0, 8.0, jf-a2, 4.725912372959392, 25.104608483787736, 76.66269059466389, 0.6291228412644726, 2827.188026177356, 510.0, 850.1660017087469, 883.4962581804238, 54.666666666666664, 0.0, 1.05, 0.0, 842.6817909612098
3.06, 2.0, 10.0, jf-a2, 4.6434819223467345, 34.12253311657936, 76.63165035997352, 0.5693006226647009, 2898.852975424363, 510.0, 769.3251657631095, 905.8915548201135, 54.666666666666664, 0.0, 1.05, 0.0, 822.225852204128
3.06, 2.0, 12.0, jf-a2, 4.595762972237895, 44.029478569082215, 75.25450734103572, 0.5948565494057673, 2947.5684910213395, 510.0, 803.8602018996855, 921.1151534441685, 54.666666666666664, 0.0, 1.0, 0.0, 799.6584517812846
3.06, 1.5, 14.0, jf-a2, 4.398339021330551, 122.23453937898543, 56.90958714025175, 0.6373908361857687, 3076.9286524197505, 510.0, 861.3389678186064, 961.540203881172, 54.666666666666664, 0.0, 1.0, 0.0, 832.2930572332594
3.06, 1.5, 12.0, jf-a2, 4.40330635604241, 88.02827867046668, 65.99406301731179, 0.6344829553028223, 3060.6599883158437, 510.0, 857.4093990578679, 956.4562463487013, 54.666666666666664, 0.0, 1.0, 0.0, 829.2885484688563
3.06, 1.5, 10.0, jf-a2, 4.421491458196545, 68.84075066404449, 70.2080554966073, 0.6174425958313894, 3038.267964080327, 510.0, 834.3818862586344, 949.4587387751022, 54.666666666666664, 0.0, 1.0, 0.0, 819.2802083445788
3.06, 1.5, 16.0, jf-a2, 4.4048807530851795, 159.06561268731687, 47.30998396027568, 0.6374052705495771, 3087.7590106576035, 510.0, 861.3584737156447, 964.924690830501, 54.666666666666664, 0.0, 1.0, 0.0, 833.4277215153818
3.06, 2.5, 8.0, jf-a2, 5.0528737982646685, 16.15342158002374, 72.46818586735178, 0.5887900766331894, 2653.8384128928838, 510.0, 795.6622657205262, 829.3245040290261, 54.666666666666664, 0.0, 1.05, 0.0, 804.6453694123433
3.06, 2.5, 10.0, jf-a2, 4.90945311890797, 20.185773829789007, 75.28413327608489, 0.6244545807852616, 2755.290123216578, 510.0, 843.857541601705, 861.0281635051807, 54.666666666666664, 0.0, 1.05, 0.0, 832.6099967874101
3.06, 2.0, 14.0, jf-a2, 4.578271552291374, 54.57874126006744, 73.1224224268595, 0.608446987016707, 2983.8615348866183, 510.0, 822.2256581306851, 932.4567296520681, 54.666666666666664, 0.0, 1.0, 0.0, 809.5607959275844
3.06, 2.0, 16.0, jf-a2, 4.569083537902873, 65.84036877592614, 70.41446618625457, 0.6034735483969075, 3003.0140078030076, 510.0, 815.5047951309562, 938.4418774384399, 54.666666666666664, 0.0, 1.0, 0.0, 809.3155575231319
3.06, 2.5, 12.0, jf-a2, 4.8262403093103154, 24.350783750633806, 76.50539784440797, 0.6404019218622541, 2816.641169892789, 510.0, 865.4080025165596, 880.2003655914965, 54.666666666666664, 0.0, 1.05, 0.0, 846.8629288378196
3.06, 3.0, 8.0, jf-a2, 5.462523211846807, 14.183057033589922, 64.82049486969824, 0.5452177075253447, 2500.922648681706, 510.0, 736.7806858450605, 781.538327713033, 54.666666666666664, 0.0, 1.05, 0.0, 767.3116547453327
3.06, 2.5, 16.0, jf-a2, 4.7665200676840485, 37.261156980750016, 74.49747346845899, 0.6301354677766658, 2892.3260781186113, 510.0, 851.5344159144132, 903.851899412066, 54.666666666666664, 0.0, 1.05, 0.0, 850.2852103642678
3.06, 2.5, 14.0, jf-a2, 4.788930405533784, 32.61264809941606, 75.14849895453912, 0.6501784500182836, 2855.7016876871135, 510.0, 878.6195270517345, 892.4067774022229, 54.666666666666664, 0.0, 1.05, 0.0, 855.7592065588851
3.06, 3.0, 10.0, jf-a2, 5.2383506954937955, 15.24151913611516, 69.92537934244612, 0.5910760351482529, 2601.7280304711853, 510.0, 798.7513988489904, 813.0400095222453, 54.666666666666664, 0.0, 1.05, 0.0, 800.0269929299325
3.06, 3.0, 12.0, jf-a2, 5.108623336334275, 18.945835521125925, 71.92576170920597, 0.6117152650185982, 2685.8096461016125, 510.0, 826.6422500251327, 839.3155144067539, 54.666666666666664, 0.0, 1.05, 0.0, 818.9852175511604
3.06, 3.0, 14.0, jf-a2, 5.031715982021746, 22.798727407636743, 72.66733840410923, 0.6216281499042094, 2738.7987019538687, 510.0, 840.0380404110938, 855.8745943605841, 54.666666666666664, 0.0, 1.05, 0.0, 829.4694221700872
3.06, 3.0, 16.0, jf-a2, 5.004047241388626, 26.676819907930565, 72.37649306070118, 0.6287821809663688, 2779.73353581386, 510.0, 849.7056499545525, 868.6667299418311, 54.666666666666664, 0.0, 1.05, 0.0, 837.3303329637343
3.06, 3.5, 12.0, jf-a2, 5.435481232910691, 14.346780744810943, 66.92730430510392, 0.5841471825916993, 2548.052506258736, 510.0, 789.3880845833775, 796.266408205855, 54.666666666666664, 0.0, 1.05, 0.0, 790.8790724762313
3.06, 3.5, 10.0, jf-a2, 5.608620299717736, 13.56086818326207, 63.32092779178713, 0.5520828120925781, 2469.774949156474, 510.0, 746.0578541791597, 771.8046716113982, 54.666666666666664, 0.0, 1.05, 0.0, 767.1518840266951
3.06, 3.5, 8.0, jf-a2, 5.959978963279913, 12.184699795413167, 57.09594250255594, 0.4926834532720029, 2356.7819132668283, 510.0, 665.7884503675715, 736.4943478958838, 54.666666666666664, 0.0, 1.05, 0.0, 726.6989793922094
3.06, 3.5, 14.0, jf-a2, 5.332186577456055, 17.690354030533765, 68.14629144107896, 0.5960949902091577, 2620.5335829070746, 510.0, 805.5337705529158, 818.9167446584609, 54.666666666666664, 0.0, 1.05, 0.0, 804.457680323982
3.06, 3.5, 16.0, jf-a2, 5.258679852713377, 21.258151654651357, 68.66697735203462, 0.606554235936018, 2667.2242623541833, 510.0, 819.6678864000244, 833.5075819856824, 54.666666666666664, 0.0, 1.05, 0.0, 814.5114139349973
3.57, 1.5, 8.0, jf-a2, 5.000266902146324, 74.81237944607389, 54.94832232757384, 0.5975528940617041, 2959.2341760184463, 595.0, 807.5039108941947, 924.7606800057645, 54.666666666666664, 0.0, 1.0, 0.0, 830.4215302999864
3.57, 2.0, 10.0, jf-a2, 5.180728238136208, 50.72717716792276, 60.49764750788061, 0.6066031544110814, 2875.449377343898, 595.0, 819.7339924474073, 898.5779304199682, 54.666666666666664, 0.0, 1.0, 0.0, 825.7706409557918
3.57, 1.5, 12.0, jf-a2, 4.944815829726621, 152.84853743266208, 40.31530977851331, 0.6239290046578586, 3025.2215889468116, 595.0, 843.1473035917008, 945.3817465458785, 54.666666666666664, 0.0, 1.0, 0.0, 849.1763500458597
3.57, 1.5, 10.0, jf-a2, 4.960869352933387, 105.69177289976567, 49.75482995124647, 0.6104236648473316, 3004.845589527815, 595.0, 824.8968443882859, 939.0142467274421, 54.666666666666664, 0.0, 1.0, 0.0, 840.9703637052427
3.57, 2.0, 8.0, jf-a2, 5.263158688748866, 36.415490491600146, 62.049077933734885, 3679576511275.152, 2806.864634816387, 595.0, 4972400690912368.0, 877.145198380121, 54.666666666666664, 0.0, 1.05, 0.0, 1740340241819901.5
3.57, 1.5, 14.0, jf-a2, 4.94055902133055, 218.727306974158, 27.957686025964136, 0.6101882187985118, 3041.104527435873, 595.0, 824.578674052043, 950.3451648237103, 54.666666666666664, 0.0, 1.0, 0.0, 844.641279625251
3.57, 1.5, 16.0, jf-a2, 4.952784963611495, 288.42295257736833, 16.535348345606593, 0.626670911988132, 3050.483583690755, 595.0, 846.8525837677458, 953.276119903361, 54.666666666666664, 0.0, 1.0, 0.0, 853.0429012237021
3.57, 2.0, 12.0, jf-a2, 5.141535603816842, 61.33574825349007, 59.161184025408375, 0.5909328427262096, 2928.221024421027, 595.0, 798.5578955759589, 915.0690701315709, 54.666666666666664, 0.0, 1.0, 0.0, 824.2089885691767
3.57, 2.5, 8.0, jf-a2, 5.59225169300151, 22.57023417583773, 60.885538653994985, 0.564445454475306, 2649.1628405735955, 595.0, 762.7641276693325, 827.8633876792486, 54.666666666666664, 0.0, 1.05, 0.0, 822.3696303720035
3.57, 2.5, 10.0, jf-a2, 5.448831013644812, 30.602836898106972, 61.925313382593735, 0.5951296454500236, 2739.578586461402, 595.0, 804.2292506081399, 856.1183082691881, 54.666666666666664, 0.0, 1.05, 0.0, 846.7716456070648
3.57, 2.0, 14.0, jf-a2, 5.124044183870321, 77.74078589364684, 55.78159823202012, 0.5856158286440806, 2961.3055227620753, 595.0, 791.3727414109197, 925.4079758631484, 54.666666666666664, 0.0, 1.0, 0.0, 825.260239091356
3.57, 2.0, 16.0, jf-a2, 5.123382485271294, 100.96888483391956, 50.86327344565577, 0.5960699634312111, 2977.2727336139174, 595.0, 805.4999505827178, 930.3977292543491, 54.666666666666664, 0.0, 1.0, 0.0, 831.6325599456889
3.57, 3.0, 8.0, jf-a2, 6.012559001320491, 17.144840057308773, 55.83209855352261, 0.514046169905873, 2487.407001236884, 595.0, 694.6569863592879, 777.3146878865263, 54.666666666666664, 0.0, 1.05, 0.0, 780.840085986035
3.57, 2.5, 14.0, jf-a2, 5.346071458165363, 48.33345912222508, 59.83089839176267, 0.5510728553484137, 2840.899899801688, 595.0, 744.6930477681266, 887.7812186880276, 54.666666666666664, 0.0, 1.0, 0.0, 797.1580888187182
3.57, 2.5, 16.0, jf-a2, 5.320108488736679, 58.14366559713484, 57.91770427716656, 0.5573182130427429, 2876.321555625191, 595.0, 753.1327203280309, 898.8504861328723, 54.666666666666664, 0.0, 1.0, 0.0, 803.661068820301
3.57, 3.0, 10.0, jf-a2, 5.779860169178006, 21.31690741238626, 59.06644662162358, 0.5544824394083103, 2599.887415511354, 595.0, 749.300593795014, 812.4648173472981, 54.666666666666664, 0.0, 1.05, 0.0, 812.2678938998092
3.57, 2.5, 12.0, jf-a2, 5.3762760987839995, 39.22847650135597, 61.37419815513087, 0.6118896348294778, 2798.186364432295, 595.0, 826.8778849046997, 874.4332388850921, 54.666666666666664, 0.0, 1.05, 0.0, 861.1088933264272
3.57, 3.0, 12.0, jf-a2, 5.664343336334275, 25.333147739183897, 60.460920707212416, 0.5782904241340548, 2672.5658889397864, 595.0, 781.4735461271013, 835.1768402936832, 54.666666666666664, 0.0, 1.05, 0.0, 831.4776352472745
3.57, 3.0, 14.0, jf-a2, 5.59454124517964, 32.961878375011494, 59.78472243640599, 0.5906052386790114, 2724.0789817493187, 595.0, 798.1151874040694, 851.2746817966621, 54.666666666666664, 0.0, 1.05, 0.0, 842.936454220256
3.57, 3.0, 16.0, jf-a2, 5.571135662441257, 37.14440965172283, 59.43932842577944, 0.6028219262996178, 2763.6842676226456, 595.0, 814.6242247292133, 863.6513336320767, 54.666666666666664, 0.0, 1.05, 0.0, 853.0464454264516
3.57, 3.5, 8.0, jf-a2, 6.488698963279913, 14.840736625176122, 50.70670262069072, 0.47041223548741357, 2345.3541629107804, 595.0, 635.6922101181265, 732.9231759096189, 54.666666666666664, 0.0, 1.05, 0.0, 744.6653851097109
3.57, 3.5, 10.0, jf-a2, 6.167182404980894, 16.370809447979322, 55.701563209602774, 0.5176023497008778, 2458.063400491459, 595.0, 699.462634730916, 768.1448126535811, 54.666666666666664, 0.0, 1.05, 0.0, 779.3126065845739
3.57, 3.5, 12.0, jf-a2, 5.980780180279112, 20.074448439668117, 56.84271753570112, 0.5387546355055645, 2547.69217982253, 595.0, 728.0468047372493, 796.1538061945405, 54.666666666666664, 0.0, 1.05, 0.0, 799.1202138261265
3.57, 3.5, 14.0, jf-a2, 5.890748682719211, 23.680177725762153, 57.596742169102775, 0.5581338652543938, 2609.142404167445, 595.0, 754.234953046478, 815.3570013023266, 54.666666666666664, 0.0, 1.05, 0.0, 815.0071840220816
3.57, 3.5, 16.0, jf-a2, 5.832163010608113, 27.38963596378498, 57.70868798913862, 0.5704792529834546, 2655.196535553218, 595.0, 770.9179094371008, 829.7489173603806, 54.666666666666664, 0.0, 1.05, 0.0, 825.8833893791184
4.08, 1.5, 8.0, jf-a2, 5.528986902146324, 114.23186547610506, 37.78413103644777, 0.5890739539588588, 2925.691640231148, 680.0, 796.0458837281875, 914.2786375722337, 54.666666666666664, 0.0, 1.0, 0.0, 851.4415071001404
4.08, 1.5, 10.0, jf-a2, 5.495984089775492, 178.77986442420968, 27.570271526103767, 0.5976690874491938, 2966.475880088119, 680.0, 807.6609289853969, 927.0237125275373, 54.666666666666664, 0.0, 1.0, 0.0, 859.561547170978
4.08, 1.5, 12.0, jf-a2, 5.487035829726621, 256.39053367768895, 15.650897951081925, 0.6009865671509588, 2985.6690987965803, 680.0, 812.1440096634578, 933.0215933739314, 54.666666666666664, 0.0, 1.0, 0.0, 863.055201012463
4.08, 1.5, 14.0, jf-a2, 5.486331652909498, 258.68491010421735, 14.31100793196093, 0.6051438549852286, 3002.3492052853408, 680.0, 817.7619661962549, 938.2341266516689, 54.666666666666664, 0.0, 1.0, 0.0, 866.6653642826413
4.08, 2.0, 10.0, jf-a2, 5.717974553925682, 71.25144029176033, 46.653915497039684, 0.556603694787105, 2856.8373854279894, 680.0, 752.1671551177095, 892.7616829462468, 54.666666666666664, 0.0, 1.0, 0.0, 829.6429460213187
4.08, 1.5, 16.0, jf-a2, 5.513478647822022, 259.077555367928, 12.380866903075527, 0.6160237218482421, 3013.3053679981817, 680.0, 832.464488984111, 941.6579274994318, 54.666666666666664, 0.0, 1.0, 0.0, 872.7074721611809
4.08, 2.0, 8.0, jf-a2, 5.806089215064655, 51.220327728710664, 49.07588561317286, 0.5225823210735321, 2783.745408747046, 680.0, 706.1923257750433, 869.9204402334518, 54.666666666666664, 0.0, 1.0, 0.0, 806.7042553361649
4.08, 2.0, 12.0, jf-a2, 5.679729288027369, 92.93304791567728, 43.04969750956013, 0.5770830721708939, 2905.3118389950314, 680.0, 779.841989420127, 907.9099496859474, 54.666666666666664, 0.0, 1.0, 0.0, 843.917313035358
4.08, 2.5, 8.0, jf-a2, 6.138734850896247, 31.78494116492623, 51.215436978276244, 0.542296482256714, 2632.5600430950767, 680.0, 732.8330841306947, 822.6750134672116, 54.666666666666664, 0.0, 1.05, 0.0, 839.8278341592672
4.08, 2.0, 14.0, jf-a2, 5.6669747101861105, 127.44390055303015, 36.850745710734905, 0.5899699937520805, 2934.197095758811, 680.0, 797.2567483136222, 916.9365924246284, 54.666666666666664, 0.0, 1.0, 0.0, 852.7311135794168
4.08, 2.0, 16.0, jf-a2, 5.677681432639715, 170.44664834475412, 28.988323963792688, 0.5927975395131778, 2947.290523010472, 680.0, 801.077756098889, 921.0282884407725, 54.666666666666664, 0.0, 1.0, 0.0, 855.3686815132205
4.08, 2.5, 10.0, jf-a2, 5.991761539960601, 44.376408107197946, 49.869421500151006, 0.5708904737567825, 2721.3905212664713, 680.0, 771.4736131848413, 850.4345378957722, 54.666666666666664, 0.0, 1.0, 0.0, 821.9693836935378
4.08, 2.5, 12.0, jf-a2, 5.927496098783999, 53.674254275815116, 49.0224488026141, 0.5890894099329924, 2778.233053395694, 680.0, 796.0667701797196, 868.1978291861543, 54.666666666666664, 0.0, 1.0, 0.0, 836.0881997886246
4.08, 2.5, 14.0, jf-a2, 5.885449352902205, 67.94424685051331, 46.56619936524405, 0.5726142537237302, 2824.4796728430047, 680.0, 773.8030455726084, 882.649897763439, 54.666666666666664, 0.0, 1.0, 0.0, 833.4843144453491
4.08, 3.0, 8.0, jf-a2, 6.541279001320491, 25.194409740394466, 47.56041769483295, 0.4958778368840962, 2472.3778248018943, 680.0, 670.1051849785084, 772.618070250592, 54.666666666666664, 0.0, 1.05, 0.0, 800.3531393301853
4.08, 3.0, 10.0, jf-a2, 6.334159116546427, 29.98318888275597, 50.05943612531743, 0.5330782960285435, 2586.1480215511783, 680.0, 720.3760757142479, 808.1712567347432, 54.666666666666664, 0.0, 1.05, 0.0, 830.391566357147
4.08, 3.0, 12.0, jf-a2, 6.205852810018485, 38.04816898287062, 50.25568029836308, 0.5561430582005327, 2657.7727348108046, 680.0, 751.5446732439631, 830.5539796283764, 54.666666666666664, 0.0, 1.05, 0.0, 849.1345285053188
4.08, 3.5, 8.0, jf-a2, 7.032340015911492, 21.72943041891654, 42.80614056767191, 0.44719771031726185, 2332.748211833803, 680.0, 604.321230158462, 728.9838161980634, 54.666666666666664, 0.0, 1.05, 0.0, 762.0567662247839
4.08, 2.5, 16.0, jf-a2, 5.887907436105101, 87.61872471044711, 42.58817196064442, 0.5699696306017825, 2858.2761702112803, 680.0, 770.2292305429494, 893.2113031910251, 54.666666666666664, 0.0, 1.0, 0.0, 835.8135112446581
4.08, 3.0, 16.0, jf-a2, 6.1254346098096795, 54.88982664939525, 46.90389394500033, 0.5773572601208726, 2745.333369532345, 680.0, 780.2125136768549, 857.9166779788578, 54.666666666666664, 0.0, 1.0, 0.0, 827.3763972185709
4.08, 3.0, 14.0, jf-a2, 6.148840192548061, 46.32499887618815, 49.38165918512308, 0.5692863599893737, 2707.594224890417, 680.0, 769.3058918775321, 846.1231952782553, 54.666666666666664, 0.0, 1.0, 0.0, 819.8096957185958
4.08, 3.5, 10.0, jf-a2, 6.710823457612474, 23.9760734179626, 46.81179113094374, 0.49145595715356577, 2445.3224178688893, 680.0, 664.1296718291429, 764.163255584028, 54.666666666666664, 0.0, 1.05, 0.0, 795.3025245946097
4.08, 3.5, 12.0, jf-a2, 6.5492896539633225, 28.155580942138144, 48.33359109794148, 0.5177306741551712, 2535.666902091918, 680.0, 699.6360461556368, 792.3959069037244, 54.666666666666664, 0.0, 1.05, 0.0, 817.6111835707765
4.08, 3.5, 14.0, jf-a2, 6.44931078798237, 35.448834742503294, 48.042368578236726, 0.5347833769491667, 2596.152274506847, 680.0, 722.6802391204956, 811.2975857833896, 54.666666666666664, 0.0, 1.05, 0.0, 832.2922387163599
4.08, 3.5, 16.0, jf-a2, 6.400672484292324, 39.56837541182303, 47.996049648008686, 0.5475776157840084, 2640.836780162203, 680.0, 739.9697510594709, 825.2614938006885, 54.666666666666664, 0.0, 1.05, 0.0, 843.2309357010558
4.59, 2.0, 8.0, jf-a2, 6.334809215064655, 78.29895644325724, 36.979763262712204, 0.48935058713132357, 2758.6252736665056, 765.0, 661.2845772044913, 862.070398020783, 54.666666666666664, 0.0, 1.0, 0.0, 817.4516584084247
4.59, 1.5, 10.0, jf-a2, 6.0374935634597025, 228.0234581312948, 13.657320292516742, 0.5769478230864553, 2924.7632543769355, 765.0, 779.6592203871018, 913.9885169927923, 54.666666666666664, 0.0, 1.0, 0.0, 874.2159124599648
4.59, 1.5, 8.0, jf-a2, 6.068364796883166, 192.4942968812355, 18.262744980207568, 0.5697350677312029, 2885.7579167558833, 765.0, 769.9122536908147, 901.7993489862135, 54.666666666666664, 0.0, 1.0, 0.0, 866.9038675590093
4.59, 2.0, 10.0, jf-a2, 6.263747185504629, 109.80821877768314, 32.57433338586348, 0.56523371995829, 2834.0320190683537, 765.0, 763.8293512949864, 885.6350059588606, 54.666666666666664, 0.0, 1.0, 0.0, 859.4881190846156
4.59, 1.5, 12.0, jf-a2, 6.026413724463463, 230.9995063092116, 12.59055752491805, 0.5900118105085596, 2950.8417026772063, 765.0, 797.3132574439993, 922.1380320866269, 54.666666666666664, 0.0, 1.0, 0.0, 882.8170965102087
4.59, 1.5, 14.0, jf-a2, 6.040630600277918, 232.20854730338093, 10.894571947470236, 0.5962930636207174, 2961.3497129364328, 765.0, 805.8014373252939, 925.4217852926351, 54.666666666666664, 0.0, 1.0, 0.0, 886.7410742059765
4.59, 2.0, 12.0, jf-a2, 6.231186130132632, 154.9628481356456, 25.530165657915305, 0.5728533352326317, 2877.472878992027, 765.0, 774.1261286927455, 899.2102746850084, 54.666666666666664, 0.0, 1.0, 0.0, 867.4454677925846
4.59, 1.5, 16.0, jf-a2, 6.072040753085179, 232.18895072114228, 8.778386607103176, 0.6003196135296412, 2967.9817797825713, 765.0, 811.2427209860017, 927.4943061820536, 54.666666666666664, 0.0, 1.0, 0.0, 889.2456757226851
4.59, 2.0, 14.0, jf-a2, 6.221273657554532, 221.56528508738774, 15.198202438895809, 0.5752603981068356, 2902.603943481171, 765.0, 777.3789163605887, 907.063732337866, 54.666666666666664, 0.0, 1.0, 0.0, 871.1475495661516
4.59, 2.5, 8.0, jf-a2, 6.678112745633089, 47.32072563052075, 40.579480131651025, 0.5194042974437043, 2614.256118078736, 765.0, 701.8976992482491, 816.955036899605, 54.666666666666664, 0.0, 1.0, 0.0, 815.9509120492846
4.59, 2.0, 16.0, jf-a2, 6.237664590534452, 222.9297742839713, 14.788285020755714, 0.5835860502156239, 2915.11248245243, 765.0, 788.629797588681, 910.9726507663843, 54.666666666666664, 0.0, 1.0, 0.0, 876.2008161183551
4.59, 2.5, 10.0, jf-a2, 6.538244697855338, 61.19586048848338, 39.85677771605781, 0.5483173022431658, 2701.4799019525517, 765.0, 740.9693273556294, 844.2124693601723, 54.666666666666664, 0.0, 1.0, 0.0, 838.0605989052672
4.59, 3.0, 8.0, jf-a2, 7.082788475004701, 35.63789269459272, 39.02593129196242, 0.47408034504982455, 2455.8901546126117, 765.0, 640.6491149321953, 767.4656733164411, 54.666666666666664, 0.0, 1.05, 0.0, 817.9901758870228
4.59, 2.5, 12.0, jf-a2, 6.473979256678736, 79.86252011843337, 37.11073527112377, 0.5232243783694576, 2760.502276598643, 765.0, 707.0599707695372, 862.656961437076, 54.666666666666664, 0.0, 1.0, 0.0, 832.9056440688711
4.59, 2.5, 14.0, jf-a2, 6.446143037112732, 104.44711428774106, 32.99280427218993, 0.5481879539146507, 2806.395846469256, 765.0, 740.7945323170956, 876.9987020216425, 54.666666666666664, 0.0, 1.0, 0.0, 848.9310781129127
4.59, 3.0, 10.0, jf-a2, 6.877089642862217, 44.59625090931954, 40.098107982275614, 0.509004104020104, 2570.7052632675063, 765.0, 687.8433838109513, 803.3453947710957, 54.666666666666664, 0.0, 1.0, 0.0, 806.7295928606824
4.59, 3.0, 12.0, jf-a2, 6.755888599492169, 53.63166084713115, 39.90324529779316, 0.5317843931327741, 2641.5148901602943, 765.0, 718.6275582875327, 825.4734031750919, 54.666666666666664, 0.0, 1.0, 0.0, 824.3669871542081
4.59, 2.5, 16.0, jf-a2, 6.4450484887366795, 135.59963548351644, 27.432064756661607, 0.5648919705603134, 2837.226944077166, 765.0, 763.3675277842073, 886.6334200241145, 54.666666666666664, 0.0, 1.0, 0.0, 859.6669826027738
4.59, 3.5, 8.0, jf-a2, 7.5809547527535965, 28.1436012658127, 36.57700323045365, 0.42977176058135386, 2323.449460379713, 765.0, 580.772649434262, 726.0779563686602, 54.666666666666664, 0.0, 1.05, 0.0, 782.5477120310227
4.59, 3.0, 14.0, jf-a2, 6.703139139916482, 66.44625354003364, 37.99639424412935, 0.5443406916569901, 2689.8878511035646, 765.0, 735.5955292662028, 840.589953469864, 54.666666666666664, 0.0, 1.0, 0.0, 835.0618275786888
4.59, 3.5, 10.0, jf-a2, 7.256122404980895, 33.87661561714362, 38.5981699889083, 0.4690305750117964, 2435.379606213343, 765.0, 633.8251013672925, 761.0561269416696, 54.666666666666664, 0.0, 1.05, 0.0, 813.3584299081367
4.59, 3.0, 16.0, jf-a2, 6.688259872967574, 83.96199655431722, 34.67431432651367, 0.5191437559553935, 2730.3866198156943, 765.0, 701.5456161559372, 853.2458186924044, 54.666666666666664, 0.0, 1.0, 0.0, 827.9304782827805
4.59, 3.5, 12.0, jf-a2, 7.092930706594902, 41.8659992348064, 38.959726161961875, 0.4950530888099536, 2522.9036004996883, 765.0, 668.9906605539913, 788.4073751561525, 54.666666666666664, 0.0, 1.0, 0.0, 795.4660119033812
4.59, 3.5, 14.0, jf-a2, 7.007872893245528, 49.87037931332133, 38.381516271332515, 0.5133225821471378, 2582.109671952323, 765.0, 693.6791650636997, 806.9092724851009, 54.666666666666664, 0.0, 1.0, 0.0, 809.8628125162668
4.59, 3.5, 16.0, jf-a2, 6.959234589555482, 58.04638798946715, 37.36602727816253, 0.5245501527477882, 2625.363381156813, 765.0, 708.8515577672813, 820.426056611504, 54.666666666666664, 0.0, 1.0, 0.0, 819.425871459595
5.1, 1.5, 8.0, jf-a2, 6.603479533725271, 206.7915216865543, 11.833239862601001, 0.5675374091297967, 2841.8530019973705, 850.0, 766.9424447699954, 888.0790631241782, 54.666666666666664, 0.0, 1.0, 0.0, 889.6738359647245
5.1, 1.5, 10.0, jf-a2, 6.573318826617597, 211.04133121240216, 11.165310779374877, 0.5665357967906817, 2884.8216513861707, 850.0, 765.5889145820022, 901.5067660581783, 54.666666666666664, 0.0, 1.0, 0.0, 893.6985602133934
5.1, 1.5, 12.0, jf-a2, 6.567923198147673, 213.42052370560083, 9.820036357508672, 0.5825695065318977, 2903.044515442329, 850.0, 787.2560899079698, 907.2014110757278, 54.666666666666664, 0.0, 1.0, 0.0, 902.8191669945659
5.1, 2.0, 8.0, jf-a2, 6.872055530854128, 117.44632888272345, 23.81929692743205, 0.5329653364837635, 2731.6617487829362, 850.0, 720.2234276807615, 853.6442964946675, 54.666666666666664, 0.0, 1.0, 0.0, 862.622574725143
5.1, 1.5, 14.0, jf-a2, 6.582140073962129, 214.3929519281415, 7.894731090948577, 0.58520470806063, 2913.773915295211, 850.0, 790.8171730549054, 910.5543485297534, 54.666666666666664, 0.0, 1.0, 0.0, 905.1238405282195
5.1, 1.5, 16.0, jf-a2, 6.651918647822021, 212.61870435402318, 5.559910022622128, 0.5862407726583574, 2919.057167178834, 850.0, 792.2172603491316, 912.2053647433855, 54.666666666666664, 0.0, 1.0, 0.0, 906.140875030839
5.1, 2.0, 14.0, jf-a2, 6.767046289133479, 199.15490414774277, 13.160483848854268, 0.5695226449032075, 2869.438526455913, 850.0, 769.6251958151453, 896.6995395174728, 54.666666666666664, 0.0, 1.0, 0.0, 893.4415784442059
5.1, 2.0, 12.0, jf-a2, 6.768432445922105, 196.89474044635966, 13.360084563660477, 0.5679512262795055, 2845.7408195667063, 850.0, 767.5016571344669, 889.2940061145957, 54.666666666666664, 0.0, 1.0, 0.0, 890.2652210830207
5.1, 2.0, 10.0, jf-a2, 6.801940869715155, 182.1214016082411, 14.809667123500056, 0.5551578648922548, 2807.874297607518, 850.0, 750.2133309354795, 877.4607180023495, 54.666666666666664, 0.0, 1.0, 0.0, 880.5580163126097
5.1, 2.0, 16.0, jf-a2, 6.797647748429188, 199.63986890619682, 12.417365737242827, 0.5722209460373935, 2880.4174587071484, 850.0, 773.2715486991804, 900.1304558459838, 54.666666666666664, 0.0, 1.0, 0.0, 895.8006681817214
5.1, 2.5, 8.0, jf-a2, 7.217490640369931, 69.18519471129456, 30.020500004434183, 0.4967890475763778, 2598.5908912745917, 850.0, 671.336550778889, 812.05965352331, 54.666666666666664, 0.0, 1.0, 0.0, 832.4654014340663
5.1, 2.5, 10.0, jf-a2, 7.078806803118495, 92.89861375320484, 27.478466002298152, 0.5189001257944714, 2680.573878464509, 850.0, 701.2163862087452, 837.6793370201591, 54.666666666666664, 0.0, 1.0, 0.0, 850.9652410763015
5.1, 3.0, 8.0, jf-a2, 7.637087422373122, 51.11392731781493, 30.811455461498443, 0.45564767730059436, 2457.1662745629656, 850.0, 615.7401044602626, 767.8644608009267, 54.666666666666664, 0.0, 1.0, 0.0, 799.2015217537297
5.1, 2.5, 12.0, jf-a2, 7.013357151415578, 126.92994792262202, 22.462091565028345, 0.5321093135674964, 2742.058420712901, 850.0, 719.0666399560761, 856.8932564727816, 54.666666666666664, 0.0, 1.0, 0.0, 863.3199654762858
5.1, 3.0, 10.0, jf-a2, 7.418599116546426, 61.66843937807445, 30.78290414282482, 0.4890000702726109, 2558.91105594251, 850.0, 660.8109057737986, 799.6597049820343, 54.666666666666664, 0.0, 1.0, 0.0, 824.823536918611
5.1, 3.0, 12.0, jf-a2, 7.314450704755327, 78.89563912874316, 28.64624584827173, 0.5055099158885367, 2623.599325574027, 850.0, 683.121507957482, 819.8747892418834, 54.666666666666664, 0.0, 1.0, 0.0, 838.9987657331218
5.1, 2.5, 14.0, jf-a2, 6.996178826586416, 177.87685810526253, 14.401524475378936, 0.5490938107349764, 2785.750673310872, 850.0, 742.0186631553735, 870.5470854096476, 54.666666666666664, 0.0, 1.0, 0.0, 875.5219161883402
5.1, 2.5, 16.0, jf-a2, 7.016400067684048, 184.30559373157055, 13.554362394415017, 0.5574462643101914, 2812.1925915078336, 850.0, 753.3057625813398, 878.8101848461979, 54.666666666666664, 0.0, 1.0, 0.0, 882.0386491425126
5.1, 3.5, 10.0, jf-a2, 7.809710826033525, 48.554520427548105, 30.753563303584865, 0.4532850429198469, 2429.8440419826456, 850.0, 612.5473552970903, 759.3262631195768, 54.666666666666664, 0.0, 1.0, 0.0, 795.2912061388889
5.1, 3.5, 8.0, jf-a2, 8.134543173806229, 41.182052795744816, 28.739666754342046, 0.415519079132864, 2308.4104235457885, 850.0, 561.5122690984649, 721.3782573580589, 54.666666666666664, 0.0, 1.0, 0.0, 765.6301754855078
5.1, 3.0, 14.0, jf-a2, 7.257438087284903, 101.05626007068116, 25.272569091967505, 2778651713858.751, 2672.999510290761, 850.0, 3754934748457771.5, 835.3123469658628, 54.666666666666664, 0.0, 1.0, 0.0, 1251644916153207.0
5.1, 3.5, 12.0, jf-a2, 7.651492811858059, 60.833533688165915, 30.07646713689159, 0.4754051317127374, 2513.187564864893, 850.0, 642.4393671793748, 785.371114020279, 54.666666666666664, 0.0, 1.0, 0.0, 813.9368270665511
5.1, 3.0, 16.0, jf-a2, 7.255348294020205, 137.09492310810285, 18.970366718695416, 0.5206130516562223, 2714.819729922949, 850.0, 703.5311508867869, 848.3811656009217, 54.666666666666664, 0.0, 1.0, 0.0, 855.3041054959028
5.1, 3.5, 14.0, jf-a2, 7.576382366929738, 73.13404600347063, 28.593566035150783, 0.4896838341808972, 2567.106703560312, 850.0, 661.7349110552666, 802.2208448625975, 54.666666666666664, 0.0, 1.0, 0.0, 825.9852519726212
5.1, 3.5, 16.0, jf-a2, 7.532717747450219, 93.33907275943388, 24.413201796556354, 0.49712711767339285, 2609.0360846314475, 850.0, 671.7934022613417, 815.3237764473274, 54.666666666666664, 0.0, 1.0, 0.0, 833.705726236223
5.609999999999999, 1.5, 10.0, jf-a2, 7.108433563459702, 189.36265677630794, 8.906797974034351, 0.5566208879046537, 2838.1060580563762, 934.9999999999999, 752.1903890603429, 886.9081431426176, 54.666666666666664, 0.0, 1.0, 0.0, 912.6995107343201
5.609999999999999, 1.5, 8.0, jf-a2, 7.138594270567376, 185.68473472597896, 9.800886477636988, 0.5332054590768395, 2801.0602473433983, 934.9999999999999, 720.5479176714047, 875.3313272948119, 54.666666666666664, 0.0, 1.0, 0.0, 898.2930816554054
5.609999999999999, 1.5, 12.0, jf-a2, 7.115827408673988, 190.8494760290237, 7.269123852679448, 0.5580089379149602, 2852.152585732387, 934.9999999999999, 754.0661323175138, 891.2976830413709, 54.666666666666664, 0.0, 1.0, 0.0, 914.7879384529615
5.609999999999999, 2.0, 8.0, jf-a2, 7.41214395190676, 167.20449171127183, 11.325772416022629, 0.5135006402097709, 2710.526841937804, 934.9999999999999, 693.9197840672581, 847.0396381055638, 54.666666666666664, 0.0, 1.0, 0.0, 879.9864740576072
5.609999999999999, 1.5, 14.0, jf-a2, 7.134307442383181, 191.4134639911249, 5.34625360449912, 0.569481428470097, 2864.4903733013243, 934.9999999999999, 769.5694979325634, 895.1532416566639, 54.666666666666664, 0.0, 1.0, 0.0, 921.2409131964091
5.609999999999999, 1.5, 16.0, jf-a2, 7.3895333846641265, 182.452540293505, 1.751890944544185, 0.5609759095802711, 2848.302559484756, 934.9999999999999, 758.0755534868529, 890.0945498389863, 54.666666666666664, 0.0, 1.0, 0.0, 915.7233677752795
5.609999999999999, 2.0, 10.0, jf-a2, 7.3391871855046285, 173.08420139166887, 11.630590298928686, 0.5442990706866343, 2777.5537753232716, 934.9999999999999, 735.539284711668, 867.9855547885224, 54.666666666666664, 0.0, 1.0, 0.0, 900.84161316673
5.609999999999999, 2.0, 14.0, jf-a2, 7.327029447028216, 177.77608634030923, 11.152762731125398, 0.552561819075641, 2834.1790003529823, 934.9999999999999, 746.7051609130284, 885.680937610307, 54.666666666666664, 0.0, 1.0, 0.0, 910.4620328411116
5.609999999999999, 2.0, 12.0, jf-a2, 7.3227313932905265, 176.11213042598283, 11.625673095807922, 0.5572797810113431, 2811.3034069585674, 934.9999999999999, 753.0807851504637, 878.5323146745524, 54.666666666666664, 0.0, 1.0, 0.0, 910.2043666083387
5.609999999999999, 2.0, 16.0, jf-a2, 7.363315116850241, 177.83940951087922, 10.351822173114542, 0.5657058397299757, 2850.65211714531, 934.9999999999999, 764.4673509864535, 890.8287866079095, 54.666666666666664, 0.0, 1.0, 0.0, 918.0987125314542
5.609999999999999, 2.5, 8.0, jf-a2, 7.756868535106773, 108.07140399255552, 18.720947572256613, 0.48323115378591897, 2574.2725309806815, 934.9999999999999, 653.0150726836744, 804.4601659314629, 54.666666666666664, 0.0, 1.0, 0.0, 852.1584128717124
5.609999999999999, 2.5, 10.0, jf-a2, 7.625289961013232, 155.95718082402772, 12.497142658865984, 0.5084403152960382, 2658.145031985018, 934.9999999999999, 687.0815071568084, 830.6703224953181, 54.666666666666664, 0.0, 1.0, 0.0, 872.250609884042
5.609999999999999, 2.5, 12.0, jf-a2, 7.574050835626104, 160.56138178921685, 12.019290850194889, 0.5283460321258094, 2722.0082159110634, 934.9999999999999, 713.9811244943371, 850.6275674722073, 54.666666666666664, 0.0, 1.0, 0.0, 887.8695639888481
5.609999999999999, 3.0, 8.0, jf-a2, 8.178596896057332, 74.53818709020042, 21.64402046332934, 0.4443000070773638, 2440.3557366347336, 934.9999999999999, 600.4054149694105, 762.6111676983543, 54.666666666666664, 0.0, 1.0, 0.0, 820.6721942225881
5.609999999999999, 2.5, 14.0, jf-a2, 7.5533198792179945, 163.50141401007355, 12.119185065259854, 0.5402699104069333, 2762.0872991186125, 934.9999999999999, 730.0944735228828, 863.1522809745663, 54.666666666666664, 0.0, 1.0, 0.0, 897.4155848324829
5.609999999999999, 3.0, 10.0, jf-a2, 7.96863490602011, 97.70071428032927, 19.598233095298752, 0.4728909499015268, 2538.8252253833216, 934.9999999999999, 639.0418241912524, 793.382882932288, 54.666666666666664, 0.0, 1.0, 0.0, 843.8082357078467
5.609999999999999, 2.5, 16.0, jf-a2, 7.566435857157732, 164.80664807138893, 12.07602595597561, 0.5483694883720819, 2784.7379378871688, 934.9999999999999, 741.0398491514619, 870.2306055897403, 54.666666666666664, 0.0, 1.0, 0.0, 903.423484913734
5.609999999999999, 3.5, 8.0, jf-a2, 8.66492106854307, 63.6261644819931, 20.44949112767916, 0.4004872883143164, 2296.4365312293107, 934.9999999999999, 541.1990382625897, 717.6364160091596, 54.666666666666664, 0.0, 1.0, 0.0, 785.9451514239163
5.609999999999999, 3.0, 14.0, jf-a2, 7.820263350442797, 152.96424264299588, 11.933553692073927, 0.5092153566872407, 2657.2628450018296, 934.9999999999999, 688.1288603881632, 830.3946390630718, 54.666666666666664, 0.0, 1.0, 0.0, 872.5078331504116
5.609999999999999, 3.0, 12.0, jf-a2, 7.864486494229011, 132.88683039011116, 14.55369202161401, 0.4910499318026207, 2605.08993811789, 934.9999999999999, 663.5809889224604, 814.0906056618406, 54.666666666666664, 0.0, 1.0, 0.0, 858.8905315281002
5.609999999999999, 3.0, 16.0, jf-a2, 7.822436715072836, 155.01479528191177, 12.004949734455117, 0.5212201536853965, 2697.906406590694, 934.9999999999999, 704.3515590343196, 843.0957520595919, 54.666666666666664, 0.0, 1.0, 0.0, 882.1491036979705
5.609999999999999, 3.5, 10.0, jf-a2, 8.353351878665105, 76.69807478380386, 20.433993498261934, 0.43514836622321773, 2420.7150103446834, 934.9999999999999, 588.038332734078, 756.4734407327135, 54.666666666666664, 0.0, 1.0, 0.0, 814.5039244889304
5.609999999999999, 3.5, 12.0, jf-a2, 8.210054917121218, 94.28966059945732, 18.60883034664952, 0.45913677763061667, 2495.216759666583, 934.9999999999999, 620.4551049062387, 779.7552373958072, 54.666666666666664, 0.0, 1.0, 0.0, 833.0701141006818
5.609999999999999, 3.5, 14.0, jf-a2, 8.120023419561317, 123.11246434516447, 14.248130624229724, 0.47446768727114547, 2551.0187692961686, 934.9999999999999, 641.1725503664128, 797.1933654050526, 54.666666666666664, 0.0, 1.0, 0.0, 845.7886385904885
5.609999999999999, 3.5, 16.0, jf-a2, 8.117806168502849, 140.34588992542268, 11.55123184905247, 0.48901648394288266, 2593.68417399768, 934.9999999999999, 660.8330864093009, 810.5263043742749, 54.666666666666664, 0.0, 1.0, 0.0, 856.7864635945252
