1.02, 1.5, 8.0, ag45c, 2.335493666437457, 7.710212214166086, 100.0, 0.6741533112711141, 3058.6055879875335, 170.0, 911.0179882042083, 955.8142462461042, 54.666666666666664, 0.0, 1.05, 0.0, 770.2912820576095
1.02, 2.0, 12.0, ag45c, 2.4614623666298963, 7.256719017715926, 100.0, 0.662765133754965, 3018.4004990941185, 170.0, 895.6285591283312, 943.250155966912, 54.666666666666664, 0.0, 1.05, 0.0, 760.5075502833351
1.02, 1.5, 10.0, ag45c, 2.2922263049333975, 11.982721191460985, 100.0, 0.6472411133941623, 3108.991350206062, 170.0, 874.6501532353545, 971.5597969393945, 54.666666666666664, 0.0, 1.05, 0.0, 763.0734825611621
1.02, 1.5, 14.0, ag45c, 2.2631318642650537, 17.064494189630363, 100.0, 0.6548477345691531, 3161.3486971626908, 170.0, 884.9293710393961, 987.9214678633408, 54.666666666666664, 0.0, 1.05, 0.0, 772.397793615958
1.02, 1.5, 16.0, ag45c, 2.2712367800447657, 22.530670856259682, 100.0, 0.6742840153334954, 3175.4168706958512, 170.0, 911.1946153155343, 992.3177720924535, 54.666666666666664, 0.0, 1.05, 0.0, 783.1293355927958
1.02, 2.0, 10.0, ag45c, 2.503028316545583, 7.1049725194385, 100.0, 0.6484088724271796, 2970.799198206103, 170.0, 876.2282059826751, 928.3747494394072, 54.666666666666664, 0.0, 1.05, 0.0, 748.5110343977288
1.02, 2.0, 8.0, ag45c, 2.5989700124009376, 6.78485850629708, 100.0, 0.6332607923611956, 2882.3565777523354, 170.0, 855.7578275151292, 900.7364305476049, 54.666666666666664, 0.0, 1.05, 0.0, 731.672990321957
1.02, 1.5, 12.0, ag45c, 2.2700417390721217, 12.1327182418553, 100.0, 0.6533984514278082, 3140.6699177945466, 170.0, 882.9708803078488, 981.4593493107958, 54.666666666666664, 0.0, 1.05, 0.0, 769.4505803665256
1.02, 2.5, 12.0, ag45c, 2.69700245515308, 6.5001579605282735, 100.0, 0.6504876027902431, 2891.3690489509154, 170.0, 879.037301067896, 903.5528277971611, 54.666666666666664, 0.0, 1.05, 0.0, 740.80654510277
1.02, 2.0, 14.0, ag45c, 2.4348333315433575, 11.188028777320346, 100.0, 0.6739355045668265, 3051.6058079381005, 170.0, 910.7236548200358, 953.6268149806564, 54.666666666666664, 0.0, 1.05, 0.0, 769.4226644302423
1.02, 2.0, 16.0, ag45c, 2.4287401004509093, 11.23667478758231, 100.0, 0.6649402738727184, 3075.62340419215, 170.0, 898.5679376658358, 961.1323138100468, 54.666666666666664, 0.0, 1.05, 0.0, 767.7950880165589
1.02, 2.5, 8.0, ag45c, 2.932468728313136, 3.3752786672545207, 100.0, 0.62719957805076, 2722.5142956682475, 170.0, 847.5669973658919, 850.7857173963274, 54.666666666666664, 0.0, 1.05, 0.0, 711.3234501667768
1.02, 2.5, 16.0, ag45c, 2.631096867717986, 6.71399990064706, 100.0, 0.6630755456372701, 2969.0509944744767, 170.0, 896.0480346449597, 927.828435773274, 54.666666666666664, 0.0, 1.05, 0.0, 755.2567646463817
1.02, 2.5, 10.0, ag45c, 2.7723775177384082, 3.6225414470372765, 100.0, 0.638063169326925, 2808.3705671767266, 170.0, 862.2475261174661, 877.6158022427271, 54.666666666666664, 0.0, 1.05, 0.0, 725.8521649260675
1.02, 2.5, 14.0, ag45c, 2.637717659299218, 6.683178005304561, 100.0, 0.6563878267915413, 2936.0814730625234, 170.0, 887.0105767453261, 917.5254603320385, 54.666666666666664, 0.0, 1.05, 0.0, 748.4876129770777
1.02, 3.0, 8.0, ag45c, 3.3268976374323898, 2.870628220115344, 100.0, 0.6187510283752485, 2567.8732602551736, 170.0, 836.1500383449305, 802.4603938297419, 54.666666666666664, 0.0, 1.05, 0.0, 690.4136512611353
1.02, 3.0, 16.0, ag45c, 2.8510587176480238, 6.08574735182833, 100.0, 0.6564113675074565, 2864.1311904443055, 170.0, 887.04238852359, 895.0409970138455, 54.666666666666664, 0.0, 1.05, 0.0, 740.6291849381024
1.02, 3.0, 10.0, ag45c, 3.104298503493838, 3.1425845709689355, 100.0, 0.6321793116318772, 2668.644868663308, 170.0, 854.2963670701043, 833.9515214572838, 54.666666666666664, 0.0, 1.05, 0.0, 707.7867609845858
1.02, 3.0, 12.0, ag45c, 2.9628364474004876, 3.336493111157445, 100.0, 0.642837800197073, 2739.642249621466, 170.0, 868.6997299960448, 856.1382030067081, 54.666666666666664, 0.0, 1.05, 0.0, 720.5932765509635
1.02, 3.5, 10.0, ag45c, 3.4850527108990796, 2.702901000650863, 100.0, 0.6276723532773022, 2537.8904347845078, 170.0, 848.2058828071653, 793.0907608701586, 54.666666666666664, 0.0, 1.05, 0.0, 691.3538252870634
1.02, 3.5, 8.0, ag45c, 3.8193487735433314, 2.3863023373992935, 100.0, 0.5645695046034326, 2423.5590580588946, 170.0, 762.9317629776117, 757.3622056434046, 54.666666666666664, 0.0, 1.05, 0.0, 649.0028890173558
1.02, 3.0, 14.0, ag45c, 2.898053669549234, 5.95699633781737, 100.0, 0.6493448263482282, 2787.0328320834724, 170.0, 877.4930085786868, 870.9477600260851, 54.666666666666664, 0.0, 1.05, 0.0, 728.8542690116702
1.02, 3.5, 12.0, ag45c, 3.2984282598151418, 2.9086430342973224, 100.0, 0.6352320378381384, 2616.143230339949, 170.0, 858.4216727542412, 817.5447594812341, 54.666666666666664, 0.0, 1.05, 0.0, 703.4882512824163
1.02, 3.5, 14.0, ag45c, 3.1862154474678843, 5.28757777979175, 100.0, 0.6429765625440553, 2675.4628736954132, 170.0, 868.887246681156, 836.0821480298166, 54.666666666666664, 0.0, 1.05, 0.0, 713.6392881488404
1.02, 3.5, 16.0, ag45c, 3.13835097025358, 5.399799708697623, 100.0, 0.6494953285451143, 2689.0156139404667, 170.0, 877.6963899258301, 840.3173793563958, 54.666666666666664, 0.0, 1.05, 0.0, 718.2048192487791
1.53, 1.5, 12.0, ag45c, 2.815814370651069, 22.8371151332263, 100.0, 0.6444899792641332, 3149.1464880619005, 255.0, 870.9324044109909, 984.108277519344, 54.666666666666664, 0.0, 1.05, 0.0, 795.9142386756172
1.53, 1.5, 8.0, ag45c, 2.8770031401216674, 13.058669585343312, 100.0, 0.6324309019298873, 3062.648022721386, 255.0, 854.636353959307, 957.0775071004332, 54.666666666666664, 0.0, 1.05, 0.0, 780.749851370909
1.53, 1.5, 10.0, ag45c, 2.833735778617608, 17.722442993597333, 100.0, 0.6491991259002242, 3120.477681221127, 255.0, 877.2961160813841, 975.1492753816023, 54.666666666666664, 0.0, 1.05, 0.0, 795.0058870120452
1.53, 2.0, 10.0, ag45c, 3.054485158650847, 12.127386069777415, 100.0, 0.6818700907983998, 2973.6503730530567, 255.0, 921.4460686464862, 929.2657415790802, 54.666666666666664, 0.0, 1.05, 0.0, 794.3991335789482
1.53, 2.0, 8.0, ag45c, 3.136216328190412, 8.318502326166358, 100.0, 0.6675291224652616, 2886.220280082827, 255.0, 902.066381709813, 901.9438375258834, 54.666666666666664, 0.0, 1.05, 0.0, 778.0535767324936
1.53, 1.5, 14.0, ag45c, 2.8245360747913697, 28.220434275538068, 100.0, 0.6671079615615458, 3166.815619507482, 255.0, 901.4972453534403, 989.6298810960882, 54.666666666666664, 0.0, 1.05, 0.0, 808.5444942573349
1.53, 1.5, 16.0, ag45c, 2.8624830958342393, 33.65855917729091, 100.0, 0.6686048370601393, 3178.6525760535196, 255.0, 903.5200500812693, 993.3289300167249, 54.666666666666664, 0.0, 1.05, 0.0, 810.547143034298
1.53, 2.0, 12.0, ag45c, 3.0072349982088435, 12.385246082953357, 100.0, 0.6907334212749435, 3021.706119796697, 255.0, 933.4235422634373, 944.2831624364678, 54.666666666666664, 0.0, 1.05, 0.0, 803.8473466449668
1.53, 2.0, 14.0, ag45c, 2.998605963122305, 16.576441343134476, 100.0, 0.6167823443706537, 3055.333885704672, 255.0, 833.4896545549375, 954.79183928271, 54.666666666666664, 0.0, 1.05, 0.0, 772.5485228431766
1.53, 2.0, 16.0, ag45c, 3.006723258345646, 21.155075827597187, 100.0, 0.6301127838587024, 3078.382787238857, 255.0, 851.5037619712194, 961.9946210121427, 54.666666666666664, 0.0, 1.05, 0.0, 781.3744340441766
1.53, 2.5, 14.0, ag45c, 3.2102534487729026, 11.422176941336721, 100.0, 0.6946537832462027, 2939.8040509353527, 255.0, 938.7213287110848, 918.6887659172977, 54.666666666666664, 0.0, 1.05, 0.0, 796.7435331199339
1.53, 2.5, 10.0, ag45c, 3.329518570369987, 7.7123450073799615, 100.0, 0.6742821613981195, 2812.769293058441, 255.0, 911.1921099974587, 878.9904040807627, 54.666666666666664, 0.0, 1.05, 0.0, 773.2138799273775
1.53, 2.5, 8.0, ag45c, 3.471846623049978, 7.290692777898327, 100.0, 0.6608655479918294, 2723.606843940075, 255.0, 893.0615513403101, 851.1271387312735, 54.666666666666664, 0.0, 1.05, 0.0, 757.1160415250542
1.53, 2.5, 12.0, ag45c, 3.257696139363606, 7.945714227142801, 100.0, 0.684333159180383, 2895.098419994428, 255.0, 924.77453943295, 904.7182562482587, 54.666666666666664, 0.0, 1.05, 0.0, 786.9724784884231
1.53, 2.5, 16.0, ag45c, 3.2095537098232496, 11.451338725294056, 100.0, 0.6990246663679461, 2972.5495265737154, 255.0, 944.6279275242515, 928.9217270542861, 54.666666666666664, 0.0, 1.05, 0.0, 802.392379102488
1.53, 3.0, 10.0, ag45c, 3.6458079771780483, 6.840384224067817, 100.0, 0.6678851976371831, 2672.5309226357185, 255.0, 902.5475643745718, 835.1659133236622, 54.666666666666664, 0.0, 1.05, 0.0, 754.8497171943818
1.53, 3.0, 12.0, ag45c, 3.529924868453119, 7.1530242698971485, 100.0, 0.6806848493990194, 2744.198543740052, 255.0, 919.844391079756, 857.5620449187663, 54.666666666666664, 0.0, 1.05, 0.0, 768.7422525994829
1.53, 3.0, 8.0, ag45c, 3.889722900590284, 4.090557519641734, 100.0, 0.6549888224145177, 2571.809953286418, 255.0, 885.1200302898887, 803.6906104020057, 54.666666666666664, 0.0, 1.05, 0.0, 737.7337242421631
1.53, 3.0, 14.0, ag45c, 3.475089459022918, 7.31625391267106, 100.0, 0.689898167621813, 2824.9655799216844, 255.0, 932.294821110558, 882.8017437255263, 54.666666666666664, 0.0, 1.05, 0.0, 781.9337976926295
1.53, 3.0, 16.0, ag45c, 3.43946292817434, 10.47325879336832, 100.0, 0.6946793115616122, 2864.587916580398, 255.0, 938.7558264346111, 895.1837239313744, 54.666666666666664, 0.0, 1.05, 0.0, 788.528842628095
1.53, 3.5, 8.0, ag45c, 4.37791087880649, 5.300673576736795, 89.1750392039326, 0.612028392842677, 2428.2874710790807, 255.0, 827.0653957333471, 758.8398347122128, 54.666666666666664, 0.0, 1.05, 0.0, 701.716830655946
1.53, 3.5, 10.0, ag45c, 4.043614816162238, 5.940121751689892, 100.0, 0.663087779255279, 2542.434183765212, 255.0, 896.0645665611878, 794.5106824266288, 54.666666666666664, 0.0, 1.05, 0.0, 738.3513371457358
1.53, 3.5, 12.0, ag45c, 3.8735693124467208, 6.314885691444362, 100.0, 0.673917168659981, 2620.0243462960852, 255.0, 910.6988765675418, 818.7576082175266, 54.666666666666664, 0.0, 1.05, 0.0, 751.959769674774
1.53, 3.5, 14.0, ag45c, 3.769645973783674, 6.5643107455226755, 100.0, 0.6823458330617964, 2680.0361324336927, 255.0, 922.0889635970221, 837.511291385529, 54.666666666666664, 0.0, 1.05, 0.0, 762.5100892438929
1.53, 3.5, 16.0, ag45c, 3.7267551807798958, 6.680145020814303, 100.0, 0.6903548085127561, 2757.2999161659977, 255.0, 932.9119033956164, 861.6562238018743, 54.666666666666664, 0.0, 1.05, 0.0, 774.7488445191217
2.04, 1.5, 10.0, ag45c, 3.3795084101965553, 27.9045402949586, 100.0, 0.6360213507884143, 3111.9384282579895, 340.0, 859.4883118762355, 972.4807588306218, 54.666666666666664, 0.0, 1.05, 0.0, 817.5891747474
2.04, 1.5, 8.0, ag45c, 3.4121178769637726, 22.697708410766513, 100.0, 0.6896513178939665, 3050.8022274781033, 340.0, 931.961240397252, 953.3756960869073, 54.666666666666664, 0.0, 1.05, 0.0, 836.2679277694557
2.04, 2.0, 8.0, ag45c, 3.6819889597693587, 12.893443379127358, 100.0, 0.6898388999985279, 2896.924797034425, 340.0, 932.2147297277403, 905.2889990732577, 54.666666666666664, 0.0, 1.05, 0.0, 819.5263050803493
2.04, 1.5, 12.0, ag45c, 3.3708238443352796, 38.90906909094285, 100.0, 0.6380075210667592, 3139.081646720733, 340.0, 862.1723257658908, 980.963014600229, 54.666666666666664, 0.0, 1.05, 0.0, 821.497369128142
2.04, 1.5, 14.0, ag45c, 3.389492916896633, 50.85310177009655, 100.0, 0.6523963586412036, 3155.7820117426036, 340.0, 881.6167008664914, 986.1818786695636, 54.666666666666664, 0.0, 1.0, 0.0, 790.5995265120183
2.04, 1.5, 16.0, ag45c, 3.638466253728976, 72.9246173156058, 91.87559748419916, 0.6664091281899719, 3162.5054682062164, 340.0, 900.5528759323944, 988.2829588144427, 54.666666666666664, 0.0, 1.0, 0.0, 797.6119449156123
2.04, 2.0, 10.0, ag45c, 3.6002577902297936, 17.055928142208963, 100.0, 0.7078285986614786, 2966.9047091344564, 340.0, 956.5251333263225, 927.1577216045175, 54.666666666666664, 0.0, 1.05, 0.0, 835.6889992257941
2.04, 2.0, 12.0, ag45c, 3.5710076297877906, 21.46303981830956, 100.0, 0.5902300306313009, 3013.1716028636615, 340.0, 797.608149501758, 941.6161258948943, 54.666666666666664, 0.0, 1.05, 0.0, 785.1284963888281
2.04, 2.0, 16.0, ag45c, 3.6036537846614354, 30.73627178258623, 100.0, 0.6268931135922045, 3073.5199974222464, 340.0, 847.1528562056817, 960.4749991944519, 54.666666666666664, 0.0, 1.05, 0.0, 809.0697493900468
2.04, 2.5, 8.0, ag45c, 4.018329780944715, 8.56263916486008, 100.0, 0.6855040905485505, 2721.510351188973, 340.0, 926.3568791196628, 850.4719847465541, 54.666666666666664, 0.0, 1.05, 0.0, 798.2901023531759
2.04, 2.0, 14.0, ag45c, 3.567115436806515, 26.114201121554427, 100.0, 0.6106760578808687, 3053.375366202049, 340.0, 825.2379160552279, 954.1798019381403, 54.666666666666664, 0.0, 1.05, 0.0, 799.1962012976788
2.04, 2.5, 10.0, ag45c, 3.8724490966857767, 12.055447870808607, 100.0, 0.7008907681134826, 2829.813880348232, 340.0, 947.1496866398414, 884.3168376088225, 54.666666666666664, 0.0, 1.05, 0.0, 817.4132834870323
2.04, 2.5, 12.0, ag45c, 3.808916139363606, 12.360192502317236, 100.0, 0.7125444203514657, 2891.6384916333627, 340.0, 962.8978653398185, 903.6370286354258, 54.666666666666664, 0.0, 1.05, 0.0, 829.6872128913355
2.04, 2.5, 14.0, ag45c, 3.788710290878166, 16.001294929917453, 100.0, 0.7252980067768937, 2932.726054482259, 340.0, 980.1324415903969, 916.4768920257059, 54.666666666666664, 0.0, 1.05, 0.0, 840.213266765636
2.04, 2.5, 16.0, ag45c, 3.802221078244302, 19.851671750014695, 100.0, 0.733316477363148, 2964.4667116746928, 340.0, 990.9682126529027, 926.3958473983414, 54.666666666666664, 0.0, 1.05, 0.0, 847.4774210179355
2.04, 3.0, 8.0, ag45c, 4.4312323742744955, 7.447845472835799, 89.73861459120188, 0.642769605999765, 2568.083376274231, 340.0, 868.607575675358, 802.5260550856972, 54.666666666666664, 0.0, 1.05, 0.0, 761.2967707663693
2.04, 3.0, 14.0, ag45c, 4.054967353759761, 11.368782425889044, 100.0, 0.7220825434704358, 2820.8464861636253, 340.0, 975.7872209059943, 881.5145269261329, 54.666666666666664, 0.0, 1.05, 0.0, 826.4556117412445
2.04, 3.0, 10.0, ag45c, 4.212896398230679, 8.024798861585461, 97.34252781217434, 0.6908992458417005, 2671.66713009153, 340.0, 933.6476295158114, 834.8959781536031, 54.666666666666664, 0.0, 1.05, 0.0, 795.3902626842951
2.04, 3.0, 12.0, ag45c, 4.106960657926804, 11.139695877330464, 100.0, 0.7133044341334401, 2760.9577691220825, 340.0, 963.9249109911353, 862.7993028506507, 54.666666666666664, 0.0, 1.05, 0.0, 815.7534748446251
2.04, 3.0, 16.0, ag45c, 4.040656612384866, 14.694178694143648, 100.0, 0.7291451398374178, 2858.1241225878102, 340.0, 985.3312700505646, 893.1637883086908, 54.666666666666664, 0.0, 1.05, 0.0, 833.8732704257393
2.04, 3.5, 10.0, ag45c, 4.603834816162237, 7.054558149648998, 86.17150229510032, 0.6410838852123711, 2539.5113112635145, 340.0, 866.3295746113123, 793.5972847698483, 54.666666666666664, 0.0, 1.05, 0.0, 757.3744007834061
2.04, 3.5, 8.0, ag45c, 4.926525615648595, 6.3578787556470875, 77.41607954862329, 0.589252003710658, 2425.77327780544, 340.0, 796.2864915008892, 758.0541493142, 54.666666666666664, 0.0, 1.05, 0.0, 720.4192242852812
2.04, 3.5, 12.0, ag45c, 4.442078786130931, 7.452088803342488, 91.40918717968384, 0.67509536074719, 2619.9793460762257, 340.0, 912.2910280367433, 818.7435456488206, 54.666666666666664, 0.0, 1.05, 0.0, 782.2621007899473
2.04, 3.5, 16.0, ag45c, 4.325106759727264, 10.409780012648412, 94.65221899652731, 0.7051970132212956, 2754.674532325519, 340.0, 952.9689367855347, 860.8357913517248, 54.666666666666664, 0.0, 1.05, 0.0, 811.2316548480408
2.55, 1.5, 8.0, ag45c, 3.95789050854272, 32.14180869950155, 94.68429135235012, 0.6196622057237644, 3049.9170288517553, 425.0, 837.3813590861681, 953.0990715161736, 54.666666666666664, 0.0, 1.05, 0.0, 832.8181507108195
2.04, 3.5, 14.0, ag45c, 4.358050184309989, 10.267175668041837, 93.06010053962386, 0.6911016653283478, 2682.2084647634506, 340.0, 933.9211693626322, 838.1901452385782, 54.666666666666664, 0.0, 1.05, 0.0, 796.6389601104236
2.55, 1.5, 10.0, ag45c, 3.927412620722871, 48.45515434659953, 89.701961413952, 0.6462109457329593, 3090.086871495185, 425.0, 873.2580347742694, 965.6521473422453, 54.666666666666664, 0.0, 1.0, 0.0, 809.3033940388382
2.55, 1.5, 12.0, ag45c, 3.929385949598437, 60.475774914400105, 86.29923691986839, 0.6426797099208542, 3115.797197251277, 425.0, 868.4860944876408, 973.686624141024, 54.666666666666664, 0.0, 1.0, 0.0, 810.3909062095549
2.55, 1.5, 14.0, ag45c, 4.001344495844001, 85.2950597382755, 78.51391537216466, 0.6527587234241299, 3130.1090850122378, 425.0, 882.1063830055809, 978.1590890663242, 54.666666666666664, 0.0, 1.0, 0.0, 816.4218240239684
2.55, 1.5, 16.0, ag45c, 4.211949411623713, 130.27978785375672, 59.71705295237656, 0.6530162642065171, 3134.9344207623753, 425.0, 882.454411089888, 979.6670064882424, 54.666666666666664, 0.0, 1.0, 0.0, 817.0404725260435
2.55, 2.0, 8.0, ag45c, 4.224919486085148, 17.317565339241703, 93.38390256459867, 0.681947403933883, 2879.1472718234036, 425.0, 921.5505458565985, 899.7335224448136, 54.666666666666664, 0.0, 1.05, 0.0, 843.5994239054942
2.55, 2.0, 14.0, ag45c, 4.138467015753884, 40.14389231881825, 89.98078383691414, 0.6286878305895096, 3037.976885454591, 425.0, 849.5781494452833, 949.3677767045597, 54.666666666666664, 0.0, 1.0, 0.0, 795.981975383281
2.55, 2.0, 10.0, ag45c, 4.154556737598215, 25.69142859591237, 93.55482722704738, 0.5767748070902399, 2949.399586454171, 425.0, 779.4254149868107, 921.6873707669286, 54.666666666666664, 0.0, 1.05, 0.0, 801.5394750138088
2.55, 2.0, 12.0, ag45c, 4.122464471893053, 30.49887406563504, 93.57591209553135, 0.617541645751795, 3014.2583023526927, 425.0, 834.5157375024257, 941.9557194852164, 54.666666666666664, 0.0, 1.05, 0.0, 827.9150099456748
2.55, 2.0, 16.0, ag45c, 4.4677422057140666, 62.82625282093775, 74.88416208190873, 0.6162488430929983, 3053.620905493101, 425.0, 832.7687068824301, 954.2565329665941, 54.666666666666664, 0.0, 1.0, 0.0, 792.008413283008
2.55, 2.5, 10.0, ag45c, 4.430774359843671, 16.198080424195144, 89.08164472571292, 0.6809692026027578, 2813.8553073107532, 425.0, 920.228652165889, 879.3297835346103, 54.666666666666664, 0.0, 1.05, 0.0, 835.9954524951747
2.55, 2.5, 8.0, ag45c, 4.5577076756815575, 12.451659617980043, 85.95159458858329, 0.6464178917910242, 2709.1555642866088, 425.0, 873.5376916094922, 846.6111138395652, 54.666666666666664, 0.0, 1.05, 0.0, 808.2020819071702
2.55, 2.5, 12.0, ag45c, 4.376715086732027, 20.087166290504413, 89.841273952949, 0.700659202198504, 2874.169182616265, 425.0, 946.8367597277081, 898.1778695675828, 54.666666666666664, 0.0, 1.05, 0.0, 851.9051202533518
2.55, 2.5, 14.0, ag45c, 4.360061869825534, 24.127625402056918, 89.54257976442662, 0.7037764885067621, 2916.787307160035, 425.0, 951.0493087929218, 911.496033487511, 54.666666666666664, 0.0, 1.05, 0.0, 858.0408697981514
2.55, 3.0, 8.0, ag45c, 4.985531321642917, 10.871684616088539, 76.01724386237555, 15747481090894.85, 2558.7392696456463, 425.0, 2.128037985256061e+16, 799.6060217642645, 54.666666666666664, 0.0, 1.05, 0.0, 7448132948396699.0
2.55, 2.5, 16.0, ag45c, 4.409098972981144, 27.960161805069752, 87.44263653084427, 0.7059541598797924, 2958.628582459784, 425.0, 953.9921079456655, 924.5714320186826, 54.666666666666664, 0.0, 1.05, 0.0, 863.6472389875217
2.55, 3.0, 10.0, ag45c, 4.76861639823068, 11.665755755557061, 82.06820191475718, 0.6516428383993594, 2660.8332015435694, 425.0, 880.5984302694046, 831.5103754823655, 54.666666666666664, 0.0, 1.05, 0.0, 805.3880820131195
2.55, 3.0, 12.0, ag45c, 4.661259605295225, 15.069795092583242, 84.13560419843415, 0.6707046268567805, 2754.4783893075364, 425.0, 906.3576038605141, 860.774496658605, 54.666666666666664, 0.0, 1.05, 0.0, 824.6462351816917
2.55, 3.0, 14.0, ag45c, 4.622055774812392, 18.60063116971522, 84.37782604625923, 0.6837482979113336, 2804.4351497627304, 425.0, 923.9841863666671, 876.3859843008534, 54.666666666666664, 0.0, 1.05, 0.0, 836.279559733632
2.55, 3.0, 16.0, ag45c, 4.6589029281743395, 22.010522476902214, 82.74874978142282, 0.6866516635623946, 2843.695149216793, 425.0, 927.9076534626954, 888.6547341302478, 54.666666666666664, 0.0, 1.05, 0.0, 841.9468356575301
2.55, 3.5, 8.0, ag45c, 5.4801140367012255, 9.352981455260542, 66.53087746885937, 0.5530549755295032, 2416.2395690320122, 425.0, 747.3715885533827, 755.0748653225038, 54.666666666666664, 0.0, 1.05, 0.0, 732.0062588565603
2.55, 3.5, 10.0, ag45c, 5.172344289846448, 10.290704394297281, 73.38630481479785, 0.6083633277090945, 2531.3090447595923, 425.0, 822.1126050122899, 791.0340764873727, 54.666666666666664, 0.0, 1.05, 0.0, 770.7513385248818
2.55, 3.5, 16.0, ag45c, 4.943353075516738, 16.899208815113077, 77.81201958645082, 0.6630471612070328, 2744.0101112833922, 425.0, 896.0096773068011, 857.5031597760601, 54.666666666666664, 0.0, 1.05, 0.0, 819.8794929790015
2.55, 3.5, 14.0, ag45c, 4.941480710625779, 13.849447216305613, 78.45633695396162, 0.6551816800163868, 2695.995929096867, 425.0, 885.3806486707929, 842.4987278427709, 54.666666666666664, 0.0, 1.05, 0.0, 810.9077817797473
2.55, 3.5, 12.0, ag45c, 5.015561944025668, 10.830997237487562, 77.45050003937334, 0.6403919145653645, 2610.223471020169, 425.0, 865.3944791423844, 815.6948346938028, 54.666666666666664, 0.0, 1.05, 0.0, 794.5312598426655
3.06, 1.5, 8.0, ag45c, 4.4930052453848255, 51.22999444187263, 73.11129645199131, 0.6044884259955475, 3020.8706734876137, 510.0, 816.8762513453346, 944.0220854648792, 54.666666666666664, 0.0, 1.0, 0.0, 811.6327789367379
3.06, 1.5, 12.0, ag45c, 4.490079633808964, 100.1919190509333, 61.747661436970894, 0.6287989580538732, 3083.380307051035, 510.0, 849.7283216944232, 963.5563459534483, 54.666666666666664, 0.0, 1.0, 0.0, 829.0948892159572
3.06, 1.5, 10.0, ag45c, 4.469632620722871, 68.76004657958804, 69.64511203658981, 0.6333488080310443, 3064.4606572087764, 510.0, 855.8767676095193, 957.6439553777427, 54.666666666666664, 0.0, 1.0, 0.0, 829.1735743290874
3.06, 1.5, 14.0, ag45c, 4.777327653738738, 169.67990424386642, 40.318214951398296, 0.6454617946963715, 3088.795320226293, 510.0, 872.2456685086102, 965.2485375707166, 54.666666666666664, 0.0, 1.0, 0.0, 837.1647353597756
3.06, 1.5, 16.0, ag45c, 4.781879937939503, 247.69405333515746, 26.139200567935628, 0.6419773350553557, 3097.960801861869, 510.0, 867.5369392639942, 968.1127505818341, 54.666666666666664, 0.0, 1.0, 0.0, 836.549896615276
3.06, 2.0, 8.0, ag45c, 4.762165801874622, 25.13333057654331, 76.7974896075279, 0.6450280428623746, 2861.581291657386, 510.0, 871.6595173815873, 894.244153642933, 54.666666666666664, 0.0, 1.05, 0.0, 853.9662848585821
3.06, 2.0, 12.0, ag45c, 4.6938160508404225, 43.449763466475574, 74.14093918779972, 0.5982564317477286, 2993.060689418063, 510.0, 808.4546374969306, 935.3314654431446, 54.666666666666664, 0.0, 1.0, 0.0, 805.928700980025
3.06, 2.0, 10.0, ag45c, 4.701276737598215, 33.99782830909823, 76.33131941643555, 0.6628643085241497, 2938.68357091132, 510.0, 895.7625790866888, 918.3386159097877, 54.666666666666664, 0.0, 1.05, 0.0, 870.8354182487667
3.06, 2.0, 14.0, ag45c, 4.732555436806515, 58.38854194428535, 69.57047711273171, 0.6089708217520361, 3019.9510160411314, 510.0, 822.9335429081568, 943.7346925128535, 54.666666666666664, 0.0, 1.0, 0.0, 813.55607847367
3.06, 2.5, 10.0, ag45c, 4.9879154124752505, 23.46896310003369, 73.55893873195183, 0.6350992872880244, 2799.7390329401096, 510.0, 858.242280118952, 874.9184477937843, 54.666666666666664, 0.0, 1.05, 0.0, 842.5062547694577
3.06, 2.5, 8.0, ag45c, 5.118401359892084, 19.156564899827835, 71.20330881550488, 0.6052792199006839, 2710.1494995433386, 510.0, 817.9448917576809, 846.9217186072933, 54.666666666666664, 0.0, 1.05, 0.0, 818.603313627741
3.06, 2.0, 16.0, ag45c, 5.1906727320298565, 107.3556011024181, 49.463349267937474, 0.6145283968619238, 3026.1246609124296, 510.0, 830.4437795431403, 945.6639565351342, 54.666666666666664, 0.0, 1.0, 0.0, 816.7025786927582
3.06, 2.5, 12.0, ag45c, 4.937408770942554, 27.686846710683323, 74.24160759379758, 0.654314870664535, 2854.5946472326564, 510.0, 884.209284681804, 892.0608272602051, 54.666666666666664, 0.0, 1.05, 0.0, 857.5945391797031
3.06, 2.5, 14.0, ag45c, 4.938518711930797, 35.97793476146663, 72.22144143646597, 0.633241845425312, 2905.4699071346467, 510.0, 855.732223547719, 907.959345979577, 54.666666666666664, 0.0, 1.05, 0.0, 853.1920493345536
3.06, 3.0, 8.0, ag45c, 5.528461847958706, 14.182116452048394, 65.14990771223613, 0.5625623679400078, 2546.1362524327, 510.0, 760.2194161351457, 795.6675788852189, 54.666666666666664, 0.0, 1.05, 0.0, 780.4604482571277
3.06, 3.0, 10.0, ag45c, 5.331441661388574, 15.103885282113119, 69.74140595317957, 0.6057606976339156, 2656.780117658607, 510.0, 818.5955373431292, 830.2437867683147, 54.666666666666664, 0.0, 1.05, 0.0, 812.9937634390054
3.06, 2.5, 16.0, ag45c, 5.0775558150864075, 48.1406560070828, 66.21550347936449, 0.548656349738874, 2944.194809107778, 510.0, 741.4274996471271, 920.0608778461807, 54.666666666666664, 0.0, 1.0, 0.0, 778.4961258311025
3.06, 3.0, 12.0, ag45c, 5.241137500032066, 21.7880482406799, 69.78727645116007, 0.6235150187039161, 2738.9529539187884, 510.0, 842.5878631134001, 855.9227980996214, 54.666666666666664, 0.0, 1.05, 0.0, 830.3787314245575
3.06, 3.0, 14.0, ag45c, 5.210459985338708, 25.557150103909223, 69.65063134133348, 0.6359102305227728, 2791.1487495948477, 510.0, 859.3381493550985, 872.2339842483899, 54.666666666666664, 0.0, 1.05, 0.0, 841.9502467612209
3.06, 3.5, 8.0, ag45c, 6.025412984069647, 12.24965046579956, 57.606787402905766, 0.5187464760630567, 1660.00020663042, 510.0, 701.0087514365631, 518.7500645720062, 54.666666666666664, 0.0, 1.05, 0.0, 662.8155856029992
3.06, 3.0, 16.0, ag45c, 5.274307138700655, 32.68950247888285, 66.95518455374324, 0.6401785144154081, 2824.6485097832765, 510.0, 865.1061005613622, 882.7026593072738, 54.666666666666664, 0.0, 1.05, 0.0, 847.6330659540226
3.06, 3.5, 10.0, ag45c, 5.730906395109606, 13.401009818871055, 63.12022145198386, 0.5701787255702558, 2520.2374782822376, 510.0, 770.5117913111566, 787.5742119631992, 54.666666666666664, 0.0, 1.05, 0.0, 781.2301011460245
3.06, 3.5, 12.0, ag45c, 5.584071417709879, 16.75369192823286, 65.15225508762707, 0.5969223785827904, 2601.5210539629315, 510.0, 806.6518629497168, 812.9753293634161, 54.666666666666664, 0.0, 1.05, 0.0, 802.7695173095966
3.06, 3.5, 14.0, ag45c, 5.5448059737836735, 19.990219330145067, 65.3414579472523, 0.6121628493465047, 2681.410147879029, 510.0, 827.2470937114929, 837.9406712121967, 54.666666666666664, 0.0, 1.05, 0.0, 818.7157177232913
3.06, 3.5, 16.0, ag45c, 5.558283601832526, 23.177456784857906, 64.60498456128421, 0.6162793918971977, 2727.336565419885, 510.0, 832.8099890502672, 852.2926766937142, 54.666666666666664, 0.0, 1.05, 0.0, 825.6859330103935
3.57, 1.5, 8.0, ag45c, 5.034514719069035, 75.12428846117248, 54.67707939622954, 0.6107635266962339, 2987.2494759801534, 595.0, 825.356117157073, 933.5154612437979, 54.666666666666664, 0.0, 1.0, 0.0, 839.2905261336236
3.57, 1.5, 10.0, ag45c, 5.021799989143924, 111.94646047974571, 47.866987332407845, 0.6127460920854494, 3027.811016828422, 595.0, 828.0352595749316, 946.1909427588819, 54.666666666666664, 0.0, 1.0, 0.0, 844.4087341112711
3.57, 2.0, 10.0, ag45c, 5.252733579703477, 50.559042344756776, 59.98964571292247, 0.5854238861697327, 2928.3584517590375, 595.0, 791.113359688828, 915.1120161746992, 54.666666666666664, 0.0, 1.0, 0.0, 821.7417919545089
3.57, 1.5, 12.0, ag45c, 5.061431212756332, 165.29483004189368, 36.79593098633438, 0.6151009241221095, 3044.443920378832, 595.0, 831.2174650298778, 951.3887251183851, 54.666666666666664, 0.0, 1.0, 0.0, 847.2020633827542
3.57, 2.0, 8.0, ag45c, 5.316464749243043, 36.407619731014265, 61.95317500675323, 0.6242058074428937, 2837.013323294786, 595.0, 843.5213614093157, 886.5666635296205, 54.666666666666664, 0.0, 1.05, 0.0, 871.1808087286275
3.57, 2.0, 12.0, ag45c, 5.25379920873516, 65.63000381717261, 56.91305170413414, 0.6021768491001107, 2967.1672805218295, 595.0, 813.7524987839334, 927.2397751630717, 54.666666666666664, 0.0, 1.0, 0.0, 833.330757982335
3.57, 1.5, 14.0, ag45c, 5.349389759001896, 271.2940308248358, 15.57383296553069, 0.6264493167692095, 3047.2423672948776, 595.0, 846.553130769202, 952.2632397796493, 54.666666666666664, 0.0, 1.0, 0.0, 852.6054568496171
3.57, 1.5, 16.0, ag45c, 5.3404420432026605, 273.4272868252984, 14.034703319435073, 0.6301546704894366, 3061.2933311911297, 595.0, 851.5603655262657, 956.654165997228, 54.666666666666664, 0.0, 1.0, 0.0, 855.7381771744979
3.57, 2.0, 14.0, ag45c, 5.3635912262801995, 96.73081530174245, 48.39082526505908, 0.6047412670644652, 2991.3785197558836, 595.0, 817.2179284654935, 934.8057874237136, 54.666666666666664, 0.0, 1.0, 0.0, 837.0079052964022
3.57, 2.5, 10.0, ag45c, 5.5379512019489345, 30.4064054575018, 61.54974761076135, 0.6141794509898121, 2778.756951943041, 595.0, 829.9722310673136, 868.3615474822003, 54.666666666666664, 0.0, 1.05, 0.0, 860.06682249233
3.57, 2.5, 8.0, ag45c, 5.658963465155241, 25.770049574714736, 59.78485668070104, 0.5819810605104082, 2691.877205748852, 595.0, 786.4608925816326, 841.2116267965162, 54.666666666666664, 0.0, 1.05, 0.0, 835.335381782352
3.57, 2.5, 14.0, ag45c, 5.541843975088692, 51.284491513048415, 56.81139877956054, 0.581341461959264, 2897.667720592403, 595.0, 785.5965702152215, 905.5211626851259, 54.666666666666664, 0.0, 1.0, 0.0, 816.7059109667825
3.57, 2.0, 16.0, ag45c, 5.784761153082488, 177.2523323423219, 27.586098229170513, 0.6148169418139685, 2994.9678890642895, 595.0, 830.8337051540115, 935.9274653325905, 54.666666666666664, 0.0, 1.0, 0.0, 841.9203901622006
3.57, 2.5, 12.0, ag45c, 5.505207718310975, 38.63133099308198, 60.45354591089814, 0.5165873353013657, 2836.4442380533787, 595.0, 698.0909936504942, 886.3888243916808, 54.666666666666664, 0.0, 1.05, 0.0, 820.2179363147612
3.57, 3.0, 8.0, ag45c, 6.082760795327126, 17.16560882746586, 56.01224829069074, 0.5349867938666748, 2531.3520838788927, 595.0, 722.9551268468579, 791.0475262121539, 54.666666666666664, 0.0, 1.05, 0.0, 795.5509285706542
3.57, 2.5, 16.0, ag45c, 6.259960025612722, 107.49533952568959, 36.1009848118827, 0.5896496017402784, 2915.245155244851, 595.0, 796.8237861355113, 911.014111014016, 54.666666666666664, 0.0, 1.0, 0.0, 822.2792990498425
3.57, 3.0, 10.0, ag45c, 5.885740608756995, 24.187004744361406, 57.668831987584724, 0.5733528557119401, 2654.756929156482, 595.0, 774.8011563674866, 829.6115403614006, 54.666666666666664, 0.0, 1.05, 0.0, 827.1944438551105
3.57, 3.0, 12.0, ag45c, 5.803962763189961, 28.21473941759243, 58.54734799491695, 0.5940912931559553, 2720.7697047386773, 595.0, 802.8260718323721, 850.2405327308367, 54.666666666666664, 0.0, 1.05, 0.0, 844.223311597123
3.57, 3.0, 14.0, ag45c, 5.80312735375976, 35.554516216643556, 57.158337760156016, 0.6073932876893625, 2770.709259101525, 595.0, 820.8017401207602, 865.8466434692266, 54.666666666666664, 0.0, 1.05, 0.0, 855.9769342564955
3.57, 3.5, 10.0, ag45c, 6.289468500372764, 18.78769213442744, 54.584137612755285, 0.5358886199213174, 2507.2452021636122, 595.0, 724.173810704483, 783.5141256761289, 54.666666666666664, 0.0, 1.05, 0.0, 793.3407777332142
3.57, 3.5, 8.0, ag45c, 6.593922457753857, 14.810793454161693, 50.807386623623294, 0.4877573280007131, 2392.711275175919, 595.0, 659.131524325288, 747.7222734924748, 54.666666666666664, 0.0, 1.05, 0.0, 758.048829236217
3.57, 3.5, 12.0, ag45c, 6.157554575604616, 22.45408778277517, 56.01996041742744, 0.5635775737819981, 2609.5182437513668, 595.0, 761.5913159216191, 815.4744511723021, 54.666666666666664, 0.0, 1.05, 0.0, 817.6230184828725
3.57, 3.0, 16.0, ag45c, 5.9650271387006555, 49.901674969258565, 51.535324885996516, 0.5387243972628467, 2823.7402244595955, 595.0, 728.0059422470903, 882.4188201436236, 54.666666666666664, 0.0, 1.0, 0.0, 789.808254130238
3.57, 3.5, 14.0, ag45c, 6.129894394836304, 28.99742215986549, 53.97124834595762, 0.5737963686061348, 2665.058654433947, 595.0, 775.4004981163985, 832.8308295106085, 54.666666666666664, 0.0, 1.05, 0.0, 828.5309646694525
3.57, 3.5, 16.0, ag45c, 6.23124044393779, 35.138499585454866, 52.54590459146898, 0.5817513034476258, 2707.7596201278293, 595.0, 786.1504100643592, 846.1748812899466, 54.666666666666664, 0.0, 1.05, 0.0, 836.963851974007
4.08, 1.5, 8.0, ag45c, 5.5767347190690355, 114.78455758848213, 37.48006362876206, 0.5977351654083128, 2948.7330993097503, 680.0, 807.7502235247471, 921.479093534297, 54.666666666666664, 0.0, 1.0, 0.0, 857.743105686348
4.08, 1.5, 10.0, ag45c, 5.569704199670239, 179.28549714067452, 26.982791545750718, 0.6038480667551278, 2981.8734022910826, 680.0, 816.0109010204429, 931.8354382159633, 54.666666666666664, 0.0, 1.0, 0.0, 863.9487797454686
4.08, 2.0, 10.0, ag45c, 5.807032527071899, 75.88900693160505, 45.123693499088034, 0.5888465348468643, 2901.131892431702, 680.0, 795.7385606038707, 906.6037163849069, 54.666666666666664, 0.0, 1.0, 0.0, 848.7807589962591
4.08, 2.0, 8.0, ag45c, 5.85465843345357, 55.75898891082573, 47.996329727749114, 0.5156521091078405, 2839.4382217552993, 680.0, 696.8271744700547, 887.324444298531, 54.666666666666664, 0.0, 1.0, 0.0, 809.3838729228619
4.08, 1.5, 12.0, ag45c, 5.824624896966858, 245.25624418058476, 13.940388134442513, 0.6143775077478131, 2998.554152790176, 680.0, 830.2398753348825, 937.0481727469299, 54.666666666666664, 0.0, 1.0, 0.0, 870.4293493606042
4.08, 1.5, 14.0, ag45c, 5.91434660110716, 242.79018557041644, 11.992135132964616, 0.6182965102756596, 3008.6222688610605, 680.0, 835.5358246968373, 940.1944590190814, 54.666666666666664, 0.0, 1.0, 0.0, 873.2434279053061
4.08, 1.5, 16.0, ag45c, 5.89687256951845, 244.93721944463624, 10.292783880874639, 0.6105044444374698, 3018.193771127556, 680.0, 825.0060059965807, 943.1855534773613, 54.666666666666664, 0.0, 1.0, 0.0, 870.7305198246473
4.08, 2.0, 12.0, ag45c, 5.816624471893054, 102.51995245144195, 39.86924029366078, 0.5871963763754465, 2938.347466449838, 680.0, 793.5086167235764, 918.2335832655745, 54.666666666666664, 0.0, 1.0, 0.0, 851.9140666630502
4.08, 2.5, 8.0, ag45c, 6.205446623049978, 35.251613373732056, 50.267527189883836, 0.560872580115697, 2676.274749772163, 680.0, 757.935919075266, 836.3358593038009, 54.666666666666664, 0.0, 1.05, 0.0, 853.3951224326736
4.08, 2.5, 10.0, ag45c, 6.098644886159461, 44.10038833070118, 49.443285384131485, 0.5880071455987209, 2757.3687385557378, 680.0, 794.6042508090824, 861.6777307986681, 54.666666666666664, 0.0, 1.0, 0.0, 833.4273272025835
4.08, 2.5, 14.0, ag45c, 6.1534587119307975, 79.05539394753762, 41.656556412146, 0.5741316096599363, 2874.7963688245504, 680.0, 775.8535265674814, 898.373865257672, 54.666666666666664, 0.0, 1.0, 0.0, 839.4091306083844
4.08, 2.5, 12.0, ag45c, 6.065901402521501, 57.2191640712905, 47.17756689579209, 0.560978173057939, 2840.785138313871, 680.0, 758.0786122404581, 887.7453557230847, 54.666666666666664, 0.0, 1.0, 0.0, 829.9413226545141
4.08, 2.0, 16.0, ag45c, 6.356112732029856, 223.9251991975579, 14.510334750698927, 0.5881545823629758, 2960.585397516937, 680.0, 794.803489679697, 925.1829367240429, 54.666666666666664, 0.0, 1.0, 0.0, 854.66214213458
4.08, 2.0, 14.0, ag45c, 6.333784910490726, 223.05743778644765, 14.977225512458423, 0.5756792782208217, 2949.4308214474504, 680.0, 777.9449705686778, 921.6971317023282, 54.666666666666664, 0.0, 1.0, 0.0, 847.8807007570019
4.08, 3.0, 8.0, ag45c, 6.632796584800811, 25.20294768943956, 47.706956403854086, 0.5106388258697803, 2517.9991197030704, 680.0, 690.052467391595, 786.8747249072095, 54.666666666666664, 0.0, 1.05, 0.0, 812.3245173045816
4.08, 2.5, 16.0, ag45c, 6.9023642361390385, 195.2721759938133, 14.173136623689112, 0.5598408442461243, 2888.031064509564, 680.0, 756.5416814136815, 902.5097076592388, 54.666666666666664, 0.0, 1.0, 0.0, 834.3504630243067
4.08, 3.0, 10.0, ag45c, 6.4400395561254165, 33.07232001995977, 48.936880920358284, 0.5524741102831341, 2637.197118984292, 680.0, 746.5866355177488, 824.1240996825913, 54.666666666666664, 0.0, 1.05, 0.0, 845.1487573201192
4.08, 3.0, 12.0, ag45c, 6.383840657926803, 40.8160333800018, 48.3918537216171, 0.5726613455882037, 2701.6064211757493, 680.0, 773.8666832273024, 844.2520066174217, 54.666666666666664, 0.0, 1.0, 0.0, 820.7062299482413
4.08, 3.5, 8.0, ag45c, 7.137563510385436, 21.797006606470553, 42.83738622270256, 0.4644702377128953, 2382.977016077207, 680.0, 627.6624833958044, 744.6803175241272, 54.666666666666664, 0.0, 1.05, 0.0, 775.719980321976
4.08, 3.5, 10.0, ag45c, 6.8579779740569755, 26.47653501965738, 45.61419208796166, 0.5123940838366285, 2494.246770566042, 680.0, 692.4244376170656, 779.4521158018881, 54.666666666666664, 0.0, 1.05, 0.0, 810.5567936966337
4.08, 3.0, 14.0, ag45c, 6.414268406391338, 52.165439508863415, 45.75957911920725, 0.58144388128559, 2748.899860702723, 680.0, 785.7349747102568, 859.0312064696009, 54.666666666666664, 0.0, 1.0, 0.0, 829.5887270599525
4.08, 3.0, 16.0, ag45c, 7.4231155597532865, 137.6908141939331, 18.881590546799327, 0.5497292675566112, 2801.9942521819853, 680.0, 742.8773885900152, 875.6232038068705, 54.666666666666664, 0.0, 1.0, 0.0, 820.8335307989619
4.08, 3.5, 12.0, ag45c, 6.745958786130932, 30.499934832617427, 46.615159332441834, 0.5378149518583154, 2593.3514711406547, 680.0, 726.7769619706966, 810.4223347314546, 54.666666666666664, 0.0, 1.05, 0.0, 833.4197538457529
4.08, 3.5, 14.0, ag45c, 6.748140710625779, 40.41905860634349, 44.584069614332726, 0.5508814671895027, 2647.1937734344183, 680.0, 744.4344151209496, 827.2480541982557, 54.666666666666664, 0.0, 1.0, 0.0, 805.2274897730683
4.08, 3.5, 16.0, ag45c, 6.924092022885159, 56.65427347261528, 39.325757817212576, 0.552828208601612, 2687.9820120431955, 680.0, 747.0651467589352, 839.9943787634985, 54.666666666666664, 0.0, 1.0, 0.0, 810.3531751741444
4.59, 1.5, 8.0, ag45c, 6.122507350647982, 188.06243496187187, 18.8656786020656, 0.5774854450747597, 2905.4145487751775, 765.0, 780.3857365875131, 907.942046492243, 54.666666666666664, 0.0, 1.0, 0.0, 872.4425943599186
4.59, 1.5, 10.0, ag45c, 6.12400314703866, 228.71105475182432, 13.339495877429295, 0.5900811571372672, 2942.7666131292935, 765.0, 797.4069691044151, 919.6145666029042, 54.666666666666664, 0.0, 1.0, 0.0, 882.0071785691064
4.59, 1.5, 12.0, ag45c, 6.462765949598437, 222.23004686448616, 10.611360662312789, 0.5982632422680818, 2953.568664740415, 765.0, 808.4638409028133, 922.9902077313797, 54.666666666666664, 0.0, 1.0, 0.0, 886.8180162113977
4.59, 2.0, 8.0, ag45c, 6.397588959769359, 78.71624353511476, 36.848377683948705, 0.5503259597024713, 2811.1562306200876, 765.0, 743.683729327664, 878.4863220687773, 54.666666666666664, 0.0, 1.0, 0.0, 850.3900171321471
4.59, 1.5, 14.0, ag45c, 6.4665139695282114, 223.52643168926107, 8.853160576461152, 0.6030711707480289, 2960.113084770538, 765.0, 814.9610415513904, 925.0353389907931, 54.666666666666664, 0.0, 1.0, 0.0, 889.6654601807278
4.59, 1.5, 16.0, ag45c, 6.464671516886871, 224.69026110433484, 6.993744272983916, 0.602940001015482, 2966.2517890475733, 765.0, 814.7837851560566, 926.9536840773667, 54.666666666666664, 0.0, 1.0, 0.0, 890.2458230778077
4.59, 2.0, 10.0, ag45c, 6.352805158650846, 110.01329329569626, 32.13561090995369, 0.5705004263465938, 2871.2647218354514, 765.0, 770.9465220899916, 897.2702255735785, 54.666666666666664, 0.0, 1.0, 0.0, 865.7389158878566
4.59, 2.0, 12.0, ag45c, 6.396502366629896, 170.40471953279294, 21.91993711535402, 0.5684165057701419, 2905.3992007880493, 765.0, 768.1304132028945, 907.9372502462653, 54.666666666666664, 0.0, 1.0, 0.0, 868.3558878163865
4.59, 2.5, 8.0, ag45c, 6.755482412523662, 47.50221109237396, 40.548084209982605, 0.5381611708666283, 2654.582052288455, 765.0, 727.2448254954436, 829.5568913401422, 54.666666666666664, 0.0, 1.0, 0.0, 828.6005722785286
4.59, 2.0, 14.0, ag45c, 6.933557542069672, 197.85700327734128, 12.744432254375711, 0.5744810909312931, 2912.049846173528, 765.0, 776.3257985558015, 910.0155769292273, 54.666666666666664, 0.0, 1.0, 0.0, 871.7804584950096
4.59, 2.5, 12.0, ag45c, 6.647910876205711, 87.62677622708728, 34.53341021921323, 0.5543522440849258, 2816.8394313819804, 765.0, 749.1246541688187, 880.2623223068689, 54.666666666666664, 0.0, 1.0, 0.0, 852.7956588252292
4.59, 2.5, 10.0, ag45c, 6.655785938791039, 64.97906934941565, 38.5364547566512, 0.5615063661970574, 2746.316964992751, 765.0, 758.7923867527803, 858.2240515602347, 54.666666666666664, 0.0, 1.0, 0.0, 848.6721461043383
4.59, 2.0, 16.0, ag45c, 6.925569574135118, 199.62754854937833, 12.256084676339539, 0.5880464449724466, 2922.8668525894586, 765.0, 794.6573580708738, 913.3958914342059, 54.666666666666664, 0.0, 1.0, 0.0, 879.0177498350264
4.59, 2.5, 14.0, ag45c, 6.838494501404481, 137.3238631485927, 23.75626374211815, 0.5671692618045407, 2848.163563076608, 765.0, 766.4449483845145, 890.0511134614401, 54.666666666666664, 0.0, 1.0, 0.0, 861.8320206153181
4.59, 2.5, 16.0, ag45c, 7.496215815086407, 172.9314785131082, 12.520870356809041, 0.5671467081590447, 2858.320146611137, 765.0, 766.4144704851956, 893.2250458159803, 54.666666666666664, 0.0, 1.0, 0.0, 862.8798387670586
4.59, 3.0, 8.0, ag45c, 7.174306058485021, 35.81190961576706, 39.17191173234846, 0.4916353375829939, 2518.771755960646, 765.0, 664.3720778148567, 787.1161737377017, 54.666666666666664, 0.0, 1.05, 0.0, 833.1708880433955
4.59, 3.0, 10.0, ag45c, 7.002864819283311, 44.46315789959429, 39.827783382541405, 1525752699166.4978, 2618.3522911927753, 765.0, 2061827971846618.5, 818.2350909977422, 54.666666666666664, 0.0, 1.0, 0.0, 687275990616121.9
4.59, 3.5, 8.0, ag45c, 7.696125615648594, 28.275500878636436, 36.841438767388546, 0.4467093823148337, 2367.0033362818212, 765.0, 603.661327452478, 739.6885425880691, 54.666666666666664, 0.0, 1.05, 0.0, 795.3224545141915
4.59, 3.0, 12.0, ag45c, 6.959455394768908, 59.95527387961918, 37.36317414282325, 0.5462691098750597, 2681.475155137881, 765.0, 738.2014998311618, 837.9609859805877, 54.666666666666664, 0.0, 1.0, 0.0, 835.0541619372498
4.59, 3.0, 14.0, ag45c, 7.032514722180812, 79.38880548550672, 32.86505654668858, 0.5131934582529234, 2758.3842375723834, 765.0, 693.5046733147614, 861.9950742413698, 54.666666666666664, 0.0, 1.0, 0.0, 828.1665825187104
4.59, 3.5, 10.0, ag45c, 7.416540079320132, 36.48675932581382, 37.567526518002346, 0.49089807881093395, 2500.0965790906985, 765.0, 663.3757821769378, 781.2801809658433, 54.666666666666664, 0.0, 1.05, 0.0, 830.7795870999732
4.59, 3.0, 16.0, ag45c, 8.149361875542759, 150.8435525083653, 11.64006073130673, 0.5445843861150167, 2777.27343782355, 765.0, 735.924846101374, 867.8979493198593, 54.666666666666664, 0.0, 1.0, 0.0, 844.2742651404111
4.59, 3.5, 12.0, ag45c, 7.316126154551984, 44.11594966036471, 37.33972025152563, 0.5142190319815182, 2576.4329406560314, 765.0, 694.8905837588085, 805.1352939550098, 54.666666666666664, 0.0, 1.0, 0.0, 809.6752925712727
4.59, 3.5, 14.0, ag45c, 7.346492289573147, 57.76105572929486, 34.49634021191565, 0.5263190226012527, 2628.706360415093, 765.0, 711.2419224341254, 821.4707376297166, 54.666666666666664, 0.0, 1.0, 0.0, 820.5708866879473
4.59, 3.5, 16.0, ag45c, 8.638206759727264, 135.50581051907662, 10.939392802662173, 0.5174313313160545, 2692.305789239549, 765.0, 699.2315288054789, 841.345559137359, 54.666666666666664, 0.0, 1.0, 0.0, 823.1923626476125
5.1, 1.5, 10.0, ag45c, 6.682565252301818, 210.40169504682868, 10.58959840674726, 0.5809831198916842, 2899.944752065525, 850.0, 785.1123241779516, 906.2327350204765, 54.666666666666664, 0.0, 1.0, 0.0, 901.7816863994759
5.1, 1.5, 8.0, ag45c, 6.657622087490088, 208.7551621975921, 11.628697163778265, 0.5758097499706691, 2866.260592473246, 850.0, 778.1212837441475, 895.7064351478895, 54.666666666666664, 0.0, 1.0, 0.0, 895.9425729640122
5.1, 1.5, 12.0, ag45c, 7.029854370651069, 197.79315900939542, 7.933777126577486, 0.549940222528017, 2896.3948110562733, 850.0, 743.1624628756987, 905.1233784550853, 54.666666666666664, 0.0, 1.0, 0.0, 887.4286137769279
5.1, 2.0, 8.0, ag45c, 6.943361591348306, 118.4342081603507, 23.69545216793196, 0.5422946835334567, 2780.470497357758, 850.0, 732.8306534235901, 868.8970304242995, 54.666666666666664, 0.0, 1.0, 0.0, 871.9092279492966
5.1, 1.5, 14.0, ag45c, 7.02507607479137, 199.14564300486472, 6.063512430059835, 0.578325204923549, 2911.175659318143, 850.0, 781.5205471939852, 909.7423935369197, 54.666666666666664, 0.0, 1.0, 0.0, 901.7543135769683
5.1, 1.5, 16.0, ag45c, 7.080786253728975, 197.6874648486421, 3.3887968206589862, 0.5720396227113331, 2906.61538153807, 850.0, 773.0265171774772, 908.3173067306468, 54.666666666666664, 0.0, 1.0, 0.0, 898.447941302708
5.1, 2.0, 10.0, ag45c, 6.9127883165455835, 182.9439186073753, 14.506286216947672, 0.5638375914172432, 2838.418138536464, 850.0, 761.9426911043827, 887.0056682926449, 54.666666666666664, 0.0, 1.0, 0.0, 887.6494531323425
5.1, 2.0, 12.0, ag45c, 7.000064471893054, 192.99919822111676, 12.708564093459016, 0.5595238523976539, 2868.200483978136, 850.0, 756.1133140508836, 896.3126512431675, 54.666666666666664, 0.0, 1.0, 0.0, 888.808655098017
5.1, 2.5, 8.0, ag45c, 7.305518201997346, 69.62395253304226, 29.968914236649738, 0.5152503181995456, 2629.424458057131, 850.0, 696.2842137831698, 821.6951431428533, 54.666666666666664, 0.0, 1.0, 0.0, 843.9931189753411
5.1, 2.5, 10.0, ag45c, 7.2058217282647234, 92.86309270534122, 27.11189809617656, 0.5274200699981045, 2742.667492540909, 850.0, 712.7298243217629, 857.0835914190341, 54.666666666666664, 0.0, 1.0, 0.0, 861.2711385802655
5.1, 2.0, 16.0, ag45c, 7.4969211530824875, 177.10614816252888, 10.205763825173484, 0.5794338934128528, 2890.8851565637397, 850.0, 783.0187748822334, 903.4016114261686, 54.666666666666664, 0.0, 1.0, 0.0, 900.1401287694673
5.1, 2.5, 12.0, ag45c, 7.22755192883729, 139.06778638267718, 19.426360319380375, 0.5494033530807505, 2791.0708581526746, 850.0, 742.4369636226359, 872.2096431727108, 54.666666666666664, 0.0, 1.0, 0.0, 876.2155355984488
5.1, 2.0, 14.0, ag45c, 7.513435436806514, 175.34666730212828, 10.792509334932427, 0.5686170670183097, 2872.8624599888494, 850.0, 768.4014419166348, 897.7695187465154, 54.666666666666664, 0.0, 1.0, 0.0, 893.39032022105
5.1, 2.5, 14.0, ag45c, 8.045767132983428, 156.79791480207288, 11.05961512019795, 0.5560748853976473, 2806.7101598942445, 850.0, 751.4525478346584, 877.0969249669513, 54.666666666666664, 0.0, 1.0, 0.0, 880.8498242672032
5.1, 2.5, 16.0, ag45c, 8.08533055192851, 156.84554774339955, 11.037276263162822, 0.5553831284441135, 2826.0457111486103, 850.0, 750.5177411406939, 883.1392847339407, 54.666666666666664, 0.0, 1.0, 0.0, 882.5523419582115
5.1, 3.0, 8.0, ag45c, 7.741394479537653, 48.38038324264594, 31.66142795429182, 0.477033424205733, 2500.7329918204005, 850.0, 644.6397624401798, 781.4790599438752, 54.666666666666664, 0.0, 1.0, 0.0, 813.372940794685
5.1, 3.0, 10.0, ag45c, 7.561426924546469, 65.04744198007388, 30.530510179979792, 0.5092639509755703, 2596.6901595546715, 850.0, 688.1945283453653, 811.4656748608348, 54.666666666666664, 0.0, 1.0, 0.0, 837.8867344020666
5.1, 3.5, 8.0, ag45c, 8.254687720911752, 41.578519143076875, 28.97977310073491, 0.43359815406208674, 2352.0025135214955, 850.0, 585.9434514352523, 735.0007854754674, 54.666666666666664, 0.0, 1.0, 0.0, 778.3147456369067
5.1, 3.0, 12.0, ag45c, 7.527964868453118, 85.35262417077837, 26.510999534426947, 0.5234444938785022, 2674.0722132039023, 850.0, 707.3574241601382, 835.6475666262195, 54.666666666666664, 0.0, 1.0, 0.0, 852.3349969287858
5.1, 3.0, 14.0, ag45c, 7.689129459022917, 132.69168286059292, 17.71312732363022, 0.5170958696372291, 2735.818911057307, 850.0, 698.7782022124717, 854.9434097054084, 54.666666666666664, 0.0, 1.0, 0.0, 855.9072039726267
5.1, 3.5, 10.0, ag45c, 7.990023237214869, 51.236951380655604, 29.824892603000315, 0.4727063336604163, 2483.3991729540257, 850.0, 638.7923427843464, 776.062241548133, 54.666666666666664, 0.0, 1.0, 0.0, 809.618194777493
5.1, 3.0, 16.0, ag45c, 8.776134507121707, 134.82927278791104, 10.368233641648834, 0.5359125561728891, 2751.378033076331, 850.0, 724.2061569903907, 859.8056353363535, 54.666666666666664, 0.0, 1.0, 0.0, 866.0039307755815
5.1, 3.5, 12.0, ag45c, 7.904530365078299, 66.12200874887333, 27.956540905576027, 0.4947211982540008, 2556.6226840512427, 850.0, 668.5421598027037, 798.9445887660133, 54.666666666666664, 0.0, 1.0, 0.0, 827.1622495229058
5.1, 3.5, 14.0, ag45c, 7.979659657994199, 90.5458874243694, 22.89751877559243, 0.5021518635692084, 2609.2638230460066, 850.0, 678.5835994178492, 815.3949447018771, 54.666666666666664, 0.0, 1.0, 0.0, 835.9928480399087
5.1, 3.5, 16.0, ag45c, 9.544926759727264, 112.35276387932537, 9.541168824276737, 0.5099181764272538, 2667.6084186680127, 850.0, 689.0786167935862, 833.627630833754, 54.666666666666664, 0.0, 1.0, 0.0, 845.5687492091134
5.609999999999999, 1.5, 8.0, ag45c, 7.205526298016403, 186.6333676532438, 9.464385612167407, 0.5578050439054207, 2820.8120457204645, 934.9999999999999, 753.7905998721901, 881.5037642876451, 54.666666666666664, 0.0, 1.0, 0.0, 911.4314547199449
5.609999999999999, 1.5, 10.0, ag45c, 7.24965367335445, 187.15135106164024, 8.277991326694085, 0.5606134297897402, 2849.597761451151, 934.9999999999999, 757.5857159320814, 890.4993004534848, 54.666666666666664, 0.0, 1.0, 0.0, 915.6950054618553
5.609999999999999, 1.5, 12.0, ag45c, 7.588416475914226, 175.6106217078456, 5.367546295562159, 0.5654995159419438, 2845.2553753997367, 934.9999999999999, 764.1885350566808, 889.1423048124177, 54.666666666666664, 0.0, 1.0, 0.0, 917.4436132896996
5.609999999999999, 1.5, 16.0, ag45c, 7.6805588853079225, 178.86139930219161, -0.055068475179597724, 0.5620355475671359, 2841.75282825266, 934.9999999999999, 759.5074967123459, 888.0477588289563, 54.666666666666664, 0.0, 1.0, 0.0, 915.5184185137673
5.609999999999999, 1.5, 14.0, ag45c, 7.577953969528211, 176.91915564609707, 3.47647897179345, 0.5638867698402582, 2848.2080183919047, 934.9999999999999, 762.0091484327814, 890.0650057474703, 54.666666666666664, 0.0, 1.0, 0.0, 917.0247180600838
5.609999999999999, 2.0, 8.0, ag45c, 7.497660538716727, 168.91642130648174, 11.207951518467471, 0.5347834240582584, 2746.8583006440344, 934.9999999999999, 722.6803027814303, 858.3932189512608, 54.666666666666664, 0.0, 1.0, 0.0, 893.3578405775636
5.609999999999999, 2.0, 10.0, ag45c, 7.475613579703477, 172.73542541801385, 11.350152756516396, 0.5543744613243695, 2802.7360830854104, 934.9999999999999, 749.1546774653641, 875.8550259641908, 54.666666666666664, 0.0, 1.0, 0.0, 908.0032344765182
5.609999999999999, 2.0, 12.0, ag45c, 7.818679208735158, 167.46674598825766, 10.26380944246533, 0.5461799479187356, 2823.2995347579304, 934.9999999999999, 738.081010700994, 882.2811046118533, 54.666666666666664, 0.0, 1.0, 0.0, 906.4540384376156
5.609999999999999, 2.5, 8.0, ag45c, 7.85555399147103, 101.38482868403196, 19.971832864178104, 0.49551083806499824, 2605.0632347210167, 934.9999999999999, 669.6092406283759, 814.0822608503177, 54.666666666666664, 0.0, 1.0, 0.0, 860.8971671595646
5.609999999999999, 2.0, 14.0, ag45c, 8.088576489438093, 159.28861919546412, 9.070331562809418, 0.5595199650132824, 2838.8051040003847, 934.9999999999999, 756.1080608287599, 887.1265950001202, 54.666666666666664, 0.0, 1.0, 0.0, 914.0782186096267
5.609999999999999, 2.0, 16.0, ag45c, 8.071114837293013, 160.85364504938488, 8.32286888109813, 0.5623642975846838, 2855.9072518000653, 934.9999999999999, 759.9517534928159, 892.4710161875205, 54.666666666666664, 0.0, 1.0, 0.0, 917.1409232267788
5.609999999999999, 2.5, 12.0, ag45c, 7.820219297258342, 162.2106198574365, 11.578426292328423, 0.539643743838884, 2763.1281339804677, 934.9999999999999, 729.2483024849784, 863.4775418688962, 54.666666666666664, 0.0, 1.0, 0.0, 897.2419481179581
5.609999999999999, 2.5, 10.0, ag45c, 7.777173307212092, 156.4332883448702, 12.306323421177144, 0.5249771114350459, 2716.6357871983614, 934.9999999999999, 709.4285289662782, 848.948683499488, 54.666666666666664, 0.0, 1.0, 0.0, 885.7924041552553
5.609999999999999, 2.5, 14.0, ag45c, 8.678697659299218, 140.00482321772387, 9.827651816079277, 0.5452834535897956, 2772.7095988918204, 934.9999999999999, 736.8695318781022, 866.4717496536938, 54.666666666666664, 0.0, 1.0, 0.0, 900.7804271772652
5.609999999999999, 3.0, 8.0, ag45c, 8.282903953221863, 72.30032344972886, 22.307228937499975, 0.4560516613596702, 2482.1760218195386, 934.9999999999999, 616.2860288644191, 775.6800068186058, 54.666666666666664, 0.0, 1.0, 0.0, 830.3220118943415
5.609999999999999, 2.5, 16.0, ag45c, 8.670892657191668, 141.39848331527486, 9.70036732972812, 0.542589075622133, 2792.1871129656074, 934.9999999999999, 733.2284805704501, 872.5584728017524, 54.666666666666664, 0.0, 1.0, 0.0, 901.5956511240674
5.609999999999999, 3.0, 10.0, ag45c, 8.137041661388574, 97.73774719661071, 19.37554467522416, 0.48662209895137737, 2576.1076130960437, 934.9999999999999, 657.5974310153748, 805.0336290925136, 54.666666666666664, 0.0, 1.0, 0.0, 853.8770200359628
5.609999999999999, 3.0, 12.0, ag45c, 8.12063223687417, 143.077444930107, 12.050941663179511, 0.5117464524834926, 2674.0582910296725, 934.9999999999999, 691.5492601128278, 835.6432159467727, 54.666666666666664, 0.0, 1.0, 0.0, 875.3974920198667
5.609999999999999, 3.0, 14.0, ag45c, 8.469375774812391, 138.67247210059833, 10.858678173666961, 0.5231658538234744, 2710.46061816051, 934.9999999999999, 706.9808835452355, 847.0189431751594, 54.666666666666664, 0.0, 1.0, 0.0, 884.3332755734648
5.609999999999999, 3.5, 8.0, ag45c, 8.808276141964383, 61.63762692043496, 21.173859273661023, 0.4211265166423848, 2354.11748148979, 934.9999999999999, 569.0898873545741, 735.6617129655594, 54.666666666666664, 0.0, 1.0, 0.0, 801.2505334400445
5.609999999999999, 3.0, 16.0, ag45c, 9.38159134922697, 119.88722743672153, 9.256786380648823, 0.5272630696898077, 2723.663705484518, 934.9999999999999, 712.5176617429834, 851.1449079639118, 54.666666666666664, 0.0, 1.0, 0.0, 887.5541899022984
5.609999999999999, 3.5, 10.0, ag45c, 8.548585342478027, 76.64288994021479, 20.84690574326765, 0.4497963142844911, 2466.7359512297767, 934.9999999999999, 607.8328571412043, 770.8549847593052, 54.666666666666664, 0.0, 1.0, 0.0, 825.8959473001697
5.609999999999999, 3.5, 12.0, ag45c, 8.502881944025667, 105.97933957690579, 15.480385449985897, 0.46913770841315955, 2493.5676460080026, 934.9999999999999, 633.9698762339993, 779.2398893775008, 54.666666666666664, 0.0, 1.0, 0.0, 837.4032552038334
5.609999999999999, 3.5, 16.0, ag45c, 10.18969939130621, 97.30902483327432, 8.625148837324074, 0.5024638115238198, 2644.3542627162346, 934.9999999999999, 679.0051507078646, 826.3607070988234, 54.666666666666664, 0.0, 1.0, 0.0, 868.1219526022293
5.609999999999999, 3.5, 14.0, ag45c, 8.637695447467884, 133.20167737641617, 10.759971781530634, 0.49424298999925514, 2623.5562331700844, 934.9999999999999, 667.8959324314259, 819.8613228656513, 54.666666666666664, 0.0, 1.0, 0.0, 862.2524184323589
