1.02, 1.5, 8.0, jx-gp-055, 2.3290010730746467, 9.49897105846088, 100.0, 0.6829811624496193, 3081.5717269150127, 170.0, 922.9475168238098, 962.9911646609414, 54.666666666666664, 0.0, 1.05, 0.0, 776.9785385196628
1.02, 2.0, 12.0, jx-gp-055, 2.4556589582462585, 8.94800236175611, 100.0, 0.6661070782065548, 3028.2915073514882, 170.0, 900.1447002791281, 946.3410960473401, 54.666666666666664, 0.0, 1.05, 0.0, 763.1700287142638
1.02, 1.5, 10.0, jx-gp-055, 2.2921466640983796, 11.794089721313311, 100.0, 0.6587606421894522, 3117.3856407137127, 170.0, 890.2170840398002, 974.1830127230352, 54.666666666666664, 0.0, 1.05, 0.0, 769.4400338669924
1.02, 2.0, 8.0, jx-gp-055, 2.598796045253018, 5.190474773995828, 100.0, 0.6343692367781546, 2933.4337458828477, 170.0, 857.2557253758846, 916.69804558839, 54.666666666666664, 0.0, 1.05, 0.0, 737.7838198374961
1.02, 1.5, 16.0, jx-gp-055, 2.260528048781791, 22.291541689312282, 100.0, 0.662508939738336, 3177.129973242584, 170.0, 895.2823509977515, 992.8531166383076, 54.666666666666664, 0.0, 1.05, 0.0, 777.7474136726207
1.02, 2.0, 10.0, jx-gp-055, 2.502886732838885, 7.000496520064831, 100.0, 0.6537666799666124, 2991.8574398147275, 170.0, 883.4684864413681, 934.9554499421023, 54.666666666666664, 0.0, 1.05, 0.0, 753.3483777342146
1.02, 2.0, 14.0, jx-gp-055, 2.426204179007825, 9.084766673020475, 100.0, 0.6758654854208247, 3059.0268427894707, 170.0, 913.3317370551686, 955.9458883717095, 54.666666666666664, 0.0, 1.05, 0.0, 771.1471688994072
1.02, 2.0, 16.0, jx-gp-055, 2.428649724404451, 11.069674814445278, 100.0, 0.6654147336478582, 3080.4900476032694, 170.0, 899.2090995241326, 962.6531398760218, 54.666666666666664, 0.0, 1.05, 0.0, 768.5517837900541
1.02, 1.5, 14.0, jx-gp-055, 2.2566792817532906, 16.846407217894487, 100.0, 0.6704796466755331, 3164.0902040991236, 170.0, 906.0535765885583, 988.7781887809762, 54.666666666666664, 0.0, 1.05, 0.0, 780.091117879337
1.02, 1.5, 12.0, jx-gp-055, 2.263579953435273, 14.287165515025553, 100.0, 0.6572159795875214, 3145.7504596559606, 170.0, 888.1297021452993, 983.0470186424877, 54.666666666666664, 0.0, 1.05, 0.0, 771.8118522757254
1.02, 2.5, 12.0, jx-gp-055, 2.6861583137641727, 4.995749778896987, 100.0, 0.6509266433312111, 2904.184168022764, 170.0, 879.6305990962311, 907.5575525071138, 54.666666666666664, 0.0, 1.05, 0.0, 742.4158530611707
1.02, 2.5, 8.0, jx-gp-055, 2.9215390099076686, 4.498767188503362, 100.0, 0.6287093180097278, 2759.900256542319, 170.0, 849.6071864996323, 862.4688301694747, 54.666666666666664, 0.0, 1.05, 0.0, 716.1266058341874
1.02, 2.5, 16.0, jx-gp-055, 2.619113549882237, 8.313156976663628, 100.0, 0.6623203414981866, 2977.0276189599945, 170.0, 895.027488511063, 930.3211309249983, 54.666666666666664, 0.0, 1.05, 0.0, 755.7720168026215
1.02, 2.5, 10.0, jx-gp-055, 2.772156293196692, 4.803414600911118, 100.0, 0.6396494198184007, 2860.0449446257962, 170.0, 864.3911078627036, 893.7640451955614, 54.666666666666664, 0.0, 1.05, 0.0, 732.2543035703928
1.02, 3.0, 16.0, jx-gp-055, 2.850855371543493, 6.007598074680511, 100.0, 0.6186587504271593, 2871.2654549070203, 170.0, 836.0253384150802, 897.2704546584438, 54.666666666666664, 0.0, 1.05, 0.0, 723.5535275757334
1.02, 3.0, 8.0, jx-gp-055, 3.3265062113495696, 2.83907899214015, 100.0, 0.6274890272734972, 2608.5772525591565, 170.0, 847.9581449641854, 815.1803914247364, 54.666666666666664, 0.0, 1.05, 0.0, 698.9984877361226
1.02, 3.0, 10.0, jx-gp-055, 3.0826641506800825, 4.210211097257371, 100.0, 0.6327428835970846, 2709.028854070492, 170.0, 855.0579508068712, 846.5715168970288, 54.666666666666664, 0.0, 1.05, 0.0, 712.470313696365
1.02, 2.5, 14.0, jx-gp-055, 2.637556976883501, 6.59031479709331, 100.0, 0.6568685571356719, 2946.285157140746, 170.0, 887.6602123455026, 920.714111606483, 54.666666666666664, 0.0, 1.05, 0.0, 749.8310133831951
1.02, 3.0, 12.0, jx-gp-055, 2.9625682522215135, 4.430370583115833, 100.0, 0.6436860439889366, 2791.241877908251, 170.0, 869.8460053904549, 872.2630868463284, 54.666666666666664, 0.0, 1.05, 0.0, 726.6381822828743
1.02, 3.0, 14.0, jx-gp-055, 2.897822286870601, 4.559569888057034, 100.0, 0.6500286120842301, 2832.1125769659657, 170.0, 878.4170433570677, 885.0351803018643, 54.666666666666664, 0.0, 1.05, 0.0, 734.1082782806261
1.02, 3.5, 16.0, jx-gp-055, 3.1231531409797233, 5.367346575355455, 100.0, 0.6485097893995868, 2765.9789964692, 170.0, 876.3645802697118, 864.368436396625, 54.666666666666664, 0.0, 1.05, 0.0, 726.1565558332179
1.02, 3.5, 8.0, jx-gp-055, 3.8088686307317734, 3.19336577604792, 100.0, 0.6237541538295026, 2469.732180654959, 170.0, 842.911018688517, 771.7913064546747, 54.666666666666664, 0.0, 1.05, 0.0, 682.045813800117
1.02, 3.5, 10.0, jx-gp-055, 3.4696980581657377, 3.6183777065334217, 100.0, 0.6316214655238265, 2578.474278878111, 170.0, 853.5425209781439, 805.7732121494097, 54.666666666666664, 0.0, 1.05, 0.0, 697.6605065946438
1.02, 3.5, 12.0, jx-gp-055, 3.283142163745515, 3.8914013862149797, 100.0, 0.6355292196823006, 2658.4055357133157, 170.0, 858.8232698409468, 830.7517299104111, 54.666666666666664, 0.0, 1.05, 0.0, 708.2512499129751
1.02, 3.5, 14.0, jx-gp-055, 3.185900509933079, 4.049778762158278, 100.0, 0.6439996812203993, 2718.353885013611, 170.0, 870.2698394870262, 849.4855890667535, 54.666666666666664, 0.0, 1.05, 0.0, 718.8143999938229
1.53, 1.5, 12.0, jx-gp-055, 2.8157473218563256, 25.179619046890753, 100.0, 0.6646339095854222, 3151.024239919285, 255.0, 898.1539318721922, 984.6950749747765, 54.666666666666664, 0.0, 1.05, 0.0, 805.6471523964391
1.53, 1.5, 8.0, jx-gp-055, 2.876905283600962, 14.962938417719823, 100.0, 0.6693426341889164, 3087.2908468155233, 255.0, 904.5170732282653, 964.7783896298511, 54.666666666666664, 0.0, 1.05, 0.0, 800.9034120003407
1.53, 1.5, 14.0, jx-gp-055, 2.817372965963817, 30.80487778035741, 100.0, 0.6628674382843104, 3167.4055585938045, 255.0, 895.7668084923114, 989.8142370605639, 54.666666666666664, 0.0, 1.05, 0.0, 806.6033659435064
1.53, 1.5, 10.0, jx-gp-055, 2.8272614009404853, 19.912973136727988, 100.0, 0.658413021429686, 3127.149992502512, 255.0, 889.7473262563325, 977.234372657035, 54.666666666666664, 0.0, 1.05, 0.0, 800.0935946196787
1.53, 1.5, 16.0, jx-gp-055, 2.843248048781791, 39.663595569662064, 100.0, 0.6691960980702639, 3179.333488185703, 255.0, 904.3190514463026, 993.5417150580323, 54.666666666666664, 0.0, 1.05, 0.0, 810.9012682765173
1.53, 2.0, 10.0, jx-gp-055, 3.0543435749441485, 11.985956371769644, 100.0, 0.6831479661628026, 2999.6965980475343, 255.0, 923.1729272470305, 937.4051868898546, 54.666666666666664, 0.0, 1.05, 0.0, 797.8523399479097
1.53, 2.0, 12.0, jx-gp-055, 3.0071158003515217, 14.202793197815925, 100.0, 0.6230526732764342, 3032.425930663392, 255.0, 841.9630719951814, 947.6331033323099, 54.666666666666664, 0.0, 1.05, 0.0, 773.008661364622
1.53, 2.0, 8.0, jx-gp-055, 3.1360423610424917, 8.222620463111351, 100.0, 0.6701071749325863, 2940.4504737433895, 255.0, 905.550236395387, 918.8907730448092, 54.666666666666664, 0.0, 1.05, 0.0, 785.2043533040686
1.53, 2.0, 14.0, jx-gp-055, 2.9890294421657195, 16.440479400185193, 100.0, 0.6970004628961163, 3061.7994653531814, 255.0, 941.8925174271841, 956.8123329228692, 54.666666666666664, 0.0, 1.05, 0.0, 811.1966976225186
1.53, 2.0, 16.0, jx-gp-055, 2.998106566509714, 20.978944306922614, 100.0, 0.6412305828169094, 3082.8862577961067, 255.0, 866.5278146174452, 963.4019555612834, 54.666666666666664, 0.0, 1.05, 0.0, 787.1254195625551
1.53, 2.5, 8.0, jx-gp-055, 3.4715747993813526, 5.90829805506813, 100.0, 0.6633978667478713, 2791.101991826454, 255.0, 896.4836037133396, 872.2193724457669, 54.666666666666664, 0.0, 1.05, 0.0, 765.6960416556873
1.53, 2.5, 10.0, jx-gp-055, 3.318639451091429, 7.658069487164353, 100.0, 0.6749055644229544, 2868.4587016697833, 255.0, 912.034546517506, 896.3933442718073, 54.666666666666664, 0.0, 1.05, 0.0, 779.5997617762596
1.53, 2.5, 12.0, jx-gp-055, 3.2361941032378567, 9.477739126035432, 100.0, 0.6839059622437889, 2918.9060584728504, 255.0, 924.1972462753904, 912.1581432727658, 54.666666666666664, 0.0, 1.05, 0.0, 789.3743863418547
1.53, 2.5, 14.0, jx-gp-055, 3.210092766357185, 11.295781837237937, 100.0, 0.6948956484195786, 2950.1154258013394, 255.0, 939.0481735399711, 921.9110705629187, 54.666666666666664, 0.0, 1.05, 0.0, 797.9857354360114
1.53, 2.5, 16.0, jx-gp-055, 3.1987546025138167, 13.199640470605942, 100.0, 0.6986859592315677, 2980.840407693985, 255.0, 944.1702151777943, 931.5126274043703, 54.666666666666664, 0.0, 1.05, 0.0, 803.1389949037575
1.53, 3.0, 8.0, jx-gp-055, 3.8680156850337806, 5.113164738322472, 100.0, 0.657874123363793, 2611.769189857102, 255.0, 889.0190856267474, 816.1778718303444, 54.666666666666664, 0.0, 1.05, 0.0, 743.4689351099821
1.53, 3.0, 10.0, jx-gp-055, 3.6454894138379768, 5.5449759797409905, 100.0, 0.670345970488621, 2738.5311693139656, 255.0, 905.872933092731, 855.7909904106143, 54.666666666666664, 0.0, 1.05, 0.0, 763.2323732261709
1.53, 3.0, 12.0, jx-gp-055, 3.529656673274145, 7.080587512888438, 100.0, 0.6818880756521858, 2804.961847704719, 255.0, 921.4703725029538, 876.5505774077246, 54.666666666666664, 0.0, 1.05, 0.0, 775.9573324687375
1.53, 3.0, 14.0, jx-gp-055, 3.453542286870601, 8.734440099185726, 100.0, 0.6888315862018577, 2844.3339650491275, 255.0, 930.8534948673753, 888.8543640778523, 54.666666666666664, 0.0, 1.05, 0.0, 783.5477506308296
1.53, 3.5, 8.0, jx-gp-055, 4.362457051784405, 4.32355458813454, 90.05171921643861, 0.6200463220845956, 2471.283700658053, 255.0, 837.9004352494536, 772.2761564556416, 54.666666666666664, 0.0, 1.05, 0.0, 710.2118070967833
1.53, 3.0, 16.0, jx-gp-055, 3.4264701083855984, 8.841584766626738, 100.0, 0.6945669504074471, 2875.336310045895, 255.0, 938.6039870370906, 898.5425968893422, 54.666666666666664, 0.0, 1.05, 0.0, 789.6513043742515
1.53, 3.5, 10.0, jx-gp-055, 4.033233847639422, 4.834714973632362, 100.0, 0.6658886175259965, 2582.1041045059574, 255.0, 899.8494831432384, 806.9075326581118, 54.666666666666664, 0.0, 1.05, 0.0, 744.0149555304727
1.53, 3.5, 12.0, jx-gp-055, 3.858283216377094, 5.146130551434256, 100.0, 0.676061210957086, 2685.820059004237, 255.0, 913.5962310230892, 839.318768438824, 54.666666666666664, 0.0, 1.05, 0.0, 760.1702498116697
1.53, 3.5, 14.0, jx-gp-055, 3.7544099836172897, 6.535578417027728, 100.0, 0.6825094426797755, 2741.1951924261357, 255.0, 922.3100576753724, 856.6234976331674, 54.666666666666664, 0.0, 1.05, 0.0, 769.2767443579888
1.53, 3.5, 16.0, jx-gp-055, 3.7115573515060385, 7.966383505198356, 100.0, 0.6898678679747722, 2769.776172981595, 255.0, 932.2538756415839, 865.5550540567485, 54.666666666666664, 0.0, 1.05, 0.0, 775.8831253944164
2.04, 1.5, 8.0, jx-gp-055, 3.4120200204430677, 24.80461382575195, 100.0, 0.6402114995568744, 3077.6764015019476, 340.0, 865.1506750768573, 961.7738754693586, 54.666666666666664, 0.0, 1.05, 0.0, 815.8235926911756
2.04, 1.5, 10.0, jx-gp-055, 3.373034032519432, 32.874423638947, 100.0, 0.6405304788781592, 3117.1413783920743, 340.0, 865.5817282137286, 974.1066807475232, 54.666666666666664, 0.0, 1.05, 0.0, 820.2909431364382
2.04, 2.0, 8.0, jx-gp-055, 3.6732886768319655, 12.810562576034487, 100.0, 0.6922286291209893, 2939.410649506635, 340.0, 935.4440934067422, 918.5658279708234, 54.666666666666664, 0.0, 1.05, 0.0, 825.303472482148
2.04, 2.0, 10.0, jx-gp-055, 3.591589890733622, 16.944647639375493, 100.0, 0.7082108086945212, 2994.5751087038725, 340.0, 957.0416333709746, 935.8047214699602, 54.666666666666664, 0.0, 1.05, 0.0, 838.896224194327
2.04, 1.5, 12.0, jx-gp-055, 3.363651532382641, 41.53423681613737, 100.0, 0.6634072428160959, 3140.9382185186487, 340.0, 896.4962740758052, 981.5431932870778, 54.666666666666664, 0.0, 1.0, 0.0, 794.0131557876276
2.04, 2.0, 12.0, jx-gp-055, 3.561414747719943, 21.33044873960446, 100.0, 0.7154796822333465, 3031.92270917013, 340.0, 966.8644354504682, 947.4758466156657, 54.666666666666664, 0.0, 1.05, 0.0, 846.4190987231469
2.04, 1.5, 14.0, jx-gp-055, 3.3766455975427645, 53.794613773331584, 100.0, 0.6598419757585048, 3157.034090167328, 340.0, 891.678345619601, 986.5731531772901, 54.666666666666664, 0.0, 1.0, 0.0, 794.083832932297
2.04, 2.0, 14.0, jx-gp-055, 3.5584862842709826, 25.947994731934163, 100.0, 0.6077287820873563, 3056.9848367156355, 340.0, 821.2551109288598, 955.3077614736361, 54.666666666666664, 0.0, 1.05, 0.0, 798.1970053408736
2.04, 2.0, 16.0, jx-gp-055, 3.5779844612465563, 33.26237318494449, 100.0, 0.6366025259689987, 3074.823603919888, 340.0, 860.2736837418901, 960.882376224965, 54.666666666666664, 0.0, 1.05, 0.0, 813.8046209883993
2.04, 1.5, 16.0, jx-gp-055, 3.621362785623896, 83.27278814066823, 89.42313547792185, 0.6709476047884583, 3163.717973211504, 340.0, 906.6859524168356, 988.661866628595, 54.666666666666664, 0.0, 0.0, 0.0, 0.0
2.04, 2.5, 8.0, jx-gp-055, 4.018057957276089, 8.49070686068405, 100.0, 0.6877250943029003, 2789.8042991388056, 340.0, 929.3582355444598, 871.8138434808768, 54.666666666666664, 0.0, 1.05, 0.0, 806.8102276588678
2.04, 2.5, 12.0, jx-gp-055, 3.7980719979746986, 13.97892352136558, 100.0, 0.712970566301079, 2915.515825908483, 340.0, 963.4737382447013, 911.098695596401, 54.666666666666664, 0.0, 1.05, 0.0, 832.5003518443858
2.04, 2.5, 10.0, jx-gp-055, 3.8686752405651132, 11.964387868885519, 100.0, 0.7017440761029062, 2869.6310747837433, 340.0, 948.3028055444679, 896.7597108699198, 54.666666666666664, 0.0, 1.05, 0.0, 822.1718807450357
2.04, 2.5, 14.0, jx-gp-055, 3.7778917137256065, 17.800011562231465, 100.0, 0.7259371697850641, 2950.1479614972227, 340.0, 980.9961753852217, 921.921237967882, 54.666666666666664, 0.0, 1.05, 0.0, 842.4210946735863
2.04, 3.0, 8.0, jx-gp-055, 4.430840948191675, 7.394485120685422, 89.45999367590403, 0.6457250275216498, 2639.437617663467, 340.0, 872.6013885427701, 824.8242555198334, 54.666666666666664, 0.0, 1.05, 0.0, 770.4989754219113
2.04, 3.0, 10.0, jx-gp-055, 4.212577834890609, 9.25782155866047, 96.03195462147632, 0.6882379101591695, 2738.9343567343326, 340.0, 930.0512299448236, 855.916986479479, 54.666666666666664, 0.0, 1.05, 0.0, 801.488875748506
2.04, 3.0, 12.0, jx-gp-055, 4.085376673274145, 9.679984732971194, 100.0, 0.7135060707162726, 2803.082587368611, 340.0, 964.1973928598278, 875.9633085526908, 54.666666666666664, 0.0, 1.05, 0.0, 820.4562454943815
2.04, 2.5, 16.0, jx-gp-055, 3.780764076198027, 19.813050049839077, 100.0, 0.6004252293958217, 2972.408180160903, 340.0, 811.3854451294887, 928.8775563002823, 54.666666666666664, 0.0, 1.05, 0.0, 785.4920505004199
2.04, 3.0, 14.0, jx-gp-055, 4.029157023712706, 12.928815754427813, 100.0, 0.7214408325856138, 2842.4537677424196, 340.0, 974.9200440346132, 888.2668024195061, 54.666666666666664, 0.0, 1.05, 0.0, 828.5153962589418
2.04, 3.0, 16.0, jx-gp-055, 4.019137476806651, 14.671574101941472, 100.0, 0.7276969526950899, 2869.0179443240136, 340.0, 983.3742603987703, 896.5681076012543, 54.666666666666664, 0.0, 1.05, 0.0, 834.3798288000086
2.04, 3.5, 8.0, jx-gp-055, 4.921019157047563, 6.33029770585275, 77.54104225689676, 0.5947181511831844, 2467.800472883749, 340.0, 803.6731772745736, 771.1876477761716, 54.666666666666664, 0.0, 1.05, 0.0, 727.6012887677608
2.04, 3.5, 10.0, jx-gp-055, 4.603401216060474, 7.006737917755027, 85.75826784242233, 0.6422433782264281, 2609.0816315284815, 340.0, 867.8964570627406, 815.3380098526504, 54.666666666666664, 0.0, 1.05, 0.0, 765.5320634203869
2.04, 3.5, 12.0, jx-gp-055, 4.426792690061305, 8.643646585298324, 90.43294466366373, 0.6722452789684131, 2686.521090821473, 340.0, 908.4395661735313, 839.5378408817103, 54.666666666666664, 0.0, 1.05, 0.0, 788.1920924693344
2.04, 3.5, 14.0, jx-gp-055, 4.342814194143605, 10.237854922917442, 92.73246574289043, 0.6901611865747378, 2740.503415882743, 340.0, 932.6502521280241, 856.4073174633572, 54.666666666666664, 0.0, 1.05, 0.0, 802.5701493569835
2.04, 3.5, 16.0, jx-gp-055, 4.309908930453407, 11.810282316644397, 93.53774664749427, 0.7001670804893925, 2774.9753245424267, 340.0, 946.1717303910709, 867.1797889195083, 54.666666666666664, 0.0, 1.05, 0.0, 811.0730317587027
2.55, 1.5, 8.0, jx-gp-055, 3.9513979151799097, 36.88849216585923, 92.56010486469097, 0.6207937273907288, 3060.552087311177, 425.0, 838.9104424199038, 956.4225272847428, 54.666666666666664, 0.0, 1.05, 0.0, 834.5165393966263
2.55, 1.5, 10.0, jx-gp-055, 3.920938243045748, 51.0542432788945, 88.66291403926733, 0.6414666881029416, 3094.7310808903253, 425.0, 866.8468758147859, 967.1034627782267, 54.666666666666664, 0.0, 1.0, 0.0, 807.6501128643376
2.55, 1.5, 12.0, jx-gp-055, 3.9165294271194835, 66.5190546850107, 84.4409206918457, 0.6512740211725999, 3117.8969739078166, 425.0, 880.1000286116215, 974.3428043461927, 54.666666666666664, 0.0, 0.0, 0.0, 0.0
2.55, 1.5, 14.0, jx-gp-055, 3.956523492279606, 92.74482992186009, 76.95510152624075, 0.6527967688769948, 3132.4657599515167, 425.0, 882.1577957797226, 978.8955499848489, 54.666666666666664, 0.0, 0.0, 0.0, 0.0
2.55, 2.0, 8.0, jx-gp-055, 4.216219203147755, 19.040954102075347, 92.27638778807777, 0.6807297640720583, 2924.5121189196543, 425.0, 919.9050865838626, 913.910037162392, 54.666666666666664, 0.0, 1.05, 0.0, 847.985293311189
2.55, 1.5, 16.0, jx-gp-055, 4.21189857509758, 152.64207567619417, 54.3407170493218, 0.6569709429161287, 3135.1148858881834, 425.0, 887.7985715082821, 979.7234018400574, 54.666666666666664, 0.0, 0.0, 0.0, 0.0
2.55, 2.0, 10.0, jx-gp-055, 4.145888838102042, 25.571395247645185, 93.05667916322297, 0.7024253222777768, 2984.1080622724667, 425.0, 949.2234084834821, 932.5337694601459, 54.666666666666664, 0.0, 1.05, 0.0, 864.7650122802698
2.55, 2.0, 12.0, jx-gp-055, 4.122345274035732, 32.588482771967925, 91.80480675185825, 0.6119316493391558, 3016.855414627467, 425.0, 826.9346612691295, 942.7673170710834, 54.666666666666664, 0.0, 1.05, 0.0, 825.5456924190745
2.55, 2.0, 14.0, jx-gp-055, 4.12983786321835, 42.532555084549486, 88.76575297738573, 0.6204491596518746, 3041.0107992852613, 425.0, 838.4448103403712, 950.3158747766443, 54.666666666666664, 0.0, 1.0, 0.0, 792.5868950390051
2.55, 2.5, 10.0, jx-gp-055, 4.429368924775639, 16.092945888580566, 88.42644513908495, 0.6787666685905355, 2858.1817318763506, 425.0, 917.252254852075, 893.1817912113595, 54.666666666666664, 0.0, 1.05, 0.0, 839.8019161222022
2.55, 2.5, 8.0, jx-gp-055, 4.557435852012931, 13.847510083453368, 84.75419315917546, 0.6444014660643812, 2780.462297659128, 425.0, 870.8127919788935, 868.8944680184775, 54.666666666666664, 0.0, 1.05, 0.0, 815.0475409990797
2.55, 2.0, 16.0, jx-gp-055, 4.197651829667609, 55.36487346613355, 82.89276916702886, 0.6297586587433162, 3058.155004204862, 425.0, 851.0252145179948, 955.6734388140193, 54.666666666666664, 0.0, 1.0, 0.0, 798.566217777338
2.55, 2.5, 12.0, jx-gp-055, 4.3658709453431195, 20.01072783030264, 89.3374410449732, 0.6905832900517971, 2908.4090609107834, 425.0, 933.2206622321582, 908.8778315346198, 54.666666666666664, 0.0, 1.05, 0.0, 850.8844728183724
2.55, 2.5, 14.0, jx-gp-055, 4.349243292672974, 26.060977972499497, 88.37995754761192, 0.5947697847324321, 2938.1812790363097, 425.0, 803.7429523411246, 918.1816496988467, 54.666666666666664, 0.0, 1.05, 0.0, 808.8236107139901
2.55, 3.0, 8.0, jx-gp-055, 4.972350421875886, 9.616902059100754, 76.64673679577366, 0.6103481431585105, 2634.3288900157904, 425.0, 824.7947880520413, 823.2277781299344, 54.666666666666664, 0.0, 1.05, 0.0, 782.9578981636915
2.55, 3.0, 12.0, jx-gp-055, 4.64820193643204, 15.02962075869105, 83.78316526710293, 0.6697617176446006, 2793.621296151326, 425.0, 905.0834022224333, 873.0066550472894, 54.666666666666664, 0.0, 1.05, 0.0, 828.4815200444029
2.55, 3.0, 10.0, jx-gp-055, 4.755508361206399, 13.029224212043902, 81.14638602637999, 0.647300101397521, 2731.809326320051, 425.0, 874.7298667534069, 853.6904144750158, 54.666666666666664, 0.0, 1.05, 0.0, 811.0970984299481
2.55, 2.5, 16.0, jx-gp-055, 4.369878813040132, 32.44580647356286, 86.05720932171953, 0.5936693754868378, 2962.815354221649, 425.0, 802.2559128200511, 925.8797981942653, 54.666666666666664, 0.0, 1.05, 0.0, 810.9974988550107
2.55, 3.0, 14.0, jx-gp-055, 4.609034918449549, 18.551130306875194, 83.94041003706383, 0.682423790430453, 2837.102409751748, 425.0, 922.194311392504, 886.5945030474212, 54.666666666666664, 0.0, 1.05, 0.0, 839.2260850539739
2.55, 3.5, 8.0, jx-gp-055, 5.47958126231072, 8.253473355482203, 67.55675606908093, 0.5618197107148907, 2486.1615197087312, 425.0, 759.2158252903928, 776.9254749089785, 54.666666666666664, 0.0, 1.05, 0.0, 743.7994550697799
2.55, 3.5, 10.0, jx-gp-055, 5.156989637113106, 10.281506535231813, 73.86303913795305, 0.611000365010772, 2604.8323749816254, 425.0, 825.6761689334758, 814.010117181758, 54.666666666666664, 0.0, 1.05, 0.0, 780.0402001403319
2.55, 3.0, 16.0, jx-gp-055, 4.607541687332967, 22.191183192041066, 83.02357231493282, 0.6908780705687643, 2864.1325490435374, 425.0, 933.619014282114, 895.0414215761054, 54.666666666666664, 0.0, 1.05, 0.0, 846.1811525503769
2.55, 3.5, 12.0, jx-gp-055, 4.9903284795349885, 12.146226542363818, 76.72171653550073, 0.6361894155945416, 2681.040621626318, 425.0, 859.7154264791102, 837.8251942582243, 54.666666666666664, 0.0, 1.05, 0.0, 800.2892172580671
2.55, 3.5, 14.0, jx-gp-055, 4.926244720459394, 13.828478775758805, 78.09624860595059, 0.6509442219354221, 2732.318705690464, 425.0, 879.6543539667866, 853.84959552827, 54.666666666666664, 0.0, 1.05, 0.0, 812.8763823232697
2.55, 3.5, 16.0, jx-gp-055, 4.913234193611301, 16.944101892267422, 77.71277215049116, 0.6621652913134342, 2770.6491424505907, 425.0, 894.8179612343705, 865.8278570158095, 54.666666666666664, 0.0, 1.05, 0.0, 822.376036387563
3.06, 1.5, 8.0, jx-gp-055, 4.486512652022014, 56.39530987704431, 70.93836063493679, 0.6211665506451648, 3030.909659381035, 510.0, 839.414257628601, 947.1592685565734, 54.666666666666664, 0.0, 1.0, 0.0, 820.191175395058
3.06, 2.0, 8.0, jx-gp-055, 4.761991834726702, 28.896852518441353, 74.93984546706525, 0.5682483334164146, 2904.576402040569, 510.0, 767.9031532654251, 907.6801256376779, 54.666666666666664, 0.0, 1.05, 0.0, 822.354147616086
3.06, 2.0, 10.0, jx-gp-055, 4.692608838102043, 38.337257217572954, 74.07671470998048, 0.5901775411575106, 2963.1166095549256, 510.0, 797.5372177804198, 925.9739404859142, 54.666666666666664, 0.0, 1.05, 0.0, 839.1289053932169
3.06, 1.5, 10.0, jx-gp-055, 4.463158243045748, 77.53210332752636, 66.65682238120296, 0.6353628614098854, 3063.705760483938, 510.0, 858.59846136471, 957.4080501512306, 54.666666666666664, 0.0, 0.0, 0.0, 0.0
3.06, 1.5, 12.0, jx-gp-055, 4.470828374487905, 110.36970201807007, 59.092306337540464, 0.618152022163253, 3085.5363633505444, 510.0, 835.3405704908824, 964.2301135470452, 54.666666666666664, 0.0, 0.0, 0.0, 0.0
3.06, 2.0, 12.0, jx-gp-055, 4.66811790561468, 48.42383640351201, 72.57903917367659, 0.6069441031056907, 2999.7709616844613, 510.0, 820.194733926609, 937.4284255263941, 54.666666666666664, 0.0, 1.0, 0.0, 810.541053151001
3.06, 1.5, 14.0, jx-gp-055, 4.751690860700659, 200.49038176849965, 35.30429530549903, 0.6414156247520036, 3089.887262693915, 510.0, 866.7778712864914, 965.5897695918485, 54.666666666666664, 0.0, 0.0, 0.0, 0.0
3.06, 2.0, 14.0, jx-gp-055, 4.706873652692035, 66.6934368641716, 66.91783160730779, 0.6074226570302534, 3018.516286112737, 510.0, 820.8414284192613, 943.2863394102303, 54.666666666666664, 0.0, 0.0, 0.0, 0.0
3.06, 1.5, 16.0, jx-gp-055, 4.78182910141337, 296.32652146258033, 18.72794030425657, 0.6350438157784375, 3096.7894874017775, 510.0, 858.1673186195102, 967.7467148130554, 54.666666666666664, 0.0, 0.0, 0.0, 0.0
3.06, 2.5, 8.0, jx-gp-055, 5.1003663783287205, 19.158898433853008, 71.06313836485151, 0.6093314633285197, 2766.532983816791, 510.0, 823.4208963898915, 864.5415574427471, 54.666666666666664, 0.0, 1.05, 0.0, 826.6868588414235
3.06, 2.5, 10.0, jx-gp-055, 4.969931030038797, 23.462921808896887, 73.41894512950013, 0.6400314382996961, 2842.6403872412557, 510.0, 864.9073490536434, 888.3251210128924, 54.666666666666664, 0.0, 1.05, 0.0, 849.5313645232876
3.06, 2.0, 16.0, jx-gp-055, 5.159319198088662, 117.16990531710557, 46.92345343176453, 0.6160026178266839, 3027.9513783043467, 510.0, 832.4359700360592, 946.2348057201083, 54.666666666666664, 0.0, 0.0, 0.0, 0.0
3.06, 2.5, 12.0, jx-gp-055, 4.926564629553646, 29.57302939828519, 73.17478168592449, 0.5757050340594791, 2891.523581333282, 510.0, 777.979775756053, 903.6011191666506, 54.666666666666664, 0.0, 1.05, 0.0, 824.4533132229462
3.06, 2.5, 14.0, jx-gp-055, 4.927700134778238, 38.06526445264734, 71.00644215014216, 0.5749460661699015, 2925.3553558134176, 510.0, 776.95414347284, 914.173548691693, 54.666666666666664, 0.0, 1.05, 0.0, 827.7946922575866
3.06, 3.0, 8.0, jx-gp-055, 5.526649369244306, 14.13444645095235, 65.43779140128667, 0.5697661387086888, 2624.249995556212, 510.0, 769.9542414982282, 820.0781236113163, 54.666666666666664, 0.0, 1.05, 0.0, 792.4113277883406
3.06, 2.5, 16.0, jx-gp-055, 4.994519865671711, 48.95257111442006, 66.80194877602413, 0.5842031544420618, 2944.6305345777223, 510.0, 789.4637222190025, 920.1970420555382, 54.666666666666664, 0.0, 1.0, 0.0, 794.5535880915136
3.06, 3.0, 10.0, jx-gp-055, 5.318333624364293, 17.986924348136473, 68.86158212950315, 0.6044056750440602, 2720.219106072401, 510.0, 816.7644257352165, 850.0684706476252, 54.666666666666664, 0.0, 1.05, 0.0, 819.2915137339946
3.06, 3.0, 12.0, jx-gp-055, 5.228079831168882, 21.76371149733296, 69.99647471743435, 0.6257146405167288, 2780.6356660056035, 510.0, 845.5603250226064, 868.948645626751, 54.666666666666664, 0.0, 1.05, 0.0, 835.978139727275
3.06, 3.0, 14.0, jx-gp-055, 5.184649655291654, 27.424618685997093, 69.55262598427618, 0.6361704512066733, 2822.786008778161, 510.0, 859.6897989279369, 882.1206277431753, 54.666666666666664, 0.0, 1.05, 0.0, 845.5336493348892
3.06, 3.0, 16.0, jx-gp-055, 5.234314318911914, 32.88703328294538, 67.61659161090698, 0.5556166476317861, 2853.6547899636093, 510.0, 750.8333076105218, 891.767121863628, 54.666666666666664, 0.0, 1.05, 0.0, 810.8101503159523
3.06, 3.5, 8.0, jx-gp-055, 6.024880209679142, 12.22151262195029, 58.025693712204294, 0.5234132627594165, 2483.8619536618867, 510.0, 707.3152199451574, 776.2068605193396, 54.666666666666664, 0.0, 1.05, 0.0, 755.1327281625739
3.06, 3.5, 10.0, jx-gp-055, 5.715551742376263, 14.673779375228676, 62.92927255349314, 0.570225039533897, 2597.543937840363, 510.0, 770.5743777485096, 811.7324805751134, 54.666666666666664, 0.0, 1.05, 0.0, 789.7074004132679
3.06, 3.5, 12.0, jx-gp-055, 5.558837953219198, 16.799067712225362, 65.51712605292887, 0.5962391294741598, 2671.129428666025, 510.0, 805.7285533434591, 834.7279464581328, 54.666666666666664, 0.0, 1.05, 0.0, 810.0597749305573
3.06, 3.5, 14.0, jx-gp-055, 5.504701562564657, 20.11939391570361, 65.91732400279407, 0.6152932528376968, 2721.0758848356677, 510.0, 831.4773686995902, 850.3362140111462, 54.666666666666664, 0.0, 1.05, 0.0, 824.5347539487577
3.06, 3.5, 16.0, jx-gp-055, 5.528164719927091, 24.91867772539914, 64.3807182021041, 0.6121644284702744, 2757.818811861243, 510.0, 827.249227662533, 861.8183787066384, 54.666666666666664, 0.0, 1.05, 0.0, 827.0736622292101
3.5700000000000003, 1.5, 8.0, jx-gp-055, 5.034416862548331, 83.33129575921726, 52.28566955273153, 0.5962526491549724, 2994.6269140648456, 595.0000000000001, 805.7468231823952, 935.8209106452642, 54.666666666666664, 0.0, 0.0, 0.0, 0.0
3.5700000000000003, 1.5, 10.0, jx-gp-055, 5.008930874624696, 124.87210555881668, 44.8442924339856, 0.6197325628840923, 3026.5071963019645, 595.0000000000001, 837.4764363298544, 945.783498844364, 54.666666666666664, 0.0, 0.0, 0.0, 0.0
3.5700000000000003, 2.0, 8.0, jx-gp-055, 5.30776446630565, 40.48752233949071, 60.845495387026645, 0.5972950801265379, 2881.281559512651, 595.0000000000001, 807.1555136845107, 900.4004873477033, 54.666666666666664, 0.0, 1.0, 0.0, 822.1853336774047
3.5700000000000003, 2.0, 10.0, jx-gp-055, 5.2440656802073065, 55.21560122315786, 58.988831107678564, 0.5891264742902264, 2938.172620307636, 595.0000000000001, 796.1168571489546, 918.1789438461362, 54.666666666666664, 0.0, 1.0, 0.0, 824.4319336650302
3.5700000000000003, 2.0, 12.0, jx-gp-055, 5.2309431687725745, 73.64383179235222, 55.14772995136643, 0.602586797183697, 2973.0877649113972, 595.0000000000001, 814.3064826806717, 929.0899265348116, 54.666666666666664, 0.0, 0.0, 0.0, 0.0
3.5700000000000003, 1.5, 12.0, jx-gp-055, 5.037916795540536, 190.9766321097181, 32.4836633174217, 0.6302197541014231, 3046.3430070605505, 595.0000000000001, 851.6483163532744, 951.9821897064221, 54.666666666666664, 0.0, 0.0, 0.0, 0.0
3.5700000000000003, 1.5, 14.0, jx-gp-055, 5.342226650174344, 267.9712219284206, 15.901316583905729, 0.6234519108963008, 3053.858027243425, 595.0000000000001, 842.5025822922984, 954.3306335135703, 54.666666666666664, 0.0, 0.0, 0.0, 0.0
3.5700000000000003, 2.5, 8.0, jx-gp-055, 5.648033746749774, 25.760911967592516, 60.09078369057603, 0.5893619674245715, 2749.348384185384, 595.0000000000001, 796.4350911142858, 859.1713700579326, 54.666666666666664, 0.0, 1.05, 0.0, 845.1122614102766
3.5700000000000003, 2.0, 14.0, jx-gp-055, 5.303804179007825, 103.70325233513749, 47.70477535888683, 0.6042340001465624, 2994.8352365746796, 595.0000000000001, 816.5324326304897, 935.8860114295874, 54.666666666666664, 0.0, 0.0, 0.0, 0.0
3.5700000000000003, 1.5, 16.0, jx-gp-055, 5.3361280487817915, 269.7354300483405, 14.317711528082361, 0.6357925402668877, 3062.6165932617737, 595.0000000000001, 859.1791084687673, 957.0676853943042, 54.666666666666664, 0.0, 0.0, 0.0, 0.0
3.5700000000000003, 2.5, 10.0, jx-gp-055, 5.527072082670377, 34.11010939441071, 60.6621928299867, 0.6147953845843682, 2824.1734066372196, 595.0000000000001, 830.8045737626597, 882.5541895741312, 54.666666666666664, 0.0, 1.05, 0.0, 865.3255671678768
3.5700000000000003, 2.0, 16.0, jx-gp-055, 5.770460250720241, 210.67200527400385, 22.328041266060655, 0.6078229353865451, 2996.2418066290493, 595.0000000000001, 821.3823451169528, 936.3255645715778, 54.666666666666664, 0.0, 0.0, 0.0, 0.0
3.5700000000000003, 2.5, 14.0, jx-gp-055, 5.509709608462449, 56.10079432590382, 56.06510220758915, 0.5816577532101079, 2904.240487651612, 595.0000000000001, 786.0239908244702, 907.5751523911288, 54.666666666666664, 0.0, 1.0, 0.0, 817.5330477385329
3.5700000000000003, 2.5, 12.0, jx-gp-055, 5.487258313764173, 44.91240583769462, 58.855356561870586, 0.6077556693300019, 2871.6518326420287, 595.0000000000001, 821.2914450405431, 897.3911977006339, 54.666666666666664, 0.0, 1.0, 0.0, 825.8942142470589
3.5700000000000003, 3.0, 8.0, jx-gp-055, 6.069579895560096, 19.891118448017355, 55.35638300902156, 0.5428375387853933, 2611.363639750821, 595.0000000000001, 733.5642416018829, 816.0511374221315, 54.666666666666664, 0.0, 1.05, 0.0, 808.0153826584051
3.5700000000000003, 2.5, 16.0, jx-gp-055, 5.755345128829607, 84.46807726040834, 46.09111516957738, 0.5935853515734505, 2925.0234034292075, 595.0000000000001, 802.1423669911493, 914.0698135716273, 54.666666666666664, 0.0, 0.0, 0.0, 0.0
3.5700000000000003, 3.0, 10.0, jx-gp-055, 5.872632571732714, 24.20062427498523, 57.98840936578952, 0.5785269733174906, 2706.013851063952, 595.0000000000001, 781.7932071857981, 845.6293284574851, 54.666666666666664, 0.0, 1.05, 0.0, 835.2478874751491
3.5700000000000003, 3.0, 12.0, jx-gp-055, 5.790905094326776, 29.9375248458223, 58.24964493000619, 0.5959800213760941, 2765.214552042835, 595.0000000000001, 805.378407264992, 864.1295475133859, 54.666666666666664, 0.0, 1.05, 0.0, 849.9777841724323
3.5700000000000003, 3.0, 14.0, jx-gp-055, 5.7773170237127065, 39.49378578374078, 56.395922675083106, 0.6063326757753781, 2805.6838362599688, 595.0000000000001, 819.368480777538, 876.7761988312402, 54.666666666666664, 0.0, 1.05, 0.0, 859.3006378630726
3.5700000000000003, 3.0, 16.0, jx-gp-055, 5.866771161017177, 50.97712692128326, 52.47702910927413, 0.5927602672479789, 2835.266576565722, 595.0000000000001, 801.0273881729446, 886.0208051767881, 54.666666666666664, 0.0, 1.0, 0.0, 815.3493977832443
3.5700000000000003, 3.5, 8.0, jx-gp-055, 6.5784686307317735, 16.00951716199425, 50.341153121368095, 0.49977902114348416, 2475.595896990209, 595.0000000000001, 675.3770555993029, 773.6237178094402, 54.666666666666664, 0.0, 1.05, 0.0, 772.80027069306
3.5700000000000003, 3.5, 10.0, jx-gp-055, 6.289034900271001, 20.09145556220056, 53.666663736922786, 0.5379455390392007, 2586.6200873255516, 595.0000000000001, 726.9534311340551, 808.3187772892348, 54.666666666666664, 0.0, 1.05, 0.0, 802.9952729481515
3.5700000000000003, 3.5, 12.0, jx-gp-055, 6.142268479534989, 23.96679619217707, 55.222376180129636, 0.5643403527271618, 2658.6727397435957, 595.0000000000001, 762.6220982799483, 830.8352311698736, 54.666666666666664, 0.0, 1.05, 0.0, 823.3600653074378
3.5700000000000003, 3.5, 14.0, jx-gp-055, 6.088132088880448, 29.23383954158475, 54.417847588112764, 0.5761925058599809, 2707.7684968461663, 595.0000000000001, 778.6385214324067, 846.177655264427, 54.666666666666664, 0.0, 1.05, 0.0, 834.3356618438918
3.5700000000000003, 3.5, 16.0, jx-gp-055, 6.146411035716564, 37.5852087088684, 52.42111616109269, 0.5821084121249556, 2743.152443227195, 595.0000000000001, 786.632989358048, 857.2351385084984, 54.666666666666664, 0.0, 1.05, 0.0, 841.0038447532913
4.08, 1.5, 8.0, jx-gp-055, 5.570242125706225, 129.71989539355292, 34.83093026466664, 0.5987588225915362, 2954.269321695871, 680.0, 809.1335440426166, 923.2091630299598, 54.666666666666664, 0.0, 0.0, 0.0, 0.0
4.08, 2.0, 8.0, jx-gp-055, 5.845958150516176, 57.97978237281956, 47.63155309751097, 0.5637573576815991, 2855.126099983235, 680.0, 761.834267137296, 892.2269062447609, 54.666666666666664, 0.0, 1.0, 0.0, 832.687057794019
4.08, 1.5, 10.0, jx-gp-055, 5.556835085151011, 210.22875324733502, 22.52603156522756, 0.6000887529368159, 2984.434091283431, 680.0, 810.9307472119133, 932.6356535260721, 54.666666666666664, 0.0, 0.0, 0.0, 0.0
4.08, 2.0, 10.0, jx-gp-055, 5.792680417049411, 81.03261745050635, 44.0739151646618, 0.5874069817293346, 2910.4413022523418, 680.0, 793.7932185531548, 909.5129069538567, 54.666666666666664, 0.0, 0.0, 0.0, 0.0
4.08, 1.5, 12.0, jx-gp-055, 5.61566311133001, 251.9129590264605, 15.522021168693827, 0.6098766249591637, 3007.234699369117, 680.0, 824.1576012961672, 939.7608435528491, 54.666666666666664, 0.0, 0.0, 0.0, 0.0
4.08, 1.5, 14.0, jx-gp-055, 5.907894018595396, 239.6008404650368, 12.231800762005669, 0.6098659165075847, 3009.0062921757585, 680.0, 824.143130415655, 940.3144663049246, 54.666666666666664, 0.0, 0.0, 0.0, 0.0
4.08, 1.5, 16.0, jx-gp-055, 5.898953311939685, 241.15718529813307, 10.450887447791658, 0.6011151316266472, 3007.191792059768, 680.0, 812.3177454414151, 939.7474350186775, 54.666666666666664, 0.0, 0.0, 0.0, 0.0
4.08, 2.0, 12.0, jx-gp-055, 5.799452642456785, 116.77520926288032, 37.393699830479754, 0.588135524366144, 2942.226723522437, 680.0, 794.7777356299245, 919.4458511007616, 54.666666666666664, 0.0, 0.0, 0.0, 0.0
4.08, 2.0, 14.0, jx-gp-055, 6.0011557579551935, 193.11090546921483, 22.139944125310798, 0.5970180924740143, 2959.7487276482593, 680.0, 806.7812060459652, 924.921477390081, 54.666666666666664, 0.0, 0.0, 0.0, 0.0
4.08, 2.5, 8.0, jx-gp-055, 6.198069536223458, 37.018749221038874, 49.506610162785854, 0.5659084346683814, 2729.2359681194052, 680.0, 764.741127930245, 852.8862400373141, 54.666666666666664, 0.0, 1.05, 0.0, 861.5695787886457
4.08, 2.0, 16.0, jx-gp-055, 6.356022355983398, 217.95307439239824, 14.891458214422096, 0.6019564204824447, 2960.9898410675023, 680.0, 813.4546222735739, 925.3093253335944, 54.666666666666664, 0.0, 0.0, 0.0, 0.0
4.08, 2.5, 10.0, jx-gp-055, 6.087765766880903, 48.081398320197074, 48.51875417679718, 0.5331203446670607, 2803.257277560935, 680.0, 720.4328981987308, 876.0178992377921, 54.666666666666664, 0.0, 1.0, 0.0, 813.4835991455076
4.08, 2.5, 12.0, jx-gp-055, 6.0550572611325935, 63.86562696608829, 45.69634878135908, 0.5548950112824909, 2849.955067564605, 680.0, 749.8581233547173, 890.6109586139391, 54.666666666666664, 0.0, 0.0, 0.0, 0.0
4.08, 3.0, 8.0, jx-gp-055, 6.61961568503378, 26.70599977182132, 47.12091458926771, 0.5256279587802777, 2596.1090023778447, 680.0, 710.3080524057807, 811.2840632430765, 54.666666666666664, 0.0, 1.05, 0.0, 827.9572404771001
4.08, 2.5, 14.0, jx-gp-055, 6.110666450567711, 87.0665860133275, 40.403568980319335, 0.575288363076169, 2880.179394589684, 680.0, 777.4167068596879, 900.0560608092762, 54.666666666666664, 0.0, 0.0, 0.0, 0.0
4.08, 3.0, 10.0, jx-gp-055, 6.426931519101135, 34.79760327249506, 48.23443022061908, 0.5561050109081765, 2689.728503127696, 680.0, 751.4932579840223, 840.540157227405, 54.666666666666664, 0.0, 1.05, 0.0, 852.6116953239996
4.08, 3.0, 12.0, jx-gp-055, 6.357993515379407, 42.84274869212019, 47.73350535232022, 0.5740198478265959, 2747.7033204362033, 680.0, 775.7024970629674, 858.6572876363135, 54.666666666666664, 0.0, 1.0, 0.0, 826.1199282330936
4.08, 2.5, 16.0, jx-gp-055, 6.856038813040132, 192.13690651432796, 14.636470422131692, 0.5752075722748897, 2890.363001949166, 680.0, 777.3075301012022, 903.2384381091143, 54.666666666666664, 0.0, 0.0, 0.0, 0.0
4.08, 3.0, 14.0, jx-gp-055, 6.367142286870601, 56.724514750781125, 44.60272575770419, 0.544547598536017, 2787.64829558961, 680.0, 735.8751331567797, 871.1400923717531, 54.666666666666664, 0.0, 1.0, 0.0, 817.0050751761776
4.08, 3.5, 8.0, jx-gp-055, 7.122109683363352, 21.90273066335327, 43.2338771607391, 0.48132664339366404, 2465.8213369288524, 680.0, 650.4414099914379, 770.5691677902664, 54.666666666666664, 0.0, 1.05, 0.0, 792.7537022235965
4.08, 3.5, 10.0, jx-gp-055, 6.83267595290258, 26.640633597946362, 45.521784707724564, 0.5177647841480518, 2573.668986844667, 680.0, 699.6821407406106, 804.2715583889584, 54.666666666666664, 0.0, 1.05, 0.0, 821.7837946953492
4.08, 3.0, 16.0, jx-gp-055, 6.557491161017177, 80.02376627810187, 37.66151404500548, 0.5572156789036298, 2815.1490087231114, 680.0, 752.9941606805808, 879.7340652259722, 54.666666666666664, 0.0, 0.0, 0.0, 0.0
4.08, 3.5, 12.0, jx-gp-055, 6.715751637429726, 33.80832965830934, 45.60672500823515, 0.5393634894997178, 2644.5408268010683, 680.0, 728.8695804050241, 826.4190083753338, 54.666666666666664, 0.0, 1.05, 0.0, 839.7510060731252
4.08, 3.5, 14.0, jx-gp-055, 6.688141562564658, 42.712684827553794, 44.21107485854393, 0.5523254898579814, 2692.3968486035656, 680.0, 746.3857971053802, 841.3740151886143, 54.666666666666664, 0.0, 1.0, 0.0, 810.5866040979981
4.08, 3.5, 16.0, jx-gp-055, 6.804446825190249, 56.35088084740317, 40.15017258680932, 0.5560775098033727, 2726.794664846168, 680.0, 751.4560943288819, 852.1233327644275, 54.666666666666664, 0.0, 1.0, 0.0, 815.859809031103
4.59, 1.5, 8.0, jx-gp-055, 6.116014757285173, 216.71726775488412, 14.844105844589366, 0.5784297964043623, 2911.937202639414, 765.0, 781.661887032922, 909.9803758248169, 54.666666666666664, 0.0, 0.0, 0.0, 0.0
4.59, 1.5, 10.0, jx-gp-055, 6.111134032519432, 226.28263781210003, 13.744944597520847, 0.5971097837486394, 2946.2300129274195, 765.0, 806.9051131738371, 920.6968790398186, 54.666666666666664, 0.0, 0.0, 0.0, 0.0
4.59, 2.0, 8.0, jx-gp-055, 6.397414992621439, 85.65689137260213, 35.09893249978106, 0.5642889657599245, 2825.948263364273, 765.0, 762.5526564323304, 883.1088323013352, 54.666666666666664, 0.0, 0.0, 0.0, 0.0
4.59, 2.0, 10.0, jx-gp-055, 6.3441372591546745, 126.02439111562015, 28.979052483341952, 0.5636686074626814, 2879.0302080406254, 765.0, 761.7143344090289, 899.6969400126954, 54.666666666666664, 0.0, 0.0, 0.0, 0.0
4.59, 1.5, 12.0, jx-gp-055, 6.430014690277378, 217.43373486284426, 10.918632440074896, 0.5809068622363472, 2950.4772724974587, 765.0, 785.0092732923612, 922.0241476554559, 54.666666666666664, 0.0, 0.0, 0.0, 0.0
4.59, 1.5, 14.0, jx-gp-055, 6.466456123858554, 217.08853529624068, 8.93491759564024, 0.5758057178250301, 2956.2712677505965, 765.0, 778.1158348986894, 923.8347711720614, 54.666666666666664, 0.0, 0.0, 0.0, 0.0
4.59, 1.5, 16.0, jx-gp-055, 6.456094364571264, 218.4611730050927, 6.933792059991594, 0.6034927203417108, 2966.0199632612644, 765.0, 815.5307031644741, 926.8812385191451, 54.666666666666664, 0.0, 0.0, 0.0, 0.0
4.59, 2.0, 12.0, jx-gp-055, 6.370804221404153, 192.17991418725492, 18.263604604934542, 0.582910449289846, 2908.551115608684, 765.0, 787.7168233646569, 908.9222236277138, 54.666666666666664, 0.0, 0.0, 0.0, 0.0
4.59, 2.0, 14.0, jx-gp-055, 6.91071786321835, 193.43238729580705, 13.128253155151986, 0.5731734090755979, 2908.9621157979636, 765.0, 774.5586609129701, 909.0506611868636, 54.666666666666664, 0.0, 0.0, 0.0, 0.0
4.59, 2.5, 8.0, jx-gp-055, 6.744552694118195, 51.282875156112155, 39.380184904282935, 0.5426817750242142, 2707.1042079559143, 765.0, 733.3537500327219, 845.9700649862232, 54.666666666666664, 0.0, 1.0, 0.0, 836.1079383396484
4.59, 2.0, 16.0, jx-gp-055, 6.9245318296676075, 194.1302932780553, 12.583770810607348, 0.5909977950405734, 2925.7957584401274, 765.0, 798.6456689737478, 914.3111745125399, 54.666666666666664, 0.0, 0.0, 0.0, 0.0
4.59, 2.5, 10.0, jx-gp-055, 6.637801556354587, 69.42878008036432, 37.22436042981939, 0.5280611595636556, 2780.5439797555528, 765.0, 713.5961615725076, 868.9199936736103, 54.666666666666664, 0.0, 0.0, 0.0, 0.0
4.59, 2.5, 12.0, jx-gp-055, 6.626408840079962, 95.06631483724783, 32.81269533394402, 0.5501568103199722, 2825.903160948246, 765.0, 743.4551490810436, 883.0947377963269, 54.666666666666664, 0.0, 0.0, 0.0, 0.0
4.59, 3.0, 8.0, jx-gp-055, 7.173914632402202, 37.37650249686465, 38.92807745060059, 0.5060712448987437, 2583.66828693693, 765.0, 683.8800606739779, 807.3963396677906, 54.666666666666664, 0.0, 1.05, 0.0, 847.0967401196189
4.59, 3.0, 10.0, jx-gp-055, 6.989756782259029, 48.06118441298453, 39.15055467544809, 0.5344649364099006, 2671.281431534832, 765.0, 722.2499140674332, 834.7754473546349, 54.666666666666664, 0.0, 1.0, 0.0, 828.6751204740227
4.59, 3.0, 12.0, jx-gp-055, 6.925081936432039, 62.41027532595905, 37.094966339651386, 0.548919318673859, 2728.625938542196, 765.0, 741.7828630727824, 852.6956057944362, 54.666666666666664, 0.0, 0.0, 0.0, 0.0
4.59, 2.5, 14.0, jx-gp-055, 6.724649608462448, 140.9132432022928, 23.86442155707219, 0.5643372259853623, 2853.8332716691175, 765.0, 762.6178729531922, 891.8228973965992, 54.666666666666664, 0.0, 0.0, 0.0, 0.0
4.59, 2.5, 16.0, jx-gp-055, 7.485416707776974, 171.27398328446066, 12.752516834980373, 0.5672523012735715, 2859.696237882253, 765.0, 766.5571638832048, 893.6550743382041, 54.666666666666664, 0.0, 0.0, 0.0, 0.0
4.59, 3.5, 8.0, jx-gp-055, 7.6955928412580885, 30.91303445457795, 35.85295116151112, 0.46625912999902147, 2453.8574171102437, 765.0, 630.0799054040831, 766.8304428469512, 54.666666666666664, 0.0, 1.05, 0.0, 814.0686218878622
4.59, 3.0, 14.0, jx-gp-055, 6.972599128975864, 84.81126338877645, 32.287037383092425, 0.5283677335940071, 2767.5118069848872, 765.0, 714.0104508027124, 864.8474396827773, 54.666666666666664, 0.0, 0.0, 0.0, 0.0
4.59, 3.5, 10.0, jx-gp-055, 7.40118542658679, 38.16618628889364, 37.37491820798758, 0.4994820330263448, 2559.240091938346, 765.0, 674.9757203058714, 799.762528730733, 54.666666666666664, 0.0, 1.05, 0.0, 841.3083871628115
4.59, 3.5, 12.0, jx-gp-055, 7.289234795324463, 47.7242821788699, 36.75036288682237, 0.520322751726728, 2628.8226143654506, 765.0, 703.1388536847676, 821.5070669892033, 54.666666666666664, 0.0, 1.0, 0.0, 817.8819735579902
4.59, 3.0, 16.0, jx-gp-055, 8.055369055754019, 150.21755209818127, 12.099751283577763, 0.5377284684617394, 2782.3354474624925, 765.0, 726.660092515864, 869.4798273320289, 54.666666666666664, 0.0, 0.0, 0.0, 0.0
4.59, 3.5, 14.0, jx-gp-055, 7.291466825722552, 62.208465025733105, 34.01503487162534, 0.5294259052460374, 2675.5926737852665, 765.0, 715.4404124946451, 836.1227105578957, 54.666666666666664, 0.0, 0.0, 0.0, 0.0
4.59, 3.5, 16.0, jx-gp-055, 7.522166825190249, 93.67674073884719, 25.66578467534325, 0.5230723976449169, 2708.832768236151, 765.0, 706.8545914120499, 846.5102400737971, 54.666666666666664, 0.0, 0.0, 0.0, 0.0
5.1, 1.5, 10.0, jx-gp-055, 6.663301400940485, 205.42973587191682, 11.049160813464516, 0.5750395375680865, 2903.088185541562, 850.0, 777.0804561730897, 907.215057981738, 54.666666666666664, 0.0, 0.0, 0.0, 0.0
5.1, 1.5, 8.0, jx-gp-055, 6.651129494127278, 203.45653830795376, 11.906458027754718, 0.5669556358060153, 2871.1100101285924, 850.0, 766.1562646027234, 897.2218781651852, 54.666666666666664, 0.0, 0.0, 0.0, 0.0
5.1, 1.5, 12.0, jx-gp-055, 7.021261006066851, 195.28325931640248, 8.024401449157654, 0.5753260238523787, 2893.0988892858204, 850.0, 777.4675998005118, 904.0934029018189, 54.666666666666664, 0.0, 0.0, 0.0, 0.0
5.1, 2.0, 8.0, jx-gp-055, 6.934661308410913, 128.5628705753329, 22.087621315979053, 0.5469758883184532, 2794.515176806614, 850.0, 739.1566058357477, 873.2859927520668, 54.666666666666664, 0.0, 0.0, 0.0, 0.0
5.1, 1.5, 14.0, jx-gp-055, 7.020755071226975, 196.3076405789541, 5.910264916171978, 0.5802831228804629, 2905.3825233984503, 850.0, 784.1663822708958, 907.9320385620157, 54.666666666666664, 0.0, 0.0, 0.0, 0.0
5.1, 1.5, 16.0, jx-gp-055, 7.01678804878179, 197.21495484817507, 3.6592827848584633, 0.5833867741868558, 2908.4507272189944, 850.0, 788.3605056579133, 908.8908522559358, 54.666666666666664, 0.0, 0.0, 0.0, 0.0
5.1, 2.0, 10.0, jx-gp-055, 6.895594101259937, 189.58825444893674, 13.37220351512422, 0.5615544076638543, 2844.5310223572496, 850.0, 758.8573076538572, 888.9159444866405, 54.666666666666664, 0.0, 0.0, 0.0, 0.0
5.1, 2.0, 12.0, jx-gp-055, 6.9487873792988895, 192.7113267859224, 13.156127007782667, 0.5645206249075162, 2871.903837094529, 850.0, 762.8657093344814, 897.4699490920403, 54.666666666666664, 0.0, 0.0, 0.0, 0.0
5.1, 2.0, 14.0, jx-gp-055, 7.50764838953414, 173.22154986166257, 11.083622512929578, 0.5704018224702027, 2875.327339053859, 850.0, 770.813273608382, 898.539793454331, 54.666666666666664, 0.0, 0.0, 0.0, 0.0
5.1, 2.5, 8.0, jx-gp-055, 7.2839305888550365, 73.95523367087266, 29.2891973205601, 0.5209721384189884, 2683.45613311032, 850.0, 704.0164032689032, 838.5800415969751, 54.666666666666664, 0.0, 0.0, 0.0, 0.0
5.1, 2.0, 16.0, jx-gp-055, 7.493988671772872, 174.72785779533078, 10.493080369456505, 0.576824063325414, 2893.117611271715, 850.0, 779.4919774667758, 904.0992535224109, 54.666666666666664, 0.0, 0.0, 0.0, 0.0
5.1, 2.5, 10.0, jx-gp-055, 7.194942608986166, 104.14077858220128, 25.248791554586614, 0.5265580331677001, 2755.9151931847973, 850.0, 711.5649096860813, 861.2234978702492, 54.666666666666664, 0.0, 0.0, 0.0, 0.0
5.1, 3.0, 8.0, jx-gp-055, 7.728213579770622, 53.40410225204643, 30.417940614609545, 0.4867418814255337, 2564.6830584790614, 850.0, 657.7592992236943, 801.4634557747066, 54.666666666666664, 0.0, 1.0, 0.0, 824.407584999467
5.1, 2.5, 12.0, jx-gp-055, 7.195391997974698, 155.10945663698473, 17.05886087250277, 0.5546238298585918, 2799.580267798643, 850.0, 749.4916619710701, 874.868833687076, 54.666666666666664, 0.0, 0.0, 0.0, 0.0
5.1, 3.0, 10.0, jx-gp-055, 7.54405572962745, 69.0924390855217, 29.108255365207548, 0.5120038398702588, 2651.465045982332, 850.0, 691.897080905755, 828.5828268694787, 54.666666666666664, 0.0, 0.0, 0.0, 0.0
5.1, 2.5, 14.0, jx-gp-055, 7.420343292672975, 171.80761915872372, 12.948583095265423, 0.5545110333907991, 2823.0430657375023, 850.0, 749.3392343118907, 882.2009580429694, 54.666666666666664, 0.0, 0.0, 0.0, 0.0
5.1, 2.5, 16.0, jx-gp-055, 8.07453144461908, 153.05558648910096, 11.286456097359219, 0.5509592503251992, 2827.6595058715598, 850.0, 744.5395274664855, 883.6435955848625, 54.666666666666664, 0.0, 0.0, 0.0, 0.0
5.1, 3.0, 12.0, jx-gp-055, 7.502117725905723, 94.11520723534836, 24.957107446649868, 0.52493701204339, 2708.0197373746337, 850.0, 709.3743405991758, 846.2561679295729, 54.666666666666664, 0.0, 0.0, 0.0, 0.0
5.1, 3.5, 8.0, jx-gp-055, 8.239233893889669, 44.65522444507839, 28.537784494283812, 0.45002087503189003, 2442.1390548619215, 850.0, 608.1363176106622, 763.1684546443504, 54.666666666666664, 0.0, 1.0, 0.0, 795.1015907516709
5.1, 3.0, 14.0, jx-gp-055, 7.5865822868706, 140.68783931598762, 16.854016006068782, 0.5371788974279121, 2745.5295256482996, 850.0, 725.917428956638, 857.9779767650937, 54.666666666666664, 0.0, 0.0, 0.0, 0.0
5.1, 3.5, 10.0, jx-gp-055, 7.9647212160604735, 54.830498808424615, 28.962454091399852, 0.48035491222816845, 2543.4484769644596, 850.0, 649.1282597677953, 794.8276490513937, 54.666666666666664, 0.0, 1.0, 0.0, 819.318636273063
5.1, 3.5, 12.0, jx-gp-055, 7.874323216377093, 70.2719300947681, 27.02613218778223, 0.49762032446168086, 2611.5544674642647, 850.0, 672.4598979211904, 816.1107710825827, 54.666666666666664, 0.0, 0.0, 0.0, 0.0
5.1, 3.0, 16.0, jx-gp-055, 8.741825897859282, 132.57760060893898, 10.717386322083641, 0.5401594578624174, 2754.6901884851513, 850.0, 729.9452133275911, 860.8406839016097, 54.666666666666664, 0.0, 0.0, 0.0, 0.0
5.1, 3.5, 14.0, jx-gp-055, 7.904739457301499, 98.18974535296624, 21.641785090187792, 0.5108156563631031, 2657.6324113030605, 850.0, 690.2914275177069, 830.5101285322064, 54.666666666666664, 0.0, 0.0, 0.0, 0.0
5.1, 3.5, 16.0, jx-gp-055, 9.340728930453405, 115.54719801860576, 10.060015846124871, 0.5146481465524928, 2677.257927275592, 850.0, 695.4704683141795, 836.6431022736225, 54.666666666666664, 0.0, 0.0, 0.0, 0.0
5.61, 1.5, 8.0, jx-gp-055, 7.194770546758857, 184.65306437391467, 9.700459058383197, 0.5585500483419028, 2825.616745253508, 935.0, 754.7973626241929, 883.0052328917212, 54.666666666666664, 0.0, 0.0, 0.0, 0.0
5.61, 1.5, 10.0, jx-gp-055, 7.221863506203643, 185.64575209446795, 8.635720242118564, 0.5622179750395787, 2848.818567645837, 935.0, 759.7540203237551, 890.2558023893241, 54.666666666666664, 0.0, 0.0, 0.0, 0.0
5.61, 1.5, 12.0, jx-gp-055, 7.588349427119484, 172.98367051695357, 5.480884550397212, 0.558587662393746, 2839.224487743139, 935.0, 754.848192423981, 887.2576524197309, 54.666666666666664, 0.0, 0.0, 0.0, 0.0
5.61, 1.5, 14.0, jx-gp-055, 7.577185597542765, 174.19932389010347, 3.1003613978762985, 0.5662887438093575, 2844.359384078285, 935.0, 765.2550592018345, 888.8623075244641, 54.666666666666664, 0.0, 0.0, 0.0, 0.0
5.61, 2.0, 8.0, jx-gp-055, 7.488960255779334, 167.44526864037874, 11.518187667693404, 0.5398858594147027, 2759.8853360906805, 935.0, 729.5754856955442, 862.4641675283377, 54.666666666666664, 0.0, 0.0, 0.0, 0.0
5.61, 1.5, 16.0, jx-gp-055, 7.65421857509758, 174.49167469989453, -0.15416691095706106, 0.5617404276717477, 2833.6636617801664, 935.0, 759.1086860429024, 885.519894306302, 54.666666666666664, 0.0, 0.0, 0.0, 0.0
5.61, 2.0, 10.0, jx-gp-055, 7.449893048628359, 171.70214886327116, 11.627450671849276, 0.5500806990857301, 2807.0669657925755, 935.0, 743.3522960617975, 877.2084268101798, 54.666666666666664, 0.0, 0.0, 0.0, 0.0
5.61, 2.0, 12.0, jx-gp-055, 7.551402116140996, 170.01585338023048, 11.235873514624814, 0.558437649525082, 2832.728635557054, 935.0, 754.645472331192, 885.2276986115794, 54.666666666666664, 0.0, 0.0, 0.0, 0.0
5.61, 2.0, 14.0, jx-gp-055, 8.081842073744667, 155.0667650898272, 9.215835101792855, 0.5671707675537793, 2841.039965681134, 935.0, 766.4469831807827, 887.8249892753545, 54.666666666666664, 0.0, 0.0, 0.0, 0.0
5.61, 2.5, 8.0, jx-gp-055, 7.8446242730655635, 112.00402481528818, 18.01443669149109, 0.500855967017885, 2657.7976011871074, 935.0, 676.8323878620068, 830.561750370971, 54.666666666666664, 0.0, 0.0, 0.0, 0.0
5.61, 2.0, 16.0, jx-gp-055, 8.068182355983398, 156.3569550788825, 8.422845869245945, 0.5662593887632137, 2855.672014133783, 935.0, 765.215390220559, 892.397504416807, 54.666666666666664, 0.0, 0.0, 0.0, 0.0
5.61, 2.5, 10.0, jx-gp-055, 7.755636293196693, 157.97580732405874, 11.977593728076739, 0.5308588766508534, 2729.3867417124393, 935.0, 717.3768603389912, 852.9333567851373, 54.666666666666664, 0.0, 0.0, 0.0, 0.0
5.61, 2.5, 12.0, jx-gp-055, 7.773848840079962, 159.90896222183446, 11.997869697922534, 0.5448107151534076, 2770.6190726723426, 935.0, 736.2306961532536, 865.818460210107, 54.666666666666664, 0.0, 0.0, 0.0, 0.0
5.61, 3.0, 8.0, jx-gp-055, 8.269723053454832, 77.85928935149606, 21.422825477575138, 0.4757377658326389, 2545.1620895511437, 935.0, 642.8888727468093, 795.3631529847324, 54.666666666666664, 0.0, 0.0, 0.0, 0.0
5.61, 2.5, 14.0, jx-gp-055, 8.624063292672975, 138.13675617822256, 10.032218059866262, 0.5466911898383604, 2774.9386087651037, 935.0, 738.7718781599465, 867.1683152390949, 54.666666666666664, 0.0, 0.0, 0.0, 0.0
5.61, 2.5, 16.0, jx-gp-055, 8.663646181461186, 137.87816320344982, 9.885169383357617, 0.53998769872628, 2792.2800175809834, 935.0, 729.713106386865, 872.5875054940573, 54.666666666666664, 0.0, 0.0, 0.0, 0.0
5.61, 3.0, 10.0, jx-gp-055, 8.111144150680083, 108.2188017654982, 17.61066879388929, 0.49936024213970837, 2630.503899781827, 935.0, 674.8111380266329, 822.0324686818209, 54.666666666666664, 0.0, 0.0, 0.0, 0.0
5.61, 3.0, 12.0, jx-gp-055, 8.094785094326776, 144.8045571816085, 11.78273001197103, 0.5171788066926968, 2685.967121358331, 935.0, 698.890279314455, 839.3647254244784, 54.666666666666664, 0.0, 0.0, 0.0, 0.0
5.61, 3.0, 14.0, jx-gp-055, 8.243197023712707, 144.3805038544343, 11.534412339629169, 0.5289293516139029, 2721.093004452661, 935.0, 714.7693940728418, 850.3415638914564, 54.666666666666664, 0.0, 0.0, 0.0, 0.0
5.61, 3.5, 8.0, jx-gp-055, 8.782874946521247, 65.33561860805412, 20.4512265351841, 0.4387832626705356, 2424.358995114296, 935.0, 592.9503549601832, 757.6121859732174, 54.666666666666664, 0.0, 0.0, 0.0, 0.0
5.61, 3.5, 10.0, jx-gp-055, 8.533230689744684, 83.85176872717811, 19.304530922740213, 0.46946031276122546, 2530.4521226316015, 935.0, 634.4058280557101, 790.7662883223754, 54.666666666666664, 0.0, 0.0, 0.0, 0.0
5.61, 3.0, 16.0, jx-gp-055, 9.355809055754019, 117.69738208383936, 9.577267690044359, 0.5306818789135931, 2725.841440458607, 935.0, 717.1376742075582, 851.8254501433147, 54.666666666666664, 0.0, 0.0, 0.0, 0.0
5.61, 3.5, 12.0, jx-gp-055, 8.447806374271831, 113.46165213258547, 14.605495024602845, 0.48726513694012996, 2593.367702413295, 935.0, 658.4664012704459, 810.4274070041547, 54.666666666666664, 0.0, 0.0, 0.0, 0.0
5.61, 3.5, 14.0, jx-gp-055, 8.537906825722553, 131.52715967075787, 11.21526758056247, 0.5018782906035719, 2638.276351810252, 935.0, 678.2139062210432, 824.4613599407037, 54.666666666666664, 0.0, 0.0, 0.0, 0.0
5.61, 3.5, 16.0, jx-gp-055, 10.14797524624288, 97.6138572512095, 8.88082990779118, 0.5035195153597211, 2650.6148995569743, 935.0, 680.4317775131366, 828.3171561115545, 54.666666666666664, 0.0, 0.0, 0.0, 0.0
