1.02, 2.0, 14.0, ag19, 2.509110245429593, 12.65940149164223, 100.0, 0.627431698510835, 3071.9371331965376, 170.0, 847.8806736632906, 959.9803541239179, 54.666666666666664, 0.0, 1.05, 0.0, 749.651359725523
1.02, 1.5, 8.0, ag19, 2.3541260441810588, 10.395017729321893, 100.0, 0.6829062977474164, 3083.9173707530135, 170.0, 922.8463483073194, 963.7241783603167, 54.666666666666664, 0.0, 1.05, 0.0, 777.1996843336725
1.02, 2.0, 12.0, ag19, 2.5034356100314827, 12.85220072275284, 100.0, 0.6645112565059113, 3043.9055615920524, 170.0, 897.9881844674476, 951.2204879975163, 54.666666666666664, 0.0, 1.05, 0.0, 764.1230353627374
1.02, 1.5, 14.0, ag19, 2.446840259905009, 28.33876329989642, 100.0, 0.6603672625555966, 3173.113841403489, 170.0, 892.3881926426982, 991.5980754385903, 54.666666666666664, 0.0, 1.05, 0.0, 776.2951938284509
1.02, 2.0, 8.0, ag19, 2.615041607921727, 5.743982248544591, 100.0, 0.6420746789589619, 2932.000300508471, 170.0, 867.6684850796781, 916.2500939088972, 54.666666666666664, 0.0, 1.05, 0.0, 741.2715026460014
1.02, 2.0, 10.0, ag19, 2.533503428615985, 9.084016505092524, 100.0, 0.6570800914404801, 3001.3757485963656, 170.0, 887.9460695141622, 937.9299214363642, 54.666666666666664, 0.0, 1.05, 0.0, 755.9565968326843
1.02, 1.5, 10.0, ag19, 2.3152303975782615, 14.757134700548146, 100.0, 0.6808910437116891, 3130.21610770849, 170.0, 920.1230320428232, 978.1925336589031, 54.666666666666664, 0.0, 1.05, 0.0, 781.3104479956041
1.02, 1.5, 12.0, ag19, 2.312303004274988, 19.381246582543085, 100.0, 0.6636430459382562, 3157.8182713902374, 170.0, 896.8149269435894, 986.8182098094492, 54.666666666666664, 0.0, 1.05, 0.0, 776.1715978635634
1.02, 2.0, 16.0, ag19, 2.849823969033526, 22.68797726219513, 100.0, 0.6339874509502769, 3089.5250316115757, 170.0, 856.7397985814553, 965.4765723786174, 54.666666666666664, 0.0, 1.05, 0.0, 754.6757298360254
1.02, 1.5, 16.0, ag19, 2.523195140333014, 38.55968399716413, 100.0, 0.6773269460441166, 3183.8877187514017, 170.0, 915.3066838434007, 994.964912109813, 54.666666666666664, 0.0, 1.05, 0.0, 785.4950585836247
1.02, 2.5, 12.0, ag19, 2.7504474900733227, 7.745600343140686, 100.0, 0.6597762290153055, 2926.432446527761, 170.0, 891.5894986693318, 914.5101395399253, 54.666666666666664, 0.0, 1.05, 0.0, 749.03487337324
1.02, 2.5, 8.0, ag19, 2.9593569121038428, 4.6038242513920515, 100.0, 0.6342212460789222, 2740.663576586768, 170.0, 857.0557379444894, 856.457367683365, 54.666666666666664, 0.0, 1.05, 0.0, 716.629586969749
1.02, 2.5, 16.0, ag19, 2.7759812018520087, 14.09179993266089, 100.0, 0.6779418975363521, 2991.696316864276, 170.0, 916.1376993734489, 934.9050990200863, 54.666666666666664, 0.0, 1.05, 0.0, 764.7649794377372
1.02, 2.5, 10.0, ag19, 2.810225143506305, 7.600272502951748, 100.0, 0.6450866679913524, 2868.258170025445, 170.0, 871.7387405288547, 896.3306781329516, 54.666666666666664, 0.0, 1.05, 0.0, 735.7242965316321
1.02, 2.5, 14.0, ag19, 2.730387179351724, 10.922913066085169, 100.0, 0.6689193321921184, 2964.4289799414573, 170.0, 903.9450435028627, 926.3840562317055, 54.666666666666664, 0.0, 1.05, 0.0, 757.5151849070988
1.02, 3.0, 8.0, ag19, 3.371585043143639, 5.472478283712392, 100.0, 0.6318566637450149, 2593.7281698242823, 170.0, 853.8603564121823, 810.5400530700882, 54.666666666666664, 0.0, 1.05, 0.0, 699.4401433187946
1.02, 3.0, 10.0, ag19, 3.1536832951259255, 6.074263096134668, 100.0, 0.6381697775470184, 2688.3626776342876, 170.0, 862.3915912797546, 840.1133367607149, 54.666666666666664, 0.0, 1.05, 0.0, 712.7767248141644
1.02, 3.0, 14.0, ag19, 3.0090451468458954, 9.095890280615748, 100.0, 0.6624596418309977, 2857.5260631888023, 170.0, 895.2157322040509, 892.9768947465008, 54.666666666666664, 0.0, 1.05, 0.0, 742.767419432693
1.02, 3.0, 12.0, ag19, 3.048039402948795, 6.337356216660137, 100.0, 0.6530623700126329, 2808.398402620183, 170.0, 882.5167162332876, 877.6245008188072, 54.666666666666664, 0.0, 1.05, 0.0, 732.9494259682332
1.02, 3.0, 16.0, ag19, 3.0204711061694374, 11.978538999815559, 100.0, 0.6688731443320329, 2891.8712454409565, 170.0, 903.8826274757201, 903.709764200299, 54.666666666666664, 0.0, 1.05, 0.0, 749.5573370866068
1.02, 3.5, 8.0, ag19, 3.8760285611415375, 5.535348214633868, 100.0, 0.6277564320797867, 2450.188362042043, 170.0, 848.3195028105225, 765.6838631381383, 54.666666666666664, 0.0, 1.05, 0.0, 681.8011780820312
1.02, 3.5, 10.0, ag19, 3.558902478456789, 4.527575507802943, 100.0, 0.6374616094189773, 2559.253156949682, 170.0, 861.4346073229424, 799.7666115467755, 54.666666666666664, 0.0, 1.05, 0.0, 698.3204266044013
1.02, 3.5, 12.0, ag19, 3.3826226335219753, 7.1490574939163185, 100.0, 0.6451544885324961, 2636.4536124931897, 170.0, 871.8303899087786, 823.8917539041217, 54.666666666666664, 0.0, 1.05, 0.0, 710.4027503345151
1.02, 3.5, 14.0, ag19, 3.3138003383497434, 7.3374370387195205, 100.0, 0.657897755919278, 2751.173513847582, 170.0, 889.0510215125378, 859.7417230773694, 54.666666666666664, 0.0, 1.05, 0.0, 728.9774606064675
1.53, 1.5, 10.0, ag19, 2.8695293449466828, 24.44130891210842, 100.0, 0.6557733941488422, 3131.9876052172945, 255.0, 886.1802623633002, 978.7461266304044, 54.666666666666664, 0.0, 1.05, 0.0, 799.3742361477966
1.02, 3.5, 16.0, ag19, 3.3258347914720536, 9.737243687135795, 100.0, 0.668556066004498, 2793.781025205896, 170.0, 903.4541432493216, 873.0565703768426, 54.666666666666664, 0.0, 1.05, 0.0, 738.6787497691573
1.53, 1.5, 8.0, ag19, 2.8935039389179007, 19.74312020624573, 100.0, 0.6872572457971815, 3085.1450009541786, 255.0, 928.7260078340291, 964.1078127981808, 54.666666666666664, 0.0, 1.05, 0.0, 809.1418372212735
1.53, 1.5, 12.0, ag19, 2.8907598463802513, 34.41034928225619, 100.0, 0.6510190573204746, 3159.1643930407417, 255.0, 879.7554828655063, 987.2388728252319, 54.666666666666664, 0.0, 1.05, 0.0, 800.0980244917585
1.53, 1.5, 14.0, ag19, 3.107718154641851, 54.15931699698071, 100.0, 0.6694981719939568, 3171.2524812475795, 255.0, 904.727259451293, 991.0164003898686, 54.666666666666664, 0.0, 1.0, 0.0, 771.5812199470538
1.53, 1.5, 16.0, ag19, 3.0995204034909083, 66.17544947544577, 100.0, 0.6706551727082266, 3183.4542079505572, 255.0, 906.2907739300359, 994.8294399845491, 54.666666666666664, 0.0, 1.0, 0.0, 773.3734046381949
1.53, 2.0, 10.0, ag19, 3.0963286917738797, 13.382638690377918, 100.0, 0.6889468443873594, 3004.6232064800115, 255.0, 931.0092491721074, 938.9447520250036, 54.666666666666664, 0.0, 1.05, 0.0, 801.1339004189889
1.53, 2.0, 8.0, ag19, 3.1664984500269906, 9.803990377083116, 100.0, 0.6723469855582904, 2934.026646019473, 255.0, 908.5770075112032, 916.8833268810854, 54.666666666666664, 0.0, 1.05, 0.0, 785.5611170373011
1.53, 2.0, 12.0, ag19, 3.0814187679262197, 17.08733100841722, 100.0, 0.6095179823173209, 3048.6092464356334, 255.0, 823.6729490774608, 952.6903895111354, 54.666666666666664, 0.0, 1.05, 0.0, 768.3771685060086
1.53, 2.5, 12.0, ag19, 3.3289043321785856, 11.410750576448146, 100.0, 0.6985068862581565, 2930.527123415767, 255.0, 943.9282246731844, 915.7897260674273, 54.666666666666664, 0.0, 1.05, 0.0, 797.5512827592141
1.53, 2.5, 8.0, ag19, 3.509392701577527, 8.020915127321166, 100.0, 0.6705168600446554, 2744.1913703397413, 255.0, 906.1038649252099, 857.5598032311692, 54.666666666666664, 0.0, 1.05, 0.0, 763.9322838547328
1.53, 2.0, 14.0, ag19, 3.1657249822716977, 24.659777630161656, 100.0, 0.6243159147293706, 3076.7679013042393, 255.0, 843.6701550396901, 961.4899691575748, 54.666666666666664, 0.0, 1.05, 0.0, 778.4560434690427
1.53, 2.0, 16.0, ag19, 3.470438705875631, 39.90280654872332, 100.0, 0.6475456048029946, 3092.9878865296996, 255.0, 875.0616281121548, 966.5587145405311, 54.666666666666664, 0.0, 1.05, 0.0, 791.2171199284401
1.53, 2.5, 10.0, ag19, 3.3827609329799895, 11.311780174531172, 100.0, 0.6847414817140558, 2870.8086673719, 255.0, 925.326326640616, 897.1277085537187, 54.666666666666664, 0.0, 1.05, 0.0, 784.5089123180171
1.53, 2.5, 14.0, ag19, 3.3443703372464615, 18.063900504870233, 100.0, 0.7072031863514955, 2970.1708781102107, 255.0, 955.679981556075, 928.1783994094409, 54.666666666666664, 0.0, 1.05, 0.0, 806.0004333379304
1.53, 2.5, 16.0, ag19, 3.9240433071151664, 32.464982970638005, 96.81799306929254, 0.7335544658192035, 2993.344974142016, 255.0, 991.2898186745992, 935.4203044193799, 54.666666666666664, 0.0, 1.05, 0.0, 820.9985430828928
1.53, 3.0, 12.0, ag19, 3.6407067713698478, 9.366685213403144, 100.0, 0.6931160997685184, 2815.570063629579, 255.0, 936.6433780655655, 879.8656448842435, 54.666666666666664, 0.0, 1.05, 0.0, 782.4281580324332
1.53, 3.0, 8.0, ag19, 3.9386734641962704, 6.085373970369589, 100.0, 0.6650107380887794, 2596.227556651939, 255.0, 898.6631595794316, 811.3211114537309, 54.666666666666664, 0.0, 1.05, 0.0, 745.1444948616067
1.53, 3.0, 10.0, ag19, 3.7307190845996097, 9.117068715157451, 100.0, 0.6789291896919758, 2693.560984955727, 255.0, 917.4718779621295, 841.7378077986646, 54.666666666666664, 0.0, 1.05, 0.0, 762.3733900162779
1.53, 3.0, 14.0, ag19, 3.6230283047406324, 12.1001215634411, 100.0, 0.7050706368732125, 2861.9040504177783, 255.0, 952.7981579367737, 894.3450157555557, 54.666666666666664, 0.0, 1.05, 0.0, 793.1501107923153
1.53, 3.5, 10.0, ag19, 4.127411952140999, 6.834617947128711, 95.84637315128687, 0.6599097655978037, 2566.845624557567, 255.0, 891.7699535105455, 802.1392576742397, 54.666666666666664, 0.0, 1.05, 0.0, 739.5182239146749
1.53, 3.5, 8.0, ag19, 4.436248561141538, 7.665291721684611, 85.93568493666062, 0.611283241193746, 2455.6677890481365, 255.0, 826.0584340456027, 767.3961840775427, 54.666666666666664, 0.0, 1.05, 0.0, 704.3591163431008
1.53, 3.0, 16.0, ag19, 4.185822685116805, 24.141675397174087, 90.71939576939727, 0.712029622897363, 2898.0311461239744, 255.0, 962.2021931045447, 905.6347331637421, 54.666666666666664, 0.0, 1.05, 0.0, 800.3929241939003
1.53, 3.5, 12.0, ag19, 3.9859478966798703, 9.613909988019158, 99.493490112076, 0.682270898828381, 2687.2472473022112, 255.0, 921.9877011194337, 839.764764781941, 54.666666666666664, 0.0, 1.05, 0.0, 763.2633630654811
1.53, 3.5, 14.0, ag19, 3.9419940225602703, 12.26800272596523, 100.0, 0.697399102665701, 2758.381189401869, 255.0, 942.431219818515, 861.9941216880841, 54.666666666666664, 0.0, 1.05, 0.0, 778.1988695273097
1.53, 3.5, 16.0, ag19, 4.114844265156263, 16.62813466228269, 93.72527160975282, 0.6986511516436235, 2801.620265646509, 255.0, 944.1231778967885, 875.506333014534, 54.666666666666664, 0.0, 1.05, 0.0, 783.5203288189629
2.04, 1.5, 8.0, ag19, 3.4414081494442166, 28.91229042588275, 100.0, 0.6378342676840614, 3072.1870354505722, 340.0, 861.938199573056, 960.0584485783038, 54.666666666666664, 0.0, 1.05, 0.0, 814.0988268529759
2.04, 1.5, 10.0, ag19, 3.42880197652563, 38.804222490850144, 100.0, 0.6519364802838672, 3117.0684983642186, 340.0, 880.9952436268476, 974.0839057388183, 54.666666666666664, 0.0, 1.05, 0.0, 825.6777022779831
2.04, 2.0, 8.0, ag19, 3.720797397395412, 17.182644178702407, 100.0, 0.6945639145745873, 2928.6057760338635, 340.0, 938.5998845602531, 915.1893050105823, 54.666666666666664, 0.0, 1.05, 0.0, 825.2262163497924
2.04, 1.5, 12.0, ag19, 3.6795324779591985, 62.665089081522, 92.24902369570587, 0.6538648145619683, 3136.9356437263145, 340.0, 883.6011007594166, 980.2923886644733, 54.666666666666664, 0.0, 1.0, 0.0, 789.2978298079634
2.04, 2.0, 10.0, ag19, 3.657259218089669, 21.16320682594622, 100.0, 0.5971506574683912, 2994.5312933059736, 340.0, 806.9603479302585, 935.7910291581168, 54.666666666666664, 0.0, 1.05, 0.0, 786.3629819809313
2.04, 2.0, 12.0, ag19, 3.669822978452536, 29.15719981040622, 100.0, 0.6290885440921893, 3038.260965087676, 340.0, 850.1196541786342, 949.4565515898987, 54.666666666666664, 0.0, 1.05, 0.0, 806.2516720189865
2.04, 2.0, 14.0, ag19, 4.080971298061172, 52.12159769867176, 85.54481413600942, 0.6333332759037122, 3059.948345784429, 340.0, 855.8557782482598, 956.233858057634, 54.666666666666664, 0.0, 1.0, 0.0, 772.0298787686312
2.04, 1.5, 14.0, ag19, 3.6790697335892197, 87.04520434022086, 84.44118769644247, 0.6668218882030221, 3153.3880019409135, 340.0, 901.1106597338137, 985.4337506065355, 54.666666666666664, 0.0, 1.0, 0.0, 796.8481367801164
2.04, 1.5, 16.0, ag19, 3.673003561385645, 113.10634767774746, 75.8243460032582, 0.6643471229573025, 3164.8404929375315, 340.0, 897.766382374733, 989.0126540429785, 54.666666666666664, 0.0, 1.0, 0.0, 796.9263454725706
2.04, 2.0, 16.0, ag19, 4.0702113374545785, 61.618819254706885, 82.68588341446956, 0.6362115852982786, 3080.136327599973, 340.0, 859.7453855382144, 962.5426023749916, 54.666666666666664, 0.0, 1.0, 0.0, 775.429329304402
2.04, 2.5, 10.0, ag19, 3.9399019856115682, 14.743663666509178, 100.0, 0.716201316523974, 2866.913793937418, 340.0, 967.8396169242892, 895.9105606054432, 54.666666666666664, 0.0, 1.05, 0.0, 828.7125621354064
2.04, 2.5, 8.0, ag19, 4.070086385788053, 11.260243515948993, 98.67631592324143, 0.6926377833496118, 2775.443914134386, 340.0, 935.9970045265025, 867.3262231669956, 54.666666666666664, 0.0, 1.05, 0.0, 807.5631296927244
2.04, 2.5, 12.0, ag19, 3.9109138058627964, 17.99011916937375, 100.0, 0.7284362510461689, 2922.2057546716387, 340.0, 984.3733122245527, 913.1892983348871, 54.666666666666664, 0.0, 1.05, 0.0, 840.5469136958039
2.04, 3.0, 8.0, ag19, 4.494393464196271, 11.022692431525615, 84.89268852492984, 0.6368608509180949, 2593.9640477402177, 340.0, 860.6227715109391, 810.6137649188181, 54.666666666666664, 0.0, 1.05, 0.0, 761.332787750415
2.04, 2.5, 14.0, ag19, 4.072037705667514, 27.39566438110993, 94.1231468994564, 0.5878087308070924, 2960.6971621063763, 340.0, 794.336122712287, 925.2178631582425, 54.666666666666664, 0.0, 1.05, 0.0, 778.2438950546851
2.04, 2.5, 16.0, ag19, 4.55578962290464, 50.271259471482296, 72.91913689177271, 0.610922672041851, 2983.3417780339987, 340.0, 825.5711784349338, 932.2943056356246, 54.666666666666664, 0.0, 1.0, 0.0, 753.9551613568528
2.04, 3.0, 12.0, ag19, 4.229110981896163, 14.861504195702752, 92.66429263443727, 0.6961253946622558, 2807.843496794005, 340.0, 940.7099927868321, 877.4510927481267, 54.666666666666664, 0.0, 1.05, 0.0, 812.7563799372357
2.04, 3.0, 10.0, ag19, 4.285018031968031, 11.933445635711418, 91.50085119112887, 0.6811220206396823, 2734.166223224369, 340.0, 920.4351630265977, 854.4269447576153, 54.666666666666664, 0.0, 1.05, 0.0, 797.6017377244746
2.04, 3.0, 14.0, ag19, 4.279643041582737, 20.433998381154897, 89.43649539680185, 0.702010758958834, 2858.357760086471, 340.0, 948.6631877822081, 893.2368000270222, 54.666666666666664, 0.0, 1.05, 0.0, 821.0649957332306
2.04, 3.0, 16.0, ag19, 5.140858474590489, 45.876835695615995, 60.77484108304514, 0.58933050579002, 2885.813622898387, 340.0, 796.3925753919189, 901.816757155746, 54.666666666666664, 0.0, 1.0, 0.0, 734.0697775158883
2.04, 3.5, 8.0, ag19, 5.004758034825748, 9.270960530586692, 74.46589406435666, 0.5904749309845526, 2452.5582912414666, 340.0, 797.9390959250711, 766.4244660129583, 54.666666666666664, 0.0, 1.05, 0.0, 723.9272466783103
2.04, 3.5, 10.0, ag19, 4.715816162667315, 10.93768326441279, 80.54791794348847, 0.6321962418945585, 2561.7513062926096, 340.0, 854.3192458034574, 800.5472832164405, 54.666666666666664, 0.0, 1.05, 0.0, 755.6032851569643
2.04, 3.5, 12.0, ag19, 4.584299475627239, 14.09105827208852, 81.74427113073682, 0.6520810753774827, 2690.6264353990896, 340.0, 881.1906424020037, 840.8207610622154, 54.666666666666664, 0.0, 1.05, 0.0, 779.1039912124767
2.04, 3.5, 14.0, ag19, 4.601687706770797, 16.35458061723424, 81.03176328097769, 0.6646916282678311, 2750.994824561151, 340.0, 898.2319300916637, 859.6858826753596, 54.666666666666664, 0.0, 1.05, 0.0, 791.6712344684582
2.55, 1.5, 8.0, ag19, 3.9900228862863214, 42.40360466107156, 89.25666260486422, 0.6182505619892278, 3060.3416020423147, 425.0, 835.4737324178753, 956.3567506382233, 54.666666666666664, 0.0, 1.0, 0.0, 793.6101610186995
2.55, 1.5, 10.0, ag19, 3.9937588186308925, 63.634799754644106, 82.97306282096066, 0.6380796047608149, 3096.1923713629717, 425.0, 862.2697361632635, 967.5601160509286, 54.666666666666664, 0.0, 1.0, 0.0, 806.2766174047307
2.04, 3.5, 16.0, ag19, 5.843880054629948, 49.56047987000585, 46.60105378993524, 0.5857924875654784, 2784.0580143734987, 340.0, 791.6114696830789, 870.0181294917185, 54.666666666666664, 0.0, 1.0, 0.0, 721.8765330582657
2.55, 1.5, 12.0, ag19, 4.25941037269604, 106.10835157190681, 63.67505314623304, 0.6533442301841755, 3113.880791263389, 425.0, 882.897608356994, 973.087747269809, 54.666666666666664, 0.0, 1.0, 0.0, 814.9951185422676
2.55, 1.5, 14.0, ag19, 4.242605523062903, 145.90266776159365, 53.842176773618895, 0.6502997708690879, 3130.3859923504588, 425.0, 878.7834741474161, 978.2456226095184, 54.666666666666664, 0.0, 1.0, 0.0, 815.3430322523114
2.55, 2.0, 8.0, ag19, 4.2675173973954115, 24.489419877239996, 88.27473480014329, 0.6757426993027136, 2907.2048329378786, 425.0, 913.1658098685319, 908.501510293087, 54.666666666666664, 0.0, 1.05, 0.0, 843.7335620565666
2.55, 2.0, 10.0, ag19, 4.228610797037037, 32.62448614894878, 87.13147907814133, 0.6917213789613929, 2975.666003355191, 425.0, 934.7586202180984, 929.8956260484972, 54.666666666666664, 0.0, 1.05, 0.0, 858.7789861933085
2.55, 1.5, 16.0, ag19, 4.319670929806698, 229.40885290301452, 33.52138053100376, 0.6134548035327588, 3139.9718764840045, 425.0, 828.9929777469713, 981.2412114012513, 54.666666666666664, 0.0, 1.0, 0.0, 799.7447297160743
2.55, 2.0, 12.0, ag19, 4.306542978452535, 44.58304491767396, 81.45497027997622, 0.6212896712810809, 3016.7125775952572, 425.0, 839.5806368663256, 942.7226804985179, 54.666666666666664, 0.0, 1.0, 0.0, 790.4344391216146
2.55, 2.5, 8.0, ag19, 4.610648491051211, 17.24823050414588, 81.41324914764495, 0.6393069160644653, 2762.0387237995506, 425.0, 863.9282649519802, 863.1371011873595, 54.666666666666664, 0.0, 1.05, 0.0, 810.6228781487688
2.55, 2.5, 10.0, ag19, 4.5112535645589364, 20.887197145063052, 83.62186771079553, 0.669500412411631, 2850.9167073646045, 425.0, 904.7302870427446, 890.9114710514389, 54.666666666666664, 0.0, 1.05, 0.0, 834.6246153329641
2.55, 2.0, 14.0, ag19, 4.676007087534856, 77.68188950106646, 62.62652865704293, 0.593500020999351, 3037.4712515439946, 425.0, 802.0270554045283, 949.2097661074982, 54.666666666666664, 0.0, 1.0, 0.0, 780.0789405040088
2.55, 2.0, 16.0, ag19, 4.644405021665104, 98.99024759196459, 57.241867898345966, 0.6315556282416716, 3057.192289980418, 425.0, 853.4535516779346, 955.3725906188806, 54.666666666666664, 0.0, 1.0, 0.0, 799.2753807656051
2.55, 2.5, 12.0, ag19, 4.517791700599639, 31.375585638645738, 79.99478010067229, 0.6757552765070367, 2909.610151627747, 425.0, 913.1828060905901, 909.2531723836711, 54.666666666666664, 0.0, 1.05, 0.0, 844.0025924659913
2.55, 2.5, 14.0, ag19, 5.170362968825408, 58.95550592681878, 57.53870191489161, 0.5820369969233852, 2939.9689632874392, 425.0, 786.536482328899, 918.7403010273248, 54.666666666666664, 0.0, 1.0, 0.0, 764.7589277854079
2.55, 2.5, 16.0, ag19, 5.163851728167797, 75.80113957100356, 52.79314917201622, 0.5988785632591024, 2968.7114393510083, 425.0, 809.2953557555438, 927.7223247971901, 54.666666666666664, 0.0, 1.0, 0.0, 775.3392268509112
2.55, 3.0, 8.0, ag19, 5.044429253669955, 13.226317525263212, 73.32463443409489, 0.6043838437766255, 1936.948093536865, 425.0, 816.7349240224668, 605.2962792302703, 54.666666666666664, 0.0, 1.05, 0.0, 703.8609211384579
2.55, 3.0, 12.0, ag19, 4.834567824001426, 22.80699960053905, 74.63174805423317, 0.644431792469745, 2793.097916130097, 425.0, 870.8537736077635, 872.8430987906554, 54.666666666666664, 0.0, 1.05, 0.0, 816.4439053394467
2.55, 3.0, 10.0, ag19, 4.864895926704872, 16.893098764570748, 75.54132925348101, 0.6364366927317034, 2722.056730981105, 425.0, 860.0495847725723, 850.6427284315953, 54.666666666666664, 0.0, 1.05, 0.0, 804.8923096214586
2.55, 3.5, 8.0, ag19, 5.568293824299432, 12.270538062331457, 64.01817322232269, 0.5536185315755809, 2444.8690450944414, 425.0, 748.1331507778121, 764.021576592013, 54.666666666666664, 0.0, 1.05, 0.0, 735.4041545794388
2.55, 3.0, 14.0, ag19, 5.5089419889511575, 45.08228274296461, 55.643495509775235, 0.6177140893906653, 2835.52396995757, 425.0, 834.748769446845, 886.1012406117406, 54.666666666666664, 0.0, 1.0, 0.0, 769.9500033528618
2.55, 3.0, 16.0, ag19, 5.77757847459049, 69.0222592236552, 43.99855831783322, 0.5979158050401225, 2868.7735078867217, 425.0, 807.9943311353007, 896.4917212146006, 54.666666666666664, 0.0, 1.0, 0.0, 764.4953507833004
2.55, 3.5, 10.0, ag19, 5.284325636351525, 14.55414918507074, 67.5342454408176, 0.5948472219328534, 2579.080286168192, 425.0, 803.8475972065587, 805.96258942756, 54.666666666666664, 0.0, 1.05, 0.0, 769.5835653219415
2.55, 3.5, 12.0, ag19, 5.187624738785133, 20.347971004737744, 67.74434434068219, 0.6116730122770008, 2679.3314645697524, 425.0, 826.5851517256767, 837.2910826780477, 54.666666666666664, 0.0, 1.05, 0.0, 788.5066820413035
2.55, 3.5, 14.0, ag19, 5.334328759402375, 26.839737695779426, 62.992860257521706, 0.6041636095566557, 2737.191927992216, 425.0, 816.437310211697, 855.3724774975675, 54.666666666666664, 0.0, 1.05, 0.0, 791.2834256982426
3.06, 1.5, 8.0, ag19, 4.535795517865269, 65.70152977671887, 66.7366099341493, 0.6159201955281032, 3032.234128080709, 510.0, 832.3245885514907, 947.5731650252216, 54.666666666666664, 0.0, 1.0, 0.0, 817.965917858904
2.55, 3.5, 16.0, ag19, 6.501915844103633, 75.85568239319082, 29.484692282999937, 0.5533367560399154, 2769.224372791115, 425.0, 747.7523730269127, 865.3826164972235, 54.666666666666664, 0.0, 1.0, 0.0, 734.0449965080453
3.06, 1.5, 10.0, ag19, 4.592820923894051, 98.4802126262296, 57.460578967376, 0.6316238003195761, 3070.159650173241, 510.0, 853.5456761075352, 959.4248906791379, 54.666666666666664, 0.0, 1.0, 0.0, 828.9901889288909
3.06, 2.0, 10.0, ag19, 4.797120270721248, 47.79320665780329, 68.01839820693992, 0.6005858042919882, 2962.433006259732, 510.0, 811.6024382324165, 925.7603144561663, 54.666666666666664, 0.0, 1.0, 0.0, 803.7875842295276
3.06, 2.0, 8.0, ag19, 4.818974239500675, 35.17712186924838, 70.55977084444272, 0.592179269967737, 2887.5435492263086, 510.0, 800.242256713158, 902.3573591332215, 54.666666666666664, 0.0, 1.05, 0.0, 831.8098655462328
3.06, 1.5, 12.0, ag19, 4.822946162169725, 182.24081369249862, 35.114099519827214, 0.6356335114944489, 3082.167896229886, 510.0, 858.9642047222284, 963.1774675718393, 54.666666666666664, 0.0, 1.0, 0.0, 832.0472240980225
3.06, 2.0, 12.0, ag19, 5.256841925820957, 92.57790020927152, 47.56688127269068, 0.6163191204081848, 2993.699771095582, 510.0, 832.8636762272769, 935.5311784673693, 54.666666666666664, 0.0, 1.0, 0.0, 814.1316182315486
3.06, 1.5, 14.0, ag19, 4.805430786220798, 268.06804994986913, 19.289517660071276, 0.6347690653468373, 3097.844382605347, 510.0, 857.796034252483, 968.076369564171, 54.666666666666664, 0.0, 1.0, 0.0, 833.2908012722179
3.06, 1.5, 16.0, ag19, 4.884627771911961, 255.8575424359873, 17.27562700393465, 0.6446404732804043, 3105.1712880496875, 510.0, 871.1357747032491, 970.3660275155274, 54.666666666666664, 0.0, 1.0, 0.0, 838.5006007395921
3.06, 2.0, 14.0, ag19, 5.253042877008539, 123.78153685127437, 40.32883196555713, 0.6179688715853676, 3018.076219961905, 510.0, 835.0930697099562, 943.1488187380953, 54.666666666666664, 0.0, 1.0, 0.0, 817.413962816017
3.06, 2.5, 8.0, ag19, 5.16778954368279, 22.721190043590102, 68.65894032048635, 0.6121617143893213, 2744.3731134970462, 510.0, 827.2455599855693, 857.6165979678269, 54.666666666666664, 0.0, 1.05, 0.0, 825.6017552836888
3.06, 2.5, 10.0, ag19, 5.089710406664199, 33.43913290355678, 66.15467431344864, 0.6325578239525814, 2831.3794150988915, 510.0, 854.8078702061912, 884.8060672184037, 54.666666666666664, 0.0, 1.05, 0.0, 844.7648780986083
3.06, 2.0, 16.0, ag19, 5.236598705875631, 169.2838839095001, 30.686493898137424, 0.6255849962392994, 3031.4888433794513, 510.0, 845.3851300531074, 947.3402635560785, 54.666666666666664, 0.0, 1.0, 0.0, 822.2417978697285
3.06, 2.5, 12.0, ag19, 5.164932753231217, 43.23082571205113, 61.87772060910559, 0.5857872210133517, 2887.56035974986, 510.0, 791.6043527207455, 902.3626124218312, 54.666666666666664, 0.0, 1.0, 0.0, 789.3223217141922
3.06, 2.5, 14.0, ag19, 5.7914513898780395, 90.90038768202254, 40.103124518505105, 0.5870043079051431, 2916.213813064496, 510.0, 793.24906473668, 911.3168165826551, 54.666666666666664, 0.0, 1.0, 0.0, 792.8552937731116
3.06, 3.0, 8.0, ag19, 5.611517674722586, 19.878340118442782, 61.52209473819561, 0.5640287569138153, 1929.070596530144, 510.0, 762.2010228565072, 602.83456141567, 54.666666666666664, 0.0, 1.05, 0.0, 713.6624544952621
3.06, 3.0, 10.0, ag19, 5.440510663546977, 23.98440850861057, 63.004775845345925, 0.5945203094701067, 2706.074936054979, 510.0, 803.4058236082523, 845.648417517181, 54.666666666666664, 0.0, 1.05, 0.0, 813.0689843939016
3.06, 2.5, 16.0, ag19, 5.760071728167798, 118.11169850195206, 33.77631887979837, 0.590187797134794, 2944.5560541497425, 510.0, 797.551077209181, 920.1737669217946, 54.666666666666664, 0.0, 1.0, 0.0, 797.2416147103252
3.06, 3.0, 12.0, ag19, 5.449972034527741, 32.815150834180216, 60.28685136582931, 0.6099470253886503, 2775.2704452602534, 510.0, 824.2527370116896, 867.2720141438291, 54.666666666666664, 0.0, 1.05, 0.0, 827.9336629044315
3.06, 3.0, 14.0, ag19, 6.435556725793264, 82.21427695460214, 31.544455431437836, 0.5447885756672778, 2811.8278475526367, 510.0, 736.2007779287537, 878.696202360199, 54.666666666666664, 0.0, 1.0, 0.0, 762.9656600963176
3.06, 3.5, 8.0, ag19, 6.136803297983643, 18.22132661948133, 53.37063778237554, 0.5124374051425553, 2434.338222988931, 510.0, 692.4829799223721, 760.7306946840409, 54.666666666666664, 0.0, 1.05, 0.0, 744.5247861122446
3.06, 3.5, 10.0, ag19, 5.872729846877842, 21.739758913927357, 55.74655642373404, 0.5489831104133697, 2583.3967524743953, 510.0, 741.8690681261752, 807.3114851482485, 54.666666666666664, 0.0, 1.05, 0.0, 778.1131936460483
3.06, 3.0, 16.0, ag19, 6.400087948274701, 103.90370228542893, 26.108804677933808, 0.5622226790084793, 2848.084542591589, 510.0, 759.7603770384856, 890.0264195598716, 54.666666666666664, 0.0, 1.0, 0.0, 774.595598866119
3.06, 3.5, 12.0, ag19, 5.832397370364081, 27.220964199448556, 55.09888373167317, 0.5682140243010163, 2663.6890451397194, 510.0, 767.8567895959679, 832.4028266061623, 54.666666666666664, 0.0, 1.05, 0.0, 795.9908656707455
3.5700000000000003, 1.5, 8.0, ag19, 5.083699728391585, 99.10154954230767, 46.99808204917728, 0.6094228667283902, 3000.2736903826985, 595.0000000000001, 823.5444144978246, 937.5855282445933, 54.666666666666664, 0.0, 1.0, 0.0, 840.0433142474726
3.06, 3.5, 14.0, ag19, 7.137969812033955, 90.12436686926789, 17.511105370050075, 0.5235519285990027, 2708.533829158027, 510.0, 707.5026062148686, 846.4168216118834, 54.666666666666664, 0.0, 1.0, 0.0, 742.639809275584
3.5700000000000003, 1.5, 10.0, ag19, 5.3837251344203665, 208.15645183498702, 22.58181107841992, 0.6183976095329327, 3025.2823034666917, 595.0000000000001, 835.6724453147738, 945.4007198333411, 54.666666666666664, 0.0, 1.0, 0.0, 846.6910550493717
3.06, 3.5, 16.0, ag19, 7.156635844103633, 91.37055070146555, 14.169387392384907, 0.5235629943122001, 2750.5070997155904, 510.0, 707.5175598813515, 859.533468661122, 54.666666666666664, 0.0, 1.0, 0.0, 747.0170095141577
3.5700000000000003, 1.5, 12.0, ag19, 5.381508267432883, 238.5616791138943, 16.4858992630457, 0.6298390098932926, 3043.64192898461, 595.0000000000001, 851.133797153098, 951.1381028076906, 54.666666666666664, 0.0, 1.0, 0.0, 853.7572999869295
3.5700000000000003, 2.0, 8.0, ag19, 5.373273186869096, 49.11942757771743, 55.6077329759204, 0.6144368169110275, 2874.224024861798, 595.0000000000001, 830.3200228527398, 898.1950077693119, 54.666666666666664, 0.0, 1.0, 0.0, 829.1716768740172
3.5700000000000003, 1.5, 14.0, ag19, 5.44144025990501, 228.56477866049863, 14.699197883201535, 0.626783767847306, 3054.6251813793906, 595.0000000000001, 847.0050916855488, 954.5703691810595, 54.666666666666664, 0.0, 1.0, 0.0, 853.5251536222028
3.5700000000000003, 2.0, 10.0, ag19, 5.374156060194933, 70.97018124581064, 50.40983956121289, 0.5861540712243455, 2938.4292984475615, 595.0000000000001, 792.1000962491155, 918.259155764863, 54.666666666666664, 0.0, 1.0, 0.0, 823.1197506713262
3.5700000000000003, 1.5, 16.0, ag19, 5.446031982438277, 220.1375587652502, 13.01633111655405, 0.6270959252752211, 3061.012575183786, 595.0000000000001, 847.426926047596, 956.5664297449331, 54.666666666666664, 0.0, 1.0, 0.0, 854.3311185975097
3.5700000000000003, 2.0, 12.0, ag19, 5.853772452136746, 145.58879847845466, 28.44579077330896, 0.5944471905759983, 2966.0850160886366, 595.0000000000001, 803.3070142918897, 926.901567527699, 54.666666666666664, 0.0, 1.0, 0.0, 829.7361939398629
3.5700000000000003, 2.5, 10.0, ag19, 5.671719880348411, 44.84388874158212, 53.334943736037864, 0.5321806586402752, 2808.878081562275, 595.0000000000001, 719.1630522165881, 877.774400488211, 54.666666666666664, 0.0, 1.0, 0.0, 785.3124842349331
3.5700000000000003, 2.5, 8.0, ag19, 5.7391411226301585, 33.831341811994314, 54.85381276377864, 0.5852631645986645, 2723.881875277883, 595.0000000000001, 790.8961683765737, 851.2130860243384, 54.666666666666664, 0.0, 1.05, 0.0, 840.3882390403193
3.5700000000000003, 2.0, 14.0, ag19, 5.828183929640119, 207.86739075712686, 17.123609283378244, 0.6069100026389199, 2989.9137089888704, 595.0000000000001, 820.1486522147566, 934.348034059022, 54.666666666666664, 0.0, 1.0, 0.0, 837.832228757926
3.5700000000000003, 2.5, 12.0, ag19, 6.340231700599638, 96.31954436020426, 31.51814770466134, 0.5723538806691124, 2865.4391189741837, 595.0000000000001, 773.4511900933952, 895.4497246794324, 54.666666666666664, 0.0, 1.0, 0.0, 809.3003049242758
3.5700000000000003, 2.0, 16.0, ag19, 5.965213442717737, 192.46221490119507, 16.113776385927782, 0.6141462690104327, 3004.447732991949, 595.0000000000001, 829.9273905546387, 938.8899165599842, 54.666666666666664, 0.0, 1.0, 0.0, 842.6057690382077
3.5700000000000003, 3.0, 8.0, ag19, 6.165816622091008, 25.557808622403765, 50.96614034072778, 0.5391805124385123, 2586.2233155751483, 595.0000000000001, 728.6223141060977, 808.1947861172339, 54.666666666666664, 0.0, 1.05, 0.0, 803.535985078166
3.5700000000000003, 2.5, 14.0, ag19, 6.399513495141198, 142.92634526762396, 20.621276360808107, 0.5799021367107625, 2898.104787772428, 595.0000000000001, 783.651536095625, 905.6577461788838, 54.666666666666664, 0.0, 1.0, 0.0, 816.103094091503
3.5700000000000003, 3.0, 10.0, ag19, 6.03317803196803, 35.899949397354405, 50.51534587590938, 0.5673245903593507, 2687.5168935808674, 595.0000000000001, 766.6548518369603, 839.849029244021, 54.666666666666664, 0.0, 1.05, 0.0, 827.9263583783436
3.5700000000000003, 3.0, 12.0, ag19, 6.106586771369847, 50.6588880568181, 44.365202568247774, 0.5759990813507926, 2754.093387229753, 595.0000000000001, 778.3771369605306, 860.6541835092977, 54.666666666666664, 0.0, 1.0, 0.0, 799.3437734899427
3.5700000000000003, 2.5, 16.0, ag19, 6.363396991325693, 163.33505579951577, 16.00148452561669, 0.5869246933555474, 2921.4056617912433, 595.0000000000001, 793.1414775074966, 912.9392693097635, 54.666666666666664, 0.0, 1.0, 0.0, 821.69358227242
3.5700000000000003, 3.5, 8.0, ag19, 6.705312771667854, 26.158734646985575, 44.53349189901303, 0.4874106860982974, 2424.273411681622, 595.0000000000001, 658.6630893220236, 757.5854411505068, 54.666666666666664, 0.0, 1.05, 0.0, 761.3369856653856
3.5700000000000003, 3.0, 14.0, ag19, 7.062329357372211, 126.32955667233234, 14.255368164247638, 0.532468982031258, 2800.1892478827513, 595.0000000000001, 719.552678420619, 875.0591399633598, 54.666666666666664, 0.0, 1.0, 0.0, 784.5372727946597
3.5700000000000003, 3.5, 12.0, ag19, 6.460591054574607, 42.948082082681424, 41.227910696874154, 0.5379046614664673, 2646.440275692968, 595.0000000000001, 726.8981911709019, 827.0125861540525, 54.666666666666664, 0.0, 1.0, 0.0, 770.970259108318
3.5700000000000003, 3.5, 10.0, ag19, 6.446213004772579, 29.520768972293258, 46.16830637625412, 0.523921710841438, 2567.9546543526712, 595.0000000000001, 708.0023119478892, 802.4858294852098, 54.666666666666664, 0.0, 1.05, 0.0, 794.3208495015846
3.5700000000000003, 3.0, 16.0, ag19, 7.01122900090628, 118.94765955802023, 14.452335009212327, 0.5476252076713731, 2830.8212799880857, 595.0000000000001, 740.0340644207745, 884.6316499962768, 54.666666666666664, 0.0, 1.0, 0.0, 794.5552381390171
3.5700000000000003, 3.5, 14.0, ag19, 7.865637180455007, 52.8628936630146, 12.428970536950048, 0.5223926726876454, 2700.520770263096, 595.0000000000001, 705.9360441724939, 843.9127407072175, 54.666666666666664, 0.0, 1.0, 0.0, 769.6162616265703
3.5700000000000003, 3.5, 16.0, ag19, 7.779855844103634, 54.73343888633153, 12.732739342244496, 0.5354305573457138, 2738.4369808432602, 595.0000000000001, 723.5548072239375, 855.7615565135188, 54.666666666666664, 0.0, 1.0, 0.0, 779.4387879124854
4.08, 1.5, 8.0, ag19, 5.644393412602112, 159.89905903312842, 26.94129981639422, 0.600035911080111, 2962.3399326366543, 680.0, 810.8593392974473, 925.7312289489545, 54.666666666666664, 0.0, 1.0, 0.0, 860.1968560821339
4.08, 1.5, 12.0, ag19, 5.940070372696041, 207.15312677063588, 13.13984900057829, 0.6144787737069585, 2999.246828704444, 680.0, 830.3767212256196, 937.2646339701387, 54.666666666666664, 0.0, 1.0, 0.0, 870.5471183985861
4.08, 1.5, 10.0, ag19, 5.9557872396835245, 218.5250764486942, 14.254487370253862, 0.6082630160305723, 2982.051188915758, 680.0, 821.9770486899625, 931.8909965361744, 54.666666666666664, 0.0, 1.0, 0.0, 865.9560150753789
4.08, 2.0, 8.0, ag19, 5.927572134237517, 70.4497844683233, 42.52431384988453, 0.5731769366745304, 2856.5677127772046, 680.0, 774.5634279385547, 892.6774102428765, 54.666666666666664, 0.0, 1.0, 0.0, 837.0802793938103
4.08, 2.0, 10.0, ag19, 5.979612902300195, 111.33637139168613, 33.40716349663448, 0.5775502325146247, 2911.7512165895264, 680.0, 780.4732871819252, 909.922255184227, 54.666666666666664, 0.0, 1.0, 0.0, 844.7985141220506
4.08, 1.5, 14.0, ag19, 6.027712891483956, 201.13068637800683, 11.131139889667823, 0.616110057787622, 3010.0619527044964, 680.0, 832.5811591724621, 940.644360220155, 54.666666666666664, 0.0, 1.0, 0.0, 872.4085064642056
4.08, 2.0, 12.0, ag19, 6.439334557399904, 181.2065185583433, 14.55138560101067, 0.5793828475992124, 2936.181434755602, 680.0, 782.9497940529899, 917.5566983611257, 54.666666666666664, 0.0, 1.0, 0.0, 848.1688308047052
4.08, 1.5, 16.0, ag19, 6.029462508754067, 191.96453323989874, 9.346202148073786, 0.6147867647216116, 3018.5988404361433, 680.0, 830.7929252994753, 943.3121376362948, 54.666666666666664, 0.0, 1.0, 0.0, 872.7016876452567
4.08, 2.5, 8.0, ag19, 6.2891769121038426, 47.52645667117935, 43.85523518575039, 0.5609859372911941, 2701.6782985809723, 680.0, 758.0891044475596, 844.2744683065539, 54.666666666666664, 0.0, 1.0, 0.0, 815.4545242513711
4.08, 2.5, 10.0, ag19, 6.2501767224536735, 66.30542640216476, 39.352703603541684, 0.5439102176580571, 2805.6253369762417, 680.0, 735.0138076460232, 876.7579178050755, 54.666666666666664, 0.0, 1.0, 0.0, 818.5905751503662
4.08, 2.0, 14.0, ag19, 6.4023776138506445, 176.07775140603496, 14.591015852566782, 0.597898014231535, 2958.633349309198, 680.0, 807.9702895020743, 924.5729216591244, 54.666666666666664, 0.0, 1.0, 0.0, 858.8477370537328
4.08, 2.0, 16.0, ag19, 6.550775547980894, 159.3042465444435, 13.685523317416777, 0.6047356815488167, 2971.328711950809, 680.0, 817.2103804713739, 928.5402224846279, 54.666666666666664, 0.0, 1.0, 0.0, 863.2502009853339
4.08, 2.5, 12.0, ag19, 7.014609595336481, 148.790490990241, 13.816147397582096, 0.5678386859204472, 2841.972274612807, 680.0, 767.3495755681718, 888.1163358165021, 54.666666666666664, 0.0, 1.0, 0.0, 833.1553037948912
4.08, 3.0, 8.0, ag19, 6.728641885248901, 38.057287814238315, 40.3785385398529, 0.5155906752700931, 2567.8517588557606, 680.0, 696.744155770396, 802.4536746424252, 54.666666666666664, 0.0, 1.05, 0.0, 820.1192406444874
4.08, 3.0, 10.0, ag19, 6.6102138214417145, 49.095340507527375, 38.63202262942677, 0.5418417985496413, 2667.479821137465, 680.0, 732.2186466887046, 833.5874441054578, 54.666666666666664, 0.0, 1.0, 0.0, 803.2686969313875
4.08, 2.5, 14.0, ag19, 6.988628231983303, 142.23148700393915, 13.93783143076318, 0.5642838678119446, 2874.2120256947164, 680.0, 762.5457673134388, 898.1912580295989, 54.666666666666664, 0.0, 1.0, 0.0, 834.9123417810125
4.08, 2.5, 16.0, ag19, 6.9856696229046396, 132.49930146599004, 13.856727097077398, 0.5750991585617095, 2896.241956939007, 680.0, 777.1610250833912, 905.0756115434398, 54.666666666666664, 0.0, 1.0, 0.0, 842.0788788756104
4.08, 3.0, 12.0, ag19, 7.193780455580374, 101.6498641685146, 19.521277114016275, 0.5261074715836925, 2746.128431456196, 680.0, 710.9560426806656, 858.1651348300611, 54.666666666666664, 0.0, 1.0, 0.0, 804.3737258369089
4.08, 3.0, 14.0, ag19, 7.684838831056421, 91.2208945170921, 12.652154294988373, 0.5481071639660531, 2780.1449879414226, 680.0, 740.6853567108826, 868.7953087316945, 54.666666666666664, 0.0, 1.0, 0.0, 817.826888480859
4.08, 3.5, 8.0, ag19, 7.263874876931011, 37.03443032019103, 35.535989624564465, 0.46995371749967696, 2437.1068777777496, 680.0, 635.0725912157797, 761.5958993055468, 54.666666666666664, 0.0, 1.05, 0.0, 784.2339716824642
4.08, 3.0, 16.0, ag19, 7.625212158801015, 83.14359233677985, 12.784413035069685, 0.5426117330711764, 2810.625491525354, 680.0, 733.2590987448328, 878.3204661016731, 54.666666666666664, 0.0, 1.0, 0.0, 818.5265216155019
4.08, 3.5, 10.0, ag19, 7.046222478456789, 45.77913723274399, 33.86940652506487, 4411368866134.746, 2551.171015956688, 680.0, 5961309278560468.0, 797.240942486465, 54.666666666666664, 0.0, 1.0, 0.0, 1987103092854036.5
4.08, 3.5, 12.0, ag19, 7.153442633521975, 67.51011535947761, 24.6549987801456, 0.5065424800492356, 2626.5519777203517, 680.0, 684.5168649313995, 820.7974930376099, 54.666666666666664, 0.0, 1.0, 0.0, 783.1047859896698
4.08, 3.5, 14.0, ag19, 8.495488759402374, 40.94155663770889, 11.244618652349526, 0.5163861396056537, 2686.9935031209193, 680.0, 697.8191075752078, 839.6854697252872, 54.666666666666664, 0.0, 1.0, 0.0, 793.834859100165
4.08, 3.5, 16.0, ag19, 8.413023212524685, 44.18967223385836, 11.48712652640775, 0.5292379501129572, 2721.230034765969, 680.0, 715.1864190715637, 850.3843858643653, 54.666666666666664, 0.0, 1.0, 0.0, 803.1902683119763
4.59, 1.5, 10.0, ag19, 6.527138818630893, 188.97338466502404, 11.470456676942637, 0.5885364432957005, 2932.6356029559793, 765.0, 795.3195179671629, 916.4486259237435, 54.666666666666664, 0.0, 1.0, 0.0, 880.2560479636355
4.59, 1.5, 8.0, ag19, 6.202955517865269, 209.59271198268854, 13.434513581884739, 0.5861230663761684, 2918.946400749254, 765.0, 792.058197805633, 912.1707502341419, 54.666666666666664, 0.0, 1.0, 0.0, 877.7429826799249
4.59, 1.5, 12.0, ag19, 6.503606162169724, 183.37041850394888, 10.265998644810477, 0.6020493689776848, 2953.1792748171065, 765.0, 813.5802283482227, 922.8685233803458, 54.666666666666664, 0.0, 1.0, 0.0, 888.482917242856
4.59, 2.0, 8.0, ag19, 6.4790289763427795, 108.39497308607021, 27.49276998222961, 0.5607924061399095, 2829.6765667484688, 765.0, 757.8275758647426, 884.2739271088965, 54.666666666666664, 0.0, 1.0, 0.0, 857.0338343245463
4.59, 1.5, 14.0, ag19, 6.5869855230629035, 170.88688456345062, 8.073681315655524, 0.5979887550268715, 2961.436044276506, 765.0, 808.0929121984751, 925.4487638364081, 54.666666666666664, 0.0, 1.0, 0.0, 887.5138920116276
4.59, 2.0, 10.0, ag19, 6.918543428615983, 168.35521055333277, 13.059390423970083, 0.5606360334440256, 2874.410671430405, 765.0, 757.6162614108454, 898.2533348220015, 54.666666666666664, 0.0, 1.0, 0.0, 861.6231987442821
4.59, 1.5, 16.0, ag19, 6.583761456122487, 162.401468710791, 6.322360225156307, 0.6051666968488082, 2961.4857135506454, 765.0, 817.7928335794705, 925.4642854845766, 54.666666666666664, 0.0, 1.0, 0.0, 890.752373021349
4.59, 2.0, 12.0, ag19, 7.005949294242009, 152.62997432736276, 12.691420224745352, 0.5683577405363316, 2903.08619081111, 765.0, 768.0510007247724, 907.214434628472, 54.666666666666664, 0.0, 1.0, 0.0, 868.0884784510814
4.59, 2.5, 8.0, ag19, 6.846317964735421, 66.45665445353713, 32.41321751663519, 0.5347048771161543, 2680.6648364065272, 765.0, 722.5741582650734, 837.7077613770397, 54.666666666666664, 0.0, 1.0, 0.0, 829.7606398807044
4.59, 2.0, 14.0, ag19, 6.993623929640119, 145.06141260348753, 12.468526105809904, 0.5832642730171812, 2923.795672031713, 765.0, 788.1949635367313, 913.6861475099103, 54.666666666666664, 0.0, 1.0, 0.0, 876.9603703488806
4.59, 2.5, 10.0, ag19, 6.851133564558937, 100.79511214681756, 25.289451039237427, 0.5479716366021022, 2782.763750887534, 765.0, 740.5022116244625, 869.6136721523544, 54.666666666666664, 0.0, 1.0, 0.0, 846.371961258939
4.59, 2.0, 16.0, ag19, 7.120232390086157, 129.42225821299292, 11.533615563184258, 0.5782047176928301, 2935.049469534443, 765.0, 781.3577266119325, 917.2029592295133, 54.666666666666664, 0.0, 1.0, 0.0, 875.8535619471486
4.59, 2.5, 12.0, ag19, 7.626224332178586, 121.1176678321894, 12.226537690398866, 0.5589629075719973, 2817.11180097966, 765.0, 755.3552805026991, 880.3474378061437, 54.666666666666664, 0.0, 1.0, 0.0, 854.9009061029476
4.59, 2.5, 14.0, ag19, 7.574190337246461, 110.26548659752748, 12.300209337069878, 0.5575189366249385, 2848.157561511259, 765.0, 753.4039684120789, 890.0492379722683, 54.666666666666664, 0.0, 1.0, 0.0, 857.4844021281157
4.59, 3.0, 8.0, ag19, 7.308519779985744, 52.90291267776865, 30.606183262268576, 0.49288806096582966, 2548.649521330347, 765.0, 666.0649472511211, 796.4529754157334, 54.666666666666664, 0.0, 1.0, 0.0, 797.1726408889514
4.59, 2.5, 16.0, ag19, 7.789126465009902, 89.76645100910866, 11.535852298314417, 0.559786642902477, 2865.684174408492, 765.0, 756.4684363546987, 895.5263045026536, 54.666666666666664, 0.0, 1.0, 0.0, 860.3315802857842
4.59, 3.0, 10.0, ag19, 7.215670663546977, 74.55544545605561, 26.316221333143716, 0.5157626583617795, 2645.9947235472614, 765.0, 696.9765653537561, 826.8733511085192, 54.666666666666664, 0.0, 1.0, 0.0, 817.6166388207585
4.59, 3.0, 12.0, ag19, 8.303710981896163, 68.78031371250432, 11.256123927748263, 0.5267049409537282, 2718.942645247429, 765.0, 711.7634337212543, 849.6695766398216, 54.666666666666664, 0.0, 1.0, 0.0, 830.1443367870253
4.59, 3.0, 14.0, ag19, 8.287453567898527, 61.16288655765337, 11.359578393025455, 0.5321194117745498, 2759.063059276988, 765.0, 719.080286181824, 862.2072060240588, 54.666666666666664, 0.0, 1.0, 0.0, 836.7624974019609
4.59, 3.0, 16.0, ag19, 8.253405843011542, 61.20506853013472, 11.451711556285803, 0.5509597686678783, 2788.1959483428204, 765.0, 744.5402279295653, 871.3112338571315, 54.666666666666664, 0.0, 1.0, 0.0, 848.2838205955655
4.59, 3.5, 8.0, ag19, 7.837358034825748, 58.00884332946003, 24.3420486869077, 0.4459330425296779, 2419.6106659894476, 765.0, 602.6122196346998, 756.1283331217024, 54.666666666666664, 0.0, 1.0, 0.0, 762.5801842521341
4.59, 3.5, 10.0, ag19, 7.6495477416146835, 67.48206070518773, 19.858362588291858, 0.4726633899724424, 2533.07843912791, 765.0, 638.7343107735709, 791.5870122274719, 54.666666666666664, 0.0, 1.0, 0.0, 786.4404410003476
4.59, 3.5, 12.0, ag19, 8.036952107206186, 50.00932991508807, 11.82153786211842, 2965413248436.804, 2603.2962428468445, 765.0, 4007315200590275.5, 813.530075889639, 54.666666666666664, 0.0, 1.0, 0.0, 1335771733530672.8
4.59, 3.5, 16.0, ag19, 9.042874791472054, 38.351961662708575, 10.35347605155652, 0.5226105733569951, 2702.058101740715, 765.0, 706.2305045364799, 844.3931567939733, 54.666666666666664, 0.0, 1.05, 0.0, 867.8682814656586
5.1, 1.5, 8.0, ag19, 6.7700439389179, 182.21818985412435, 11.234604845640002, 0.5770412462339278, 2870.144552835403, 850.0, 779.7854678836862, 896.9201727610634, 54.666666666666664, 0.0, 1.0, 0.0, 896.9018802149164
5.1, 1.5, 10.0, ag19, 7.079306187051945, 162.23536262854452, 9.335042810290417, 0.5610516849079885, 2884.964422983266, 850.0, 758.1779525783628, 901.5513821822706, 54.666666666666664, 0.0, 1.0, 0.0, 891.2431115868777
4.59, 3.5, 14.0, ag19, 9.1236824436129, 37.189909296656104, 10.188612587862908, 0.5100230201489712, 2667.6735785128085, 765.0, 689.2202974986097, 833.6479932852526, 54.666666666666664, 0.0, 1.05, 0.0, 858.1539017743518
5.1, 1.5, 12.0, ag19, 7.066431425327619, 155.38293376645709, 7.618757911540999, 0.5793544043741554, 2905.1868213735265, 850.0, 782.9113572623721, 907.8708816792271, 54.666666666666664, 0.0, 1.0, 0.0, 901.5940796471997
5.1, 1.5, 14.0, ag19, 7.141994996747114, 143.8105839477074, 5.6472846510588735, 0.5866216276707343, 2904.621653417511, 850.0, 792.7319292847761, 907.6942666929722, 54.666666666666664, 0.0, 1.0, 0.0, 904.8087319925827
5.1, 1.5, 16.0, ag19, 7.135928824543539, 138.513731139246, 3.288298708242198, 0.584105822511451, 2899.70738920192, 850.0, 789.332192583042, 906.1585591256, 54.666666666666664, 0.0, 1.0, 0.0, 903.1635839028806
5.1, 2.0, 8.0, ag19, 7.050380555290149, 165.829823584855, 12.554532432474623, 0.5506407787136971, 2799.779529337005, 850.0, 744.1091604239149, 874.931102917814, 54.666666666666664, 0.0, 1.0, 0.0, 877.6800877805763
5.1, 2.0, 10.0, ag19, 7.5950529023001945, 136.26418234968776, 10.962894029061106, 0.565868480864261, 2836.863690005927, 850.0, 764.6871363030554, 886.5199031268521, 54.666666666666664, 0.0, 1.0, 0.0, 888.4023464766358
5.1, 2.0, 12.0, ag19, 7.5744587679262185, 129.41244533006974, 10.89983776530418, 0.569838779474327, 2866.4956299606083, 850.0, 770.0524046950364, 895.77988436269, 54.666666666666664, 0.0, 1.0, 0.0, 893.2774296859088
5.1, 2.0, 16.0, ag19, 7.686847126928262, 108.01022105292671, 9.43221474675866, 0.5809937282228462, 2889.6432597421194, 850.0, 785.126659760603, 903.0135186694123, 54.666666666666664, 0.0, 1.0, 0.0, 900.7133928100052
5.1, 2.0, 14.0, ag19, 7.716554455955908, 113.65322266185585, 10.26492881406907, 0.5711356718677361, 2879.864309537123, 850.0, 771.8049619834271, 899.9575967303509, 54.666666666666664, 0.0, 1.0, 0.0, 895.254186237926
5.1, 2.5, 8.0, ag19, 7.4176695436827895, 139.82690674818437, 12.33612680890467, 0.5160316817233664, 2688.0778282843457, 850.0, 697.3401104369817, 840.024321338858, 54.666666666666664, 0.0, 1.0, 0.0, 850.4548105919466
5.1, 2.5, 10.0, ag19, 7.475774617190515, 136.0663049675914, 12.399167796938224, 0.5385630934556596, 2757.190643043679, 850.0, 727.7879641292697, 861.6220759511496, 54.666666666666664, 0.0, 1.0, 0.0, 867.803346693473
5.1, 2.5, 12.0, ag19, 8.211786437441743, 92.78423606594284, 10.856091428469442, 0.5509971919329446, 2790.481277223214, 850.0, 744.5907999093846, 872.0253991322544, 54.666666666666664, 0.0, 1.0, 0.0, 876.8720663472129
5.1, 2.5, 14.0, ag19, 8.168041916193829, 82.53678635294781, 10.793403723839221, 0.5537350162617968, 2819.8675364485257, 850.0, 748.2905625159416, 881.2086051401643, 54.666666666666664, 0.0, 1.0, 0.0, 881.1663892187019
5.1, 2.5, 16.0, ag19, 8.392451728167797, 73.16805693816511, 10.293907493175224, 0.5473454207030097, 2835.2892858376467, 850.0, 739.6559739229862, 886.0279018242645, 54.666666666666664, 0.0, 1.0, 0.0, 879.8946252490834
5.1, 3.0, 8.0, ag19, 7.862818727354165, 116.38060850667146, 11.553361798422438, 0.46150941992581807, 2528.3388026282064, 850.0, 623.6613782781325, 790.1058758213145, 54.666666666666664, 0.0, 1.0, 0.0, 809.2557513664822
5.1, 3.0, 10.0, ag19, 7.8168643477575035, 108.4686347990638, 11.961179922331485, 0.5053959930838878, 2653.7713625328624, 850.0, 682.9675582214701, 829.3035507915196, 54.666666666666664, 0.0, 1.0, 0.0, 842.0903696709966
5.1, 3.0, 12.0, ag19, 8.956062560843531, 45.278651249493244, 10.015749737394751, 0.5191463225795345, 2696.90274449644, 850.0, 701.5490845669385, 842.7821076551376, 54.666666666666664, 0.0, 1.0, 0.0, 852.7770640740252
5.1, 3.0, 14.0, ag19, 8.884384094214315, 47.9078626308369, 10.225895713608368, 0.532708731751951, 2736.6626460237676, 850.0, 719.8766645296635, 855.2070768824274, 54.666666666666664, 0.0, 1.0, 0.0, 863.0279138040302
5.1, 3.0, 16.0, ag19, 9.144494264064173, 47.33335985189518, 9.755292987744674, 0.5421226082439609, 2760.4917861964495, 850.0, 732.5981192485957, 862.6536831863906, 54.666666666666664, 0.0, 1.0, 0.0, 869.750600811662
5.1, 3.5, 10.0, ag19, 8.247899320562052, 43.45111850732457, 11.171930146528632, 0.45560144048414825, 2514.444267063409, 850.0, 615.677622275876, 785.7638334573153, 54.666666666666664, 0.0, 1.0, 0.0, 805.1471519110637
5.61, 1.5, 8.0, ag19, 7.3733692020757955, 159.8433543239084, 9.068508445618441, 0.5565769322582168, 2817.5995977430853, 935.0, 752.1309895381308, 880.4998742947141, 54.666666666666664, 0.0, 1.0, 0.0, 910.543621277615
5.1, 3.5, 16.0, ag19, 9.69593689673521, 38.50837693883486, 9.368988815532274, 0.515465454590636, 2681.756573758973, 850.0, 696.5749386359946, 838.048929299679, 54.666666666666664, 0.0, 1.05, 0.0, 892.0183537774858
5.61, 1.5, 10.0, ag19, 7.637868292315104, 141.3479181390632, 7.1717468165905895, 0.5643514599261449, 2834.092440296127, 935.0, 762.6371080083039, 885.6538875925397, 54.666666666666664, 0.0, 1.0, 0.0, 915.7636652002813
5.61, 1.5, 12.0, ag19, 7.718783004274988, 129.9325589660966, 4.91784286879268, 0.5608395249770968, 2837.1841048775827, 935.0, 757.8912499690497, 886.6200327742446, 54.666666666666664, 0.0, 1.0, 0.0, 914.5037609144313
5.61, 1.5, 16.0, ag19, 7.684543561385645, 123.91142186889293, -0.3565062688545223, 0.5593535638368995, 2832.9783727362483, 935.0, 755.8831943741885, 885.3057414800776, 54.666666666666664, 0.0, 1.0, 0.0, 913.3963119514219
5.61, 1.5, 14.0, ag19, 7.696293944115535, 124.93251341821714, 3.066596101739853, 0.5620134933622901, 2833.9577731839404, 935.0, 759.4776937328245, 885.6118041199813, 54.666666666666664, 0.0, 1.0, 0.0, 914.6964992842686
5.61, 2.0, 8.0, ag19, 7.60467950265857, 145.8838656308998, 10.998742395303537, 0.5414102910981873, 2767.570318699715, 935.0, 731.6355285110639, 864.8657245936608, 54.666666666666664, 0.0, 1.0, 0.0, 898.500417701575
5.61, 2.0, 10.0, ag19, 8.18345711282651, 112.87708959390028, 9.294220625541987, 0.5364971112038887, 2797.787720045653, 935.0, 724.9960962214711, 874.3086625142664, 54.666666666666664, 0.0, 1.0, 0.0, 899.4349195785792
5.61, 2.0, 14.0, ag19, 8.299274455955908, 92.79140539869593, 8.395096347705651, 0.5655331445463628, 2835.595021937879, 935.0, 764.2339791167065, 886.1234443555873, 54.666666666666664, 0.0, 1.0, 0.0, 916.4524744907645
5.61, 2.0, 12.0, ag19, 8.14296824161043, 106.01484743833485, 9.47865130154697, 0.5482981795858725, 2826.429405315, 935.0, 740.9434859268547, 883.2591891609376, 54.666666666666664, 0.0, 1.0, 0.0, 907.734225029264
5.61, 2.0, 16.0, ag19, 8.298935547980895, 92.12272143036738, 7.5365174307289, 0.570039603439327, 2851.431410750409, 935.0, 770.323788431523, 891.0723158595029, 54.666666666666664, 0.0, 1.0, 0.0, 920.1320347636753
5.61, 2.5, 10.0, ag19, 8.2283104066642, 101.21176440556422, 10.687558649995797, 0.5292454483825894, 2729.211402033655, 935.0, 715.1965518683639, 852.8785631355172, 54.666666666666664, 0.0, 1.0, 0.0, 889.0250383346271
5.61, 2.5, 8.0, ag19, 7.974810596314369, 124.40524509883295, 11.048793118933139, 0.508365026901177, 2664.8026397970993, 935.0, 686.9797660826716, 832.7508249365935, 54.666666666666664, 0.0, 1.0, 0.0, 872.9101970064218
5.61, 2.5, 12.0, ag19, 8.793795911125954, 65.7206748456334, 9.58791427682146, 0.5410235536791902, 2761.3231900543196, 935.0, 731.112910377284, 862.9134968919749, 54.666666666666664, 0.0, 1.0, 0.0, 897.6754690897529
5.61, 2.5, 14.0, ag19, 8.767814547772776, 64.70252021074995, 9.599233964532397, 0.5511916186201705, 2788.91100600188, 935.0, 744.8535386759061, 871.5346893755876, 54.666666666666664, 0.0, 1.0, 0.0, 905.1294093504978
5.61, 2.5, 16.0, ag19, 8.979198043957272, 64.01224904248927, 8.853307707082253, 0.5541576344411153, 2802.3395745436223, 935.0, 748.8616681636694, 875.731117044882, 54.666666666666664, 0.0, 1.0, 0.0, 907.8642617361838
5.61, 3.0, 8.0, ag19, 8.427065043143639, 91.90571574104416, 10.476561097896791, 0.4627415124187371, 2509.188659754212, 935.0, 625.3263681334286, 784.1214561731913, 54.666666666666664, 0.0, 1.0, 0.0, 836.1492747688732
5.61, 3.0, 10.0, ag19, 8.435110663546979, 72.79276131483986, 10.742838424859842, 0.4763506412714071, 2633.72311828944, 935.0, 643.7170827991988, 823.0384744654501, 54.666666666666664, 0.0, 1.0, 0.0, 855.2518524215495
5.61, 3.0, 12.0, ag19, 9.565782560843532, 38.56802556277056, 9.043357274287175, 0.5117413612717252, 2673.774734092226, 935.0, 691.542380096926, 835.5546044038207, 54.666666666666664, 0.0, 1.05, 0.0, 919.1339445752614
5.61, 3.0, 14.0, ag19, 9.494104094214316, 41.442566905841765, 9.195394242703019, 0.52380103074218, 2712.6213951551367, 935.0, 707.8392307326756, 847.6941859859803, 54.666666666666664, 0.0, 1.0, 0.0, 884.8444722395518
5.61, 3.0, 16.0, ag19, 9.81531952722207, 41.21411787660013, 8.575514611877313, 0.5285503856316695, 2733.1651033833978, 935.0, 714.2572778806343, 854.1140948073117, 54.666666666666664, 0.0, 1.0, 0.0, 889.123790895982
