binder_count,binder_mass,span,aspect_ratio,mean_aerodynamic_chord,wing_area,horizontal_stabilizer_area,wing_loading,battery_capacity,propeller,main_wing_airfoil,horizontal_stabilizer_airfoil,fowler_affected_span,fowler_affected_span_ratio,fowler_affected_area,fowler_affected_area_ratio,fuselage_wetted_area,fuselage_length,fuselage_diameter,mass_total,mass_empty,mass_payload,mass_battery,mass_fuselage,mass_wing,mass_horizontal_stabilizer,mass_landing_gear,mass_misc,x_center_of_gravity,c_m_alpha,c_l_alpha,c_n_beta,x_neutral_point,static_margin,percent_mac,transport_box_height,transport_box_width,transport_box_length,take_off_length,take_off_time_from_counter_start,take_off_time_total,cl_max_at_take_off,assumed_wind_speed,take_off_ground_speed,take_off_air_speed,takeoff_battery_voltage,takeoff_battery_soc,climb_air_speed,climb_rate,climb_flap_angle,climb_cl,climb_reynolds,climb_battery_voltage,climb_battery_soc,efficiency_motor_on_air_speed,efficiency_motor_on_cl,efficiency_motor_on_reynolds,efficiency_motor_on_flap_angle,efficiency_motor_on_time,efficiency_motor_off_air_speed,efficiency_motor_off_cl,efficiency_motor_off_reynolds,efficiency_motor_off_flap_angle,efficiency_motor_off_time,efficiency_battery_voltage,efficiency_battery_soc,cruise_air_speed,cruise_flap_angle,cruise_cl,cruise_drag_force,cruise_reynolds,cruise_battery_voltage,cruise_battery_soc,score_factor_take_off,score_payload,max_payload,score_efficiency,max_efficiency,score_distance,max_distance,t_loading,t_unloading,b_loading,penalty_current,penalty_round,score_round
2,0.02849359340410399,2.4,9.000000000000002,0.2798782535564529,0.6399999999999999,0.11626374954691279,9.618694529341877,2.4,aeronaut14x8,acc24,ht14,0.0,0.0,0.0,0.0,0.5163501298348309,1.7,0.09,6.1559644987788005,1.9059644987788005,4.25,0.21344,0.3180716799782558,0.49970911790619443,0.04829395089434991,0.15144975,0.675,0.3357914786416332,-1.532160348002737,5.300895140881139,0.07507909359280693,0.4166859669645013,0.2890380411765803,0.23967975519882947,0.31205378753922003,0.147051182617997,0.940895029842783,41.66717151708969,6.800000000000003,7.600000000000004,1.518989436843182,2.2,9.732696152664257,11.932696152664256,11.884024998758415,0.9562499999999999,17.64152864164169,2.4263161083835345,4,0.524884242999985,300561.8765051784,11.754727082970673,0.9135416666666667,34.08176512196144,0.141966139107287,580657.1237532062,0,74.2698282392981,24.70536694633935,0.2701757166615977,420909.75220896513,0,15.730171760701893,11.319176879050344,0.749531548195663,34.025860397331634,0,0.14243302504328242,6.190081482911158,579704.664967941,10.89417266280883,0.46434087416910375,1.0,708.3333333333334,6.0,889.1625434293844,0.74,956.9773236749522,3200.0,14.999999999999998,10.0,51.66666666666667,0.0,0.0,903.1577334792233
2,0.029876863814127103,2.4657656011875906,9.500000000000002,0.27241348821314215,0.6399999999999999,0.1152985849465776,9.646827553239827,2.4,aeronaut14x8,acc24,ht14,0.0,0.0,0.0,0.0,0.5163501298348309,1.7,0.09,6.173969634073488,1.9239696340734884,4.25,0.21344,0.3180716799782558,0.5182363767653175,0.04777182732991482,0.15144975,0.675,0.33536854039748837,-1.527317484989839,5.359888430271132,0.0747342093080761,0.4129941075721488,0.2849532233477067,0.24653206048169649,0.3037308533030959,0.14525903750485197,0.9510101091920521,43.44544417466739,7.0000000000000036,7.800000000000004,1.5179275482566326,2.2,9.854437408525087,12.054437408525086,11.88176666500406,0.9555555555555555,17.58119786654213,2.4316248398889897,4,0.529981820151668,291544.99697398837,11.753770833047236,0.9131944444444444,32.79089917609458,0.1538121562944699,543764.0070738319,0,65.88874546102075,26.6575853093777,0.23273178306691347,442056.6611758936,0,24.111254538979253,11.350583870798296,0.7640820391301724,34.11732599446927,0,0.1420847088872491,6.202346945521802,565759.8406731567,10.92773334213943,0.4934418560381224,1.0,708.3333333333334,6.0,890.8339755806719,0.74,959.5497935944483,3200.0,14.999999999999998,10.0,51.66666666666667,0.0,0.0,904.5723675028178
2,0.030705921157362134,2.5099800796022276,10.000000000000005,0.26343331542770915,0.6300000000000001,0.11178867245503757,9.817401795729195,2.4,aeronaut14x8,acc24,ht14,0.0,0.0,0.0,0.0,0.5163501298348309,1.7,0.09,6.184963131309394,1.9349631313093942,4.25,0.21344,0.3180716799782558,0.5311157196907902,0.045885981640348086,0.15144975,0.675,0.33463047542189517,-1.515119245237296,5.410211374145181,0.07439745797036698,0.4084030626718672,0.2800480684503175,0.2544060617411618,0.29371829643295044,0.14298311511967327,0.9632985884473763,43.365554916379025,7.0000000000000036,7.800000000000004,1.5158146124981073,2.2,9.84304979233563,12.04304979233563,11.88176666500406,0.9555555555555555,17.560641965972447,2.434356277297688,4,0.5405919653463136,281604.51280688395,11.753770833047236,0.9131944444444444,31.57356802811457,0.16883482694395321,506317.4375607084,0,57.86370264406468,26.80182975689862,0.23430441618797626,429797.28335953946,0,32.13629735593532,11.38142694965307,0.7780144051318322,34.22165373292055,0,0.14371674669332088,6.170228605982074,548782.4502987246,10.95673880126343,0.521306588041442,1.0,708.3333333333334,6.0,894.1710855259346,0.74,962.4840112383905,3200.0,14.999999999999998,10.0,51.66666666666667,0.0,0.0,906.6628100325527
2,0.029283651569841192,2.4464259645450137,9.499999999999998,0.27027687884684964,0.6300000000000001,0.11260685791427866,9.78748655628431,2.4,aeronaut14x8,acc24,ht14,0.0,0.0,0.0,0.0,0.5163501298348309,1.7,0.09,6.166116530459117,1.9161165304591172,4.25,0.21344,0.3180716799782558,0.5118313341450298,0.04632376633583179,0.15144975,0.675,0.3350277920884558,-1.52127918352183,5.356470006224095,0.07471196836091855,0.4117916242123094,0.28400778530527354,0.24775840133693194,0.3013486137515373,0.14462341901675632,0.9540279672317062,43.55753949596563,7.0000000000000036,7.800000000000004,1.5175763111748646,2.2,9.881306904415487,12.081306904415488,11.88176666500406,0.9555555555555555,17.611968927003907,2.43202223244324,4,0.5358483975036501,289764.6015485202,11.753770833047236,0.9131944444444444,32.56280096969488,0.1582488148469969,535746.2920468908,0,60.675698324246106,25.706276328391954,0.2539251001126088,422937.88664205937,0,29.324301675753894,11.370711333471354,0.7731324681870728,34.18661151436939,0,0.143572698118427,6.170216347780855,562462.3745824703,10.944055109392119,0.5115427141519233,1.0,708.3333333333334,6.0,893.0739910879183,0.74,961.4984488416392,3200.0,14.999999999999998,10.0,51.66666666666667,0.0,0.0,905.9685910876302
2,0.027344686070080487,2.3622023622035435,9.000000000000004,0.2754704465335231,0.6199999999999999,0.1108566877391812,9.904087812393978,2.4,aeronaut14x8,acc24,ht14,0.0,0.0,0.0,0.0,0.5163501298348309,1.7,0.09,6.140534443684265,1.890534443684265,4.25,0.21344,0.3180716799782558,0.4871843507627397,0.04538866294326972,0.15144975,0.675,0.33509902733456387,-1.520548030926629,5.294024521516896,0.07502276257859641,0.4142204053507748,0.28721968036728074,0.24207740974748815,0.3071392475248784,0.14574682337862954,0.9471139290964918,43.85244088766498,7.0000000000000036,7.800000000000004,1.5190999454653649,2.2,9.94475356039432,12.14475356039432,11.88176666500406,0.9555555555555555,18.3237747383964,2.4268379828384568,4,0.501304269683607,307268.81201435067,11.753770833047236,0.9131944444444444,33.86752867088738,0.14803358784570664,567919.8445263273,0,69.99825977663056,25.357572691287324,0.26406565598542187,425217.5846766209,0,20.00174022336944,11.335339641330279,0.7569474656655719,34.258938551764615,0,0.14467033039752406,6.158523353311619,574483.3419947725,10.910092686787861,0.4791727091089216,1.0,708.3333333333334,6.0,897.9558124495401,0.74,963.5326467683798,3200.0,14.999999999999998,10.0,51.66666666666667,0.0,0.0,908.2739308504176
2,0.03155898378929888,2.5514701644346145,10.499999999999996,0.25503607629405556,0.6200000000000001,0.10844445317969237,9.99475163017717,2.4,aeronaut14x8,acc24,ht14,0.0,0.0,0.0,0.0,0.5163501298348309,1.7,0.09,6.196746010709846,1.9467460107098464,4.25,0.21344,0.3180716799782558,0.5446763663033413,0.044108214428248554,0.15144975,0.675,0.3339248670658568,-1.501158260235322,5.455975451125228,0.0740911934283382,0.404091760507364,0.275140215289225,0.26220753366038824,0.28435568878754935,0.1408491473059994,0.9747951639064512,45.259267853642,7.200000000000004,8.000000000000004,1.5145802029745092,2.2,9.98473146578285,12.18473146578285,11.879385415194369,0.954861111111111,17.55450786927688,2.435311883344965,4,0.5507347942633832,272532.8143815855,11.7528145831238,0.9128472222222223,32.83603598117293,0.1589217569460637,509777.7371900028,0,64.68885658119468,26.715169461416544,0.2400871613185316,414751.6053550724,0,25.311143418805315,11.355083453737675,0.7661651795465371,34.22538982542089,0,0.146281025617427,6.116424536594305,531347.3827855629,10.933002895016145,0.4976081368708518,1.0,708.3333333333334,6.0,898.0516744796423,0.74,962.5890888399625,3200.0,14.999999999999998,10.0,51.66666666666667,0.0,0.0,907.9913655509795
2,0.027919272727590507,2.3811761799581315,9.0,0.27768309610704484,0.63,0.11354949006422387,9.759115119313927,2.4,aeronaut14x8,acc24,ht14,0.0,0.0,0.0,0.0,0.5163501298348309,1.7,0.09,6.148242525167774,1.898242525167774,4.25,0.21344,0.3180716799782558,0.49345158209320283,0.04682951309631534,0.15144975,0.675,0.3354428178277112,-1.52655924438478,5.29748313398127,0.07505020826058903,0.4154581822687922,0.2881668909132533,0.24083747820554102,0.30960626906421096,0.14640131848758553,0.9439924124482033,43.7408706684278,7.0000000000000036,7.800000000000004,1.5194690625115255,2.2,9.91797035586142,12.11797035586142,11.88176666500406,0.9555555555555555,17.66939696727059,2.4265845386518854,4,0.5308832605219508,298675.565741356,11.753770833047236,0.9131944444444444,32.82013903771485,0.15532537294153095,554776.9181346125,0,64.03586623634793,26.09419208531296,0.24571718321516894,441084.5258658741,0,25.96413376365207,11.357453317616311,0.7672988433396737,34.148622224815554,0,0.1434752089357813,6.176027607300479,577233.0024152563,10.935685385042648,0.49987546445712516,1.0,708.3333333333334,6.0,892.4755991115331,0.74,960.4300000729374,3200.0,14.999999999999998,10.0,51.66666666666667,0.0,0.0,905.4129775059346
2,0.032191856070111755,2.5719642299223366,10.499999999999998,0.25708459174297527,0.63,0.11107866029534519,9.848989961244618,2.4,aeronaut14x8,acc24,ht14,0.0,0.0,0.0,0.0,0.5163501298348309,1.7,0.09,6.204863675584109,1.9548636755841091,4.25,0.21344,0.3180716799782558,0.5513952666806439,0.045506978925209565,0.15144975,0.675,0.3342470518664928,-1.507985323925267,5.459295046098747,0.07411810051703235,0.4052615250780852,0.2762234521475231,0.26086002528237356,0.2866397069152352,0.14146379894454592,0.9718964941402187,45.13969379910421,7.200000000000004,8.000000000000004,1.5149182809921713,2.2,9.956880537565914,12.156880537565915,11.879385415194369,0.954861111111111,17.81733001712022,2.4380861183054785,4,0.5269460149993822,278834.94222500134,11.7528145831238,0.9128472222222223,31.824932652237123,0.1667130148417505,498048.9921258903,0,60.601917657601916,27.35079331792352,0.22571719079016234,428030.286652556,0,29.398082342398084,11.371059581469755,0.7732605596222188,34.22950372038131,0,0.14411304243723572,6.166035451971111,535679.682819594,10.944285673957095,0.5117988970222156,1.0,708.3333333333334,6.0,895.1844858458802,0.74,962.7047921357242,3200.0,14.999999999999998,10.0,51.66666666666667,0.0,0.0,907.0742037716459
2,0.03009297358749691,2.489979919597747,10.0,0.2613342117328703,0.6200000000000002,0.10913762755003537,9.962881301273582,2.4,aeronaut14x8,acc24,ht14,0.0,0.0,0.0,0.0,0.5163501298348309,1.7,0.09,6.176986406789623,1.9269864067896227,4.25,0.21344,0.3180716799782558,0.5245498166127329,0.044475160198633755,0.15144975,0.675,0.3343016926786337,-1.508531297760859,5.406850450942236,0.07436946335905413,0.4072120377233931,0.2790037030704209,0.25572276408082345,0.29137787430265477,0.1423562129230607,0.9662659127742845,45.46826161892226,7.200000000000004,8.000000000000004,1.5162371495770415,2.2,10.024913220039235,12.224913220039234,11.879385415194369,0.954861111111111,17.59643668146345,2.433994449621435,4,0.5463963285898715,279930.05079638504,11.7528145831238,0.9128472222222223,32.83346317278126,0.15843982967764336,522325.8083530066,0,65.18233825188177,26.840601609893586,0.2370900134720588,426989.34494947793,0,24.817661748118226,11.353232897620645,0.7653084405349274,34.2503572998419,0,0.14560206702052372,6.129742594601874,544866.238108254,10.931123655628692,0.4958946588476326,1.0,708.3333333333334,6.0,897.3782534943049,0.74,963.2912990580534,3200.0,14.999999999999998,10.0,51.66666666666667,0.0,0.0,908.0009619618972
2,0.028690138542603834,2.4269322199023198,9.500000000000004,0.2681232438971631,0.6199999999999999,0.10993640991283174,9.932704309987885,2.4,aeronaut14x8,acc24,ht14,0.0,0.0,0.0,0.0,0.5163501298348309,1.7,0.09,6.158276672192487,1.9082766721924873,4.25,0.21344,0.3180716799782558,0.505416227942086,0.04489901427214544,0.15144975,0.675,0.3346918345715349,-1.515101535684173,5.353077737819834,0.07468009500565348,0.410577002514013,0.2830337256229037,0.2490105985446505,0.2989473913111129,0.14398328078945632,0.9570693278994307,43.66993912953517,7.0000000000000036,7.800000000000004,1.5172194620870652,2.2,9.908271443507864,12.108271443507864,11.88176666500406,0.9555555555555555,17.646007970632176,2.4319547767114957,4,0.541722820061124,288011.2554509873,11.753770833047236,0.9131944444444444,33.65576142170274,0.15033547126373756,549316.2032090054,0,69.59521125618743,25.88802267928958,0.25408705720753844,422534.20294350624,0,20.404788743812574,11.336800692440244,0.7576472026802301,34.26125959201445,0,0.14506867794332576,6.141963680506769,559198.9080391848,10.912259073141541,0.48057218313823813,1.0,708.3333333333334,6.0,897.2163779609617,0.74,963.5979260254063,3200.0,14.999999999999998,10.0,51.66666666666667,0.0,0.0,908.0492124399004
2,0.0328243661586161,2.592296279363144,10.5,0.25911691263180253,0.6399999999999999,0.11373385766224212,9.707802698237716,2.4,aeronaut14x8,acc24,ht14,0.0,0.0,0.0,0.0,0.5163501298348309,1.7,0.09,6.212993726872138,1.9629937268721376,4.25,0.21344,0.3180716799782558,0.5581036941758072,0.04692860271807395,0.15144975,0.675,0.33457388766271284,-1.514669885537028,5.462633433697241,0.07414655785222325,0.4064183613268397,0.2772783317645869,0.25953288753633047,0.2889056687139632,0.1420741286456758,0.9690202026403607,43.04993200975974,7.0000000000000036,7.800000000000004,1.514496070142021,2.2,9.775738248121757,11.975738248121758,11.88176666500406,0.9555555555555555,17.482559373190252,2.4342012217841145,4,0.5392964667088571,275758.7465946272,11.753770833047236,0.9131944444444444,32.85460152025256,0.15418471767872882,518227.53989809577,0,65.36843801457502,26.431813562350126,0.2382208739456118,416918.57711371605,0,24.63156198542498,11.352535023566375,0.7649853506691406,34.12726149783414,0,0.14289954889478512,6.183319296296422,538301.6670763638,10.930286101117481,0.49524847911605896,1.0,708.3333333333334,6.0,892.3396508632362,0.74,959.8292296265852,3200.0,14.999999999999998,10.0,51.66666666666667,0.0,0.0,905.1674046077183
2,0.03131853547402114,2.529822128134704,10.0,0.26551582463655365,0.6400000000000002,0.11446084178047158,9.67648841635493,2.4,aeronaut14x8,acc24,ht14,0.0,0.0,0.0,0.0,0.5163501298348309,1.7,0.09,6.1929525864671575,1.9429525864671575,4.25,0.21344,0.3180716799782558,0.5376712855495479,0.04731987093935343,0.15144975,0.675,0.3349639763252331,-1.521466303670905,5.41355973041567,0.07442666478280419,0.4095836770384133,0.281047292250728,0.25313716194734853,0.2960402163318616,0.1436056002460975,0.9603541834220408,43.25263221211103,7.0000000000000036,7.800000000000004,1.5161545298258035,2.2,9.815999230785426,12.015999230785425,11.88176666500406,0.9555555555555555,17.527799362353814,2.4338310886817536,4,0.5348139020989154,283299.8387922345,11.753770833047236,0.9131944444444444,32.82084774036148,0.1540036412555793,530479.65016301,0,65.26704861127875,26.435910374925474,0.23737885820303353,427280.62962814554,0,24.732951388721247,11.352915233798319,0.7651613739387522,34.1083672173784,0,0.142596451449517,6.184416598005884,551289.6818583849,10.930750400548035,0.495600525655282,1.0,708.3333333333334,6.0,891.7294041050436,0.74,959.2978279887675,3200.0,14.999999999999998,10.0,51.66666666666667,0.0,0.0,904.7868551423815
2,0.030469803008086972,2.4849547279578355,9.500000000000002,0.2745334695109301,0.6499999999999999,0.11801142410248291,9.510517437196308,2.4,aeronaut14x8,acc24,ht14,0.0,0.0,0.0,0.0,0.5163501298348309,1.7,0.09,6.181836334177599,1.931836334177599,4.25,0.21344,0.3180716799782558,0.5246316557893925,0.049243248409950535,0.15144975,0.675,0.3357140604784577,-1.533096308111761,5.363222672871188,0.0747644567309643,0.4141853785433645,0.28585356261015016,0.24535057227831117,0.3060945531800269,0.145890239688568,0.9480152071314051,41.38398184677404,6.800000000000003,7.600000000000004,1.51745091142345,2.2,9.669938299559465,11.869938299559465,11.884024998758415,0.9562499999999999,17.553960301974463,2.4304583310689156,4,0.524104922728819,293358.67450057424,11.754727082970673,0.9135416666666667,31.83189169105532,0.16091333890580647,531968.9342286753,0,59.6034372637214,26.522790933185675,0.23178135603746153,443244.1829858775,0,30.396562736278597,11.375212593513437,0.7749940325282615,34.02888198010532,0,0.14080613645555848,6.229431930403378,568684.6466946449,10.947405924940472,0.5152658428343007,1.0,708.3333333333334,6.0,888.2873278457893,0.74,957.062305690462,3200.0,14.999999999999998,10.0,51.66666666666667,0.0,0.0,902.8943222898615
2,0.03345654848430267,2.6124700955226263,10.499999999999998,0.2611334170726186,0.6500000000000001,0.11640988063825053,9.570979258710159,2.4,aeronaut14x8,acc24,ht14,0.0,0.0,0.0,0.0,0.5163501298348309,1.7,0.09,6.221136518161604,1.9711365181616038,4.25,0.21344,0.3180716799782558,0.5648019524410586,0.048373135742288645,0.15144975,0.675,0.3349053553817625,-1.520801740960334,5.465896266274039,0.07416980491574221,0.4075654144591703,0.2782346511667382,0.2583076299816003,0.2911539957645656,0.14268023524016635,0.966165768995268,42.9364927429728,7.0000000000000036,7.800000000000004,1.5148201368888339,2.2,9.748601590752143,11.948601590752144,11.88176666500406,0.9555555555555555,17.451012182564632,2.4329110361418156,4,0.5336061004751886,277403.2836773093,11.753770833047236,0.9131944444444444,31.959743698773753,0.16064329242762235,508035.73768533743,0,60.133333273560545,26.496998524730277,0.2337092001498111,421199.3162033755,0,29.866666726439455,11.373300000256522,0.7740740741778462,34.05740114367009,0,0.141464074557194,6.212811124933676,541380.3401162367,10.945750000041073,0.5134259261334704,1.0,708.3333333333334,6.0,889.0768191157148,0.74,957.8644071657213,3200.0,14.999999999999998,10.0,51.66666666666667,0.0,0.0,903.4248532049232
2,0.029067672608624775,2.4186773244895656,9.000000000000002,0.28205632728947216,0.6500000000000002,0.11899929788282146,9.482616471024057,2.4,aeronaut14x8,acc24,ht14,0.0,0.0,0.0,0.0,0.5163501298348309,1.7,0.09,6.163700706165639,1.9137007061656393,4.25,0.21344,0.3180716799782558,0.5059572479364378,0.04978202825094552,0.15144975,0.675,0.3361449907907659,-1.537643269103297,5.304319276927949,0.07510592737110958,0.4179049990206589,0.28988512735112715,0.23855558051995615,0.3144822583092483,0.14769652179317522,0.9378212198975764,41.5613924156878,6.800000000000003,7.600000000000004,1.5193432790763557,2.2,9.706603121277437,11.906603121277438,11.884024998758415,0.9562499999999999,17.616284812043162,2.42447874678618,4,0.5189357220212888,302467.4840706257,11.754727082970673,0.9135416666666667,31.301270117930606,0.16592700036940763,537435.4764242404,0,56.17410087865643,26.22066573074134,0.2364577510696385,450202.68909437384,0,33.82589912134357,11.39085176117271,0.7809477415301104,33.97906319155183,0,0.1408050335953132,6.233402777748213,583412.5562956019,10.963526392930508,0.5271732608379985,1.0,708.3333333333334,6.0,885.895766894697,0.74,955.6611522623951,3200.0,14.999999999999998,10.0,51.66666666666667,0.0,0.0,901.6300841634752
2,0.03193084758938414,2.5495097567963927,9.999999999999996,0.2675821268089917,0.6500000000000004,0.11715396983181603,9.53993096658546,2.4,aeronaut14x8,acc24,ht14,0.0,0.0,0.0,0.0,0.5163501298348309,1.7,0.09,6.200955128280553,1.9509551282805528,4.25,0.21344,0.3180716799782558,0.5442168197056498,0.04877687859664641,0.15144975,0.675,0.3353021763315519,-1.527449626682172,5.416883444325528,0.0744556982810943,0.4107520519609419,0.281979415355938,0.2519302068567207,0.2983440659911913,0.14422376934764802,0.9574321646611605,43.14000267740834,7.0000000000000036,7.800000000000004,1.5164890930226032,2.2,9.78904233920773,11.989042339207732,11.88176666500406,0.9555555555555555,17.498083405420257,2.4331891119909526,4,0.5290438792533847,285020.5066323832,11.753770833047236,0.9131944444444444,32.747127243619616,0.15251466829903493,533407.1498847913,0,65.30839656010392,26.377435978948053,0.23506765447805833,429653.3507237825,0,24.691603439896085,11.352760179002628,0.7650895893053751,34.01548360945726,0,0.14135290213627524,6.206550471329624,554066.9881999678,10.930568211119452,0.49545695638852805,1.0,708.3333333333334,6.0,888.5118367668233,0.74,956.6854765159857,3200.0,14.999999999999998,10.0,51.66666666666667,0.0,0.0,902.8435488720474
2,0.026415386411199313,2.3622023622035435,9.000000000000004,0.2754704465335231,0.6199999999999999,0.1108566877391812,9.620645214525338,2.4,aeronaut14x8,acc24,ht14,0.0,0.0,0.0,0.0,0.5163501298348309,1.7,0.09,5.964800033005709,1.8848000330057086,4.08,0.21344,0.3180716799782558,0.48144994008418257,0.04538866294326972,0.15144975,0.675,0.3335854856967263,-1.54989452743561,5.294024521516896,0.07514738806578089,0.4142374249859261,0.2927630049948312,0.23659586900770274,0.3071392475248784,0.14574682337862954,0.9471139290964918,39.67161252777038,6.400000000000003,7.200000000000004,1.5184066536607885,2.2,9.812240728500079,12.012240728500078,11.888674999787204,0.9576388888888889,17.702819634233936,2.5245304097245835,4,0.5209933171889184,296856.1028485675,11.756639582817545,0.9142361111111111,32.639962316773,0.15481666185755227,547334.956276903,0,62.6773342950552,26.894515386947592,0.22802872036950417,450990.3614637139,0,27.322665704944797,11.36237799679806,0.7696574057377514,34.237759760793246,0,0.14070395850649106,6.159910586854966,574128.1978154439,10.939727997827166,0.5045925892532805,1.05,680.0,6.0,903.2315474666143,0.74,962.93699327231,3200.0,14.399999999999999,9.6,52.0,0.0,0.0,945.7589892586234
2,0.027695558770131214,2.4269322199023198,9.500000000000004,0.2681232438971631,0.6199999999999999,0.10993640991283174,9.648272089081543,2.4,aeronaut14x8,acc24,ht14,0.0,0.0,0.0,0.0,0.5163501298348309,1.7,0.09,5.981928695230555,1.9019286952305547,4.08,0.21344,0.3180716799782558,0.49906825098015334,0.04489901427214544,0.15144975,0.675,0.33317633643839817,-1.545586360993289,5.353077737819834,0.07480473208186797,0.4105938982106947,0.28872854770511236,0.24337879112851887,0.2989473913111129,0.14398328078945632,0.9570693278994307,39.50949587804084,6.400000000000003,7.200000000000004,1.5165498794055408,2.2,9.776783289259608,11.976783289259608,11.888674999787204,0.9576388888888889,17.63966838337415,2.530654683473309,4,0.526172530121216,287907.7831818903,11.756639582817545,0.9142361111111111,31.63846976501294,0.165246168822543,516390.7560698575,0,56.634920260241465,26.911469412650682,0.22839548599881704,439238.5011084573,0,33.365079739758535,11.388281252533277,0.7801477078815252,34.23456464385755,0,0.14113434784513826,6.137346739344216,558763.2035135117,10.961690477325204,0.5255731935408282,1.05,680.0,6.0,904.65991646964,0.74,962.8471306084938,3200.0,14.399999999999999,9.6,52.0,0.0,0.0,946.2274664773469
2,0.02902890189409344,2.489979919597747,10.0,0.2613342117328703,0.6200000000000002,0.10913762755003537,9.677367472101292,2.4,aeronaut14x8,acc24,ht14,0.0,0.0,0.0,0.0,0.5163501298348309,1.7,0.09,5.9999678327028025,1.9199678327028025,4.08,0.21344,0.3180716799782558,0.5175312425259123,0.044475160198633755,0.15144975,0.675,0.33278543692168383,-1.540095786878674,5.406850450942236,0.07449406385699538,0.4072276482458223,0.2848415728994846,0.2499446281929291,0.29137787430265477,0.1423562129230607,0.9662659127742845,39.340091169390206,6.400000000000003,7.200000000000004,1.5148222867527725,2.2,9.739854093736916,11.939854093736916,11.888674999787204,0.9576388888888889,17.584871090586194,2.53209279157021,4,0.531012239132686,279746.0614751169,11.756639582817545,0.9142361111111111,32.048458921879174,0.1615309427630405,509837.69591249846,0,58.71762838597377,26.93110766235911,0.22875026059650824,428429.14576385217,0,31.282371614026232,11.378255883456122,0.77653189516324,34.27750746596766,0,0.14120548325415783,6.140895698182115,545298.1521099518,10.95263689670657,0.5183415681042578,1.05,680.0,6.0,905.5272659166712,0.74,964.0548974803404,3200.0,14.399999999999999,9.6,52.0,0.0,0.0,946.9537571889542
2,0.030420540350303404,2.5514701644346145,10.499999999999996,0.25503607629405556,0.6200000000000001,0.10844445317969237,9.70804806026744,2.4,aeronaut14x8,acc24,ht14,0.0,0.0,0.0,0.0,0.5163501298348309,1.7,0.09,6.018989797365814,1.9389897973658137,4.08,0.21344,0.3180716799782558,0.5369201529593086,0.044108214428248554,0.15144975,0.675,0.3324090234089447,-1.533818353034563,5.455975451125228,0.0742158232718041,0.4041084591045507,0.28112632961320083,0.256286894768082,0.28435568878754935,0.1408491473059994,0.9747951639064512,41.119446103938955,6.600000000000003,7.400000000000004,1.5140303057062516,2.2,9.871205076346671,12.071205076346672,11.88634999927281,0.9569444444444444,17.539751938737385,2.531746386080152,4,0.5354126931578246,272303.7293335344,11.75568333289411,0.9138888888888889,32.435089408156244,0.1582029275875756,503553.0626634027,0,61.039985704797246,26.909499407506832,0.22984416204959343,417768.5675804447,0,28.960014295202754,11.369151728247633,0.7725000248180603,34.23901134444215,0,0.1419718635594628,6.120132143886136,531558.8561542645,10.943291689002196,0.5102778274138985,1.0,680.0,6.0,904.9676118332995,0.74,962.9721940624354,3200.0,14.399999999999999,9.6,52.0,0.0,0.0,901.3132686319117
2,0.029621319738161248,2.5099800796022276,10.000000000000005,0.26343331542770915,0.6300000000000001,0.11178867245503757,9.536330213945726,2.4,aeronaut14x8,acc24,ht14,0.0,0.0,0.0,0.0,0.5163501298348309,1.7,0.09,6.007888034785809,1.9278880347858092,4.08,0.21344,0.3180716799782558,0.5240406231672047,0.045885981640348086,0.15144975,0.675,0.3331263986564755,-1.54627068444044,5.410211374145181,0.07452120334198,0.4084198654475407,0.28580596533250097,0.24871194865050913,0.29371829643295044,0.14298311511967327,0.9632985884473763,39.23830537793422,6.400000000000003,7.200000000000004,1.51516547344872,2.2,9.713306797238511,11.913306797238512,11.888674999787204,0.9576388888888889,17.558887651177884,2.5302877439557543,4,0.5248144772839842,281576.3804092193,11.756639582817545,0.9142361111111111,31.861780816413287,0.1610474996964443,510939.2516145934,0,57.410890887676054,26.646406970520275,0.23025907989180636,427304.90534044587,0,32.589109112323946,11.383952790651248,0.7788005366533401,34.217167165792645,0,0.13963875724792946,6.176728127260758,548710.5031824019,10.958699464581331,0.5228788510844581,1.05,680.0,6.0,902.4275972436081,0.74,962.3578265379182,3200.0,14.399999999999999,9.6,52.0,0.0,0.0,945.2748983235343
2,0.026971106871318914,2.3811761799581315,9.0,0.27768309610704484,0.63,0.11354949006422387,9.480091610913929,2.4,aeronaut14x8,acc24,ht14,0.0,0.0,0.0,0.0,0.5163501298348309,1.7,0.09,5.972457714875775,1.8924577148757749,4.08,0.21344,0.3180716799782558,0.4876667718012036,0.04682951309631534,0.15144975,0.675,0.33394181619429075,-1.555500654320689,5.29748313398127,0.07517394114506318,0.4154752141323677,0.29363012868181954,0.2354355760523373,0.30960626906421096,0.14640131848758553,0.9439924124482033,37.63160054507338,6.200000000000003,7.0000000000000036,1.5178488190703088,2.2,9.61075161068891,11.81075161068891,11.891000000253598,0.9583333333333333,17.659804130182145,2.522232378841476,4,0.5158696277139326,298513.4127233575,11.757595832740982,0.9145833333333333,31.852891950910596,0.16018712042889616,538427.0069634467,0,58.83386620127982,27.046269536502855,0.2221828778448279,457178.01631664956,0,31.166133798720182,11.377865397076597,0.7763300934005559,34.100314104287875,0,0.13976826448875657,6.171236644245812,576416.4236007539,10.951808702340104,0.5179379645788895,1.05,680.0,6.0,900.9513515930743,0.74,959.0713341830966,3200.0,14.399999999999999,9.6,52.0,0.0,0.0,943.6079400216598
2,0.03103202869122037,2.5719642299223366,10.499999999999998,0.25708459174297527,0.63,0.11107866029534519,9.56674331904958,2.4,aeronaut14x8,acc24,ht14,0.0,0.0,0.0,0.0,0.5163501298348309,1.7,0.09,6.027048291001235,1.9470482910012352,4.08,0.21344,0.3180716799782558,0.5435798820977693,0.045506978925209565,0.15144975,0.675,0.3327432290318223,-1.54038085218881,5.459295046098747,0.07424262294952193,0.4052770411631598,0.28215746523712393,0.2549863661990918,0.2866397069152352,0.14146379894454592,0.9718964941402187,39.059704432652794,6.400000000000003,7.200000000000004,1.5135394299433096,2.2,9.674484767339319,11.874484767339318,11.888674999787204,0.9576388888888889,17.512472923261445,2.53016396753172,4,0.5292539377288747,274064.0360302284,11.756639582817545,0.9142361111111111,31.865136121513363,0.16152708766578558,498678.1622665406,0,57.18897024263817,26.60102417938467,0.2317822652590217,416296.663588624,0,32.81102975736183,11.385190691954982,0.7791858155509754,34.245353859092006,0,0.13985358469133272,6.177076510686845,535927.7319104179,10.959559407011962,0.5236494088797286,1.05,680.0,6.0,902.9551342431256,0.74,963.1505772869627,3200.0,14.399999999999999,9.6,52.0,0.0,0.0,945.736999035531
2,0.02884295815125651,2.4657656011875906,9.500000000000002,0.27241348821314215,0.6399999999999999,0.1152985849465776,9.371116822331139,2.4,aeronaut14x8,acc24,ht14,0.0,0.0,0.0,0.0,0.5163501298348309,1.7,0.09,5.997514766291928,1.9175147662919283,4.08,0.21344,0.3180716799782558,0.5117815089837575,0.04777182732991482,0.15144975,0.675,0.3338778563788521,-1.556967381983439,5.359888430271132,0.07485706492378286,0.4130110285734164,0.29048503569405065,0.24106236327281713,0.3037308533030959,0.14525903750485197,0.9510101091920521,37.38031565492453,6.200000000000003,7.0000000000000036,1.5163512580145349,2.2,9.549771078162863,11.749771078162862,11.891000000253598,0.9583333333333333,17.562806489600753,2.5244233167289907,4,0.5155201066852226,291240.01696207887,11.757595832740982,0.9145833333333333,31.77360285443639,0.1591370207545467,526894.4140420676,0,58.19321992387225,26.85218253868245,0.2228152786078373,445283.6226753013,0,31.80678007612775,11.38001756799242,0.777442326521055,34.02191747967399,0,0.13879907611055264,6.181034999190018,564177.7030185764,10.955204486141897,0.520162430819888,1.05,680.0,6.0,899.0152226144447,0.74,956.866429115831,3200.0,14.399999999999999,9.6,52.0,0.0,0.0,942.1585781055966
2,0.02752661035419914,2.4,9.000000000000002,0.2798782535564529,0.6399999999999999,0.11626374954691279,9.343952347791031,2.4,aeronaut14x8,acc24,ht14,0.0,0.0,0.0,0.0,0.5163501298348309,1.7,0.09,5.980129502586259,1.9001295025862586,4.08,0.21344,0.3180716799782558,0.49387412171365275,0.04829395089434991,0.15144975,0.675,0.3343031318671599,-1.560703592251935,5.300895140881139,0.07520193950094627,0.4167030111500872,0.29442264952868086,0.234356045417337,0.31205378753922003,0.147051182617997,0.940895029842783,37.53668058389569,6.200000000000003,7.0000000000000036,1.518205434304543,2.2,9.585205262911838,11.785205262911838,11.891000000253598,0.9583333333333333,17.573421315513485,2.51981688244264,4,0.5134309171552803,299401.51981723675,11.757595832740982,0.9145833333333333,31.756892007890094,0.15884276113598733,541047.8449885348,0,57.29571803892333,26.48847885090342,0.2283123343025482,451288.94841929,0,32.70428196107667,11.384595239304916,0.7790004895157581,33.862553546023975,0,0.13970244356918265,6.14433017969217,576922.3769546833,10.959145759334495,0.523278756809294,1.05,680.0,6.0,897.4148678563638,0.74,952.3843184819243,3200.0,14.399999999999999,9.6,52.0,0.0,0.0,940.0297152184008
2,0.028269382219928776,2.4464259645450137,9.499999999999998,0.27027687884684964,0.6300000000000001,0.11260685791427866,9.507484135100473,2.4,aeronaut14x8,acc24,ht14,0.0,0.0,0.0,0.0,0.5163501298348309,1.7,0.09,5.9897150051132995,1.9097150051132994,4.08,0.21344,0.3180716799782558,0.5054298087992114,0.04632376633583179,0.15144975,0.675,0.3335246447752171,-1.551539374072899,5.356470006224095,0.07483654134065744,0.4118085111906065,0.2896570637509491,0.24217160318320427,0.3013486137515373,0.14462341901675632,0.9540279672317062,39.408467278796174,6.400000000000003,7.200000000000004,1.5169044254511348,2.2,9.750417828956147,11.950417828956148,11.888674999787204,0.9576388888888889,17.615866700200826,2.5274480378837696,4,0.5198955926458896,289828.73047709215,11.756639582817545,0.9142361111111111,31.859067253739973,0.16058770558715207,524167.9659298562,0,58.494820101817524,26.946884241405936,0.22447154361683083,443349.24775008694,0,31.505179898182476,11.37900437997577,0.7769187151010113,34.19929065694498,0,0.13936194856069178,6.185260451016771,562670.9808269861,10.95380016000984,0.5191152079798003,1.05,680.0,6.0,901.3974324532783,0.74,961.8550497265776,3200.0,14.399999999999999,9.6,52.0,0.0,0.0,944.7383687629497
2,0.030213461726955847,2.529822128134704,10.0,0.26551582463655365,0.6400000000000002,0.11446084178047158,9.399720548960076,2.4,aeronaut14x8,acc24,ht14,0.0,0.0,0.0,0.0,0.5163501298348309,1.7,0.09,6.015821151334451,1.9358211513344505,4.08,0.21344,0.3180716799782558,0.5305398504168412,0.04731987093935343,0.15144975,0.675,0.33347218894257913,-1.552188047347516,5.41355973041567,0.0745495231726405,0.409600492846722,0.28672225386683486,0.24752553293422946,0.2960402163318616,0.1436056002460975,0.9603541834220408,39.136761293275455,6.400000000000003,7.200000000000004,1.5155032470930487,2.2,9.686848747428225,11.886848747428225,11.888674999787204,0.9576388888888889,17.53610414420498,2.5265348456610943,4,0.5186433334880767,283434.0680420679,11.756639582817545,0.9142361111111111,31.778713920694344,0.15957141812378905,513635.7590955583,0,57.25448191438049,26.540754160569644,0.22877113188877207,428975.2078782341,0,32.74551808561951,11.38482525960034,0.7790720800097561,34.11270760720249,0,0.13848264691988194,6.197871260382029,551359.8350882365,10.959305549304299,0.52342193779729,1.05,680.0,6.0,899.122324266378,0.74,959.4199014525699,3200.0,14.399999999999999,9.6,52.0,0.0,0.0,943.0897790016319
2,0.031643216076627685,2.592296279363144,10.5,0.25911691263180253,0.6399999999999999,0.11373385766224212,9.429873922472423,2.4,aeronaut14x8,acc24,ht14,0.0,0.0,0.0,0.0,0.5163501298348309,1.7,0.09,6.035119310382349,1.955119310382349,4.08,0.21344,0.3180716799782558,0.5502292776860191,0.04692860271807395,0.15144975,0.675,0.33308219428575214,-1.546409145473731,5.462633433697241,0.07426937185931679,0.4064339130235847,0.28308858067144443,0.25378265669848665,0.2889056687139632,0.1420741286456758,0.9690202026403607,38.95740130333357,6.400000000000003,7.200000000000004,1.5138666633568527,2.2,9.647843549805406,11.847843549805408,11.888674999787204,0.9576388888888889,17.487843055098082,2.526998566516074,4,0.523150600989596,275842.08802474657,11.756639582817545,0.9142361111111111,31.778291016257718,0.1600875682401081,501250.5041453444,0,56.84918799048826,26.44736911094368,0.23112862222790265,417163.94042072294,0,33.15081200951174,11.387086040145096,0.7797757152942912,34.15740433947192,0,0.13856353738838562,6.2031947574409525,538777.1210445957,10.960876063133567,0.5248292083663603,1.05,680.0,6.0,899.7040846391724,0.74,960.6769970476475,3200.0,14.399999999999999,9.6,52.0,0.0,0.0,943.733378590387
2,0.028081920271157378,2.4186773244895656,9.000000000000002,0.28205632728947216,0.6500000000000002,0.11899929788282146,9.21202420676362,2.4,aeronaut14x8,acc24,ht14,0.0,0.0,0.0,0.0,0.5163501298348309,1.7,0.09,5.987815734396356,1.9078157343963555,4.08,0.21344,0.3180716799782558,0.5000722761671537,0.04978202825094552,0.15144975,0.675,0.3346694129077403,-1.565608718499695,5.304319276927949,0.0752270673570827,0.4179220766728391,0.29515733061348326,0.23334392421410446,0.3144822583092483,0.14769652179317522,0.9378212198975764,37.44195992712224,6.200000000000003,7.0000000000000036,1.5185565130409733,2.2,9.559735304692083,11.759735304692082,11.891000000253598,0.9583333333333333,17.489880617210524,2.517338978964024,4,0.510988894497803,300297.1536522128,11.757595832740982,0.9145833333333333,31.368723849774774,0.1604996780839445,538593.6412007392,0,56.33558662691029,26.635189809467796,0.2226159490287326,457319.97043472604,0,33.66441337308971,11.389950973298719,0.7806673843282808,33.64267018520235,0,0.13953621927021462,6.123121598371458,577636.76716781,10.96285521784273,0.5266125464343392,1.05,680.0,6.0,893.9734819494695,0.74,946.200098958816,3200.0,14.399999999999999,9.6,52.0,0.0,0.0,936.6607533179
2,0.029416312990706385,2.4849547279578355,9.500000000000002,0.2745334695109301,0.6499999999999999,0.11801142410248291,9.238966657676206,2.4,aeronaut14x8,acc24,ht14,0.0,0.0,0.0,0.0,0.5163501298348309,1.7,0.09,6.005328327489533,1.9253283274895328,4.08,0.21344,0.3180716799782558,0.518123649101326,0.049243248409950535,0.15144975,0.675,0.3342359514254784,-1.562122393613128,5.363222672871188,0.07488557453916389,0.4142011515083763,0.291265623095386,0.2399959654982278,0.3060945531800269,0.145890239688568,0.9480152071314051,37.28507666607257,6.200000000000003,7.0000000000000036,1.516690861089686,2.2,9.524169714821547,11.724169714821546,11.891000000253598,0.9583333333333333,17.47774049688774,2.52147431764005,4,0.5131704640921583,292084.9026219619,11.757595832740982,0.9145833333333333,31.68821372823108,0.15773957985056808,529567.8135696341,0,57.06504814028821,26.421009315064616,0.2269015113057076,441543.22661666665,0,32.93495185971179,11.385881945046977,0.7794009580897774,33.79363971088594,0,0.13869674143772173,6.156781918335967,564753.3195697374,10.9600396051201,0.5240796939573326,1.05,680.0,6.0,895.5410134123875,0.74,950.4461168686671,3200.0,14.399999999999999,9.6,52.0,0.0,0.0,938.6954955983692
2,0.026035102035925194,2.3811761799581315,9.0,0.27768309610704484,0.63,0.11354949006422387,9.20114627255525,2.4,aeronaut14x8,acc24,ht14,0.0,0.0,0.0,0.0,0.5163501298348309,1.7,0.09,5.796722151709808,1.886722151709808,3.91,0.21344,0.3180716799782558,0.481931208635237,0.04682951309631534,0.15144975,0.675,0.3323490725719492,-1.586178095037572,5.29748313398127,0.07530509722690182,0.4154932441199709,0.29942107505031273,0.22970955977089647,0.30960626906421096,0.14640131848758553,0.9439924124482033,35.346223726254486,5.8000000000000025,6.600000000000003,1.5178222807267276,2.2,9.605719603518558,11.805719603518558,11.895554167289507,0.9597222222222223,17.50335387080485,2.6201652919516487,4,0.5091712406716109,295868.84767020657,11.759508332587854,0.9152777777777777,31.52248427793629,0.1587500454776329,532841.9437700801,0,55.15117835699267,26.778810651243937,0.21997441078311852,452657.01121301024,0,34.84882164300733,11.396301032704653,0.7827236486857766,33.765977428328696,-2,0.13835538917873352,6.40135742253406,570764.9463021704,10.967777914675313,0.5307250751493311,1.05,651.6666666666667,6.0,907.5396334214615,0.74,949.6681151717446,3200.0,13.799999999999999,9.2,52.333333333333336,0.0,0.0,933.0560453409555
2,0.03225413520168919,2.6124700955226263,10.499999999999998,0.2611334170726186,0.6500000000000001,0.11640988063825053,9.297235710380315,2.4,aeronaut14x8,acc24,ht14,0.0,0.0,0.0,0.0,0.5163501298348309,1.7,0.09,6.0432032117472065,1.9632032117472065,4.08,0.21344,0.3180716799782558,0.5568686460266614,0.048373135742288645,0.15144975,0.675,0.3334258993025223,-1.552106483651509,5.465896266274039,0.07429172821475029,0.4075809802476003,0.2839619356167438,0.2526399540972254,0.2911539957645656,0.14268023524016635,0.966165768995268,38.85536521973769,6.400000000000003,7.200000000000004,1.5141887787360833,2.2,9.621301057470504,11.821301057470503,11.888674999787204,0.9576388888888889,17.46636547051647,2.522898065413246,4,0.5170655770501013,277647.3412969205,11.756639582817545,0.9142361111111111,31.695702406715533,0.15865942557755375,503838.5071363535,0,56.29460812814256,26.219053425535872,0.23186362518845405,416781.06914744957,0,33.70539187185744,11.39017955653398,0.780738527555308,34.07183519845279,0,0.13730159612035692,6.2307310453386515,541609.785500356,10.963025534714683,0.526754832888394,1.05,680.0,6.0,896.414408021757,0.74,958.2703649564847,3200.0,14.399999999999999,9.6,52.0,0.0,0.0,941.7396705423846
2,0.03080535739193565,2.5495097567963927,9.999999999999996,0.2675821268089917,0.6500000000000004,0.11715396983181603,9.26733467350291,2.4,aeronaut14x8,acc24,ht14,0.0,0.0,0.0,0.0,0.5163501298348309,1.7,0.09,6.023767537776894,1.9437675377768944,4.08,0.21344,0.3180716799782558,0.5370292292019918,0.04877687859664641,0.15144975,0.675,0.33382278792926573,-1.557727565193493,5.416883444325528,0.07457763802997637,0.4107677036341095,0.28756896492304906,0.24639915025905515,0.2983440659911913,0.14422376934764802,0.9574321646611605,37.12071122594543,6.200000000000003,7.0000000000000036,1.5149542679798782,2.2,9.487034193219424,11.687034193219425,11.891000000253598,0.9583333333333333,17.47110147817437,2.523463922078579,4,0.5151239899824425,284581.0069228803,11.757595832740982,0.9145833333333333,31.69594506769997,0.15814673609625163,516284.79028678295,0,56.77726972108151,26.388270728919547,0.2281632960892054,429829.83439085394,0,33.22273027891849,11.38748720930827,0.7799005734009001,33.89876337852018,0,0.1382610762594461,6.178690531849161,552165.7708731815,10.961154746405192,0.5250789245795782,1.05,680.0,6.0,896.7372691386448,0.74,953.4027200208799,3200.0,14.399999999999999,9.6,52.0,0.0,0.0,940.1489962058337
2,0.025498043324824613,2.3622023622035435,9.000000000000004,0.2754704465335231,0.6199999999999999,0.1108566877391812,9.337281993306991,2.4,aeronaut14x8,acc24,ht14,0.0,0.0,0.0,0.0,0.5163501298348309,1.7,0.09,5.7891148358503335,1.8791148358503333,3.91,0.21344,0.3180716799782558,0.4757647429288075,0.04538866294326972,0.15144975,0.675,0.33197935689717056,-1.581204494330636,5.294024521516896,0.07528030082442098,0.4142566121091663,0.29867721388596324,0.230751312318764,0.3071392475248784,0.14574682337862954,0.9471139290964918,35.435339342885456,5.8000000000000025,6.600000000000003,1.517459552587935,2.2,9.631215878032414,11.831215878032413,11.895554167289507,0.9597222222222223,17.589177650839797,2.6230380543828935,4,0.5117180801670351,294950.4563466324,11.759508332587854,0.9152777777777777,31.60763045450953,0.1602320518238688,530023.9278752289,0,55.16658300263552,26.847506862263476,0.22208813037619607,450202.0820976743,0,34.83341699736448,11.396219195531206,0.7826969045093133,33.947679832960446,-2,0.13890346418035732,6.409141582137818,569263.8881365204,10.967713889104044,0.5306715867964045,1.05,651.6666666666667,6.0,911.0580776259725,0.74,954.7784953020126,3200.0,13.799999999999999,9.2,52.333333333333336,0.0,0.0,936.0761338581282
2,0.027980447228983206,2.489979919597747,10.0,0.2613342117328703,0.6200000000000002,0.10913762755003537,9.39197753811628,2.4,aeronaut14x8,acc24,ht14,0.0,0.0,0.0,0.0,0.5163501298348309,1.7,0.09,5.823026073632096,1.9130260736320954,3.91,0.21344,0.3180716799782558,0.5105894834552054,0.044475160198633755,0.15144975,0.675,0.33117604884683577,-1.573773583165445,5.406850450942236,0.07462695042810921,0.4072454015161366,0.29107030006557477,0.2437838342308253,0.29137787430265477,0.1423562129230607,0.9662659127742845,35.14448821138533,5.8000000000000025,6.600000000000003,1.5139353179090866,2.2,9.561152272400154,11.761152272400153,11.895554167289507,0.9597222222222223,17.573955559956612,2.6283952059192384,4,0.5155730139688115,279572.4135315632,11.759508332587854,0.9152777777777777,31.628067288076537,0.1609624353300618,503149.9639850045,0,54.578134806160875,26.768131781224906,0.22471585682480189,425836.4704676916,0,35.421865193839125,11.399345326325513,0.7837185159615263,34.210281583551904,0,0.1375803926733039,6.130320860076347,544228.7000941754,10.97018176039328,0.5327148097008303,1.05,651.6666666666667,6.0,913.6138424486938,0.74,962.1641695373972,3200.0,13.799999999999999,9.2,52.333333333333336,0.0,0.0,939.5556375284654
2,0.026714633978735094,2.4269322199023198,9.500000000000004,0.2681232438971631,0.6199999999999999,0.10993640991283174,9.363938891488639,2.4,aeronaut14x8,acc24,ht14,0.0,0.0,0.0,0.0,0.5163501298348309,1.7,0.09,5.805642112722955,1.895642112722955,3.91,0.21344,0.3180716799782558,0.49278166847255345,0.04489901427214544,0.15144975,0.675,0.3315679611699878,-1.578087073814627,5.353077737819834,0.07493761853456575,0.4106117638140824,0.29479995455050867,0.23737401634056016,0.2989473913111129,0.14398328078945632,0.9570693278994307,35.29308449797971,5.8000000000000025,6.600000000000003,1.5156338038012689,2.2,9.59689050875437,11.79689050875437,11.895554167289507,0.9597222222222223,17.578219101719508,2.627235978719332,4,0.5137932175321257,286904.83198831894,11.759508332587854,0.9152777777777777,31.623537482613287,0.16052787952589861,516147.0371840998,0,55.03484786135211,26.866160917475366,0.2224129879937104,438498.99353259336,0,34.96515213864789,11.396919038413428,0.7829256113518193,34.07290677901178,0,0.13827797084198046,6.093364769428264,556124.6869331473,10.968261413394606,0.5311290004814162,1.05,651.6666666666667,6.0,912.5986877920097,0.74,958.3005031597064,3200.0,13.799999999999999,9.2,52.333333333333336,0.0,0.0,937.8480501664341
2,0.02855256827293513,2.5099800796022276,10.000000000000005,0.26343331542770915,0.6300000000000001,0.11178867245503757,9.255380310377932,2.4,aeronaut14x8,acc24,ht14,0.0,0.0,0.0,0.0,0.5163501298348309,1.7,0.09,5.830889595538098,1.9208895955380978,3.91,0.21344,0.3180716799782558,0.5170421839194941,0.045885981640348086,0.15144975,0.675,0.3315300145249662,-1.579471454379128,5.410211374145181,0.07465315699333622,0.4084364527155993,0.2919426516175047,0.2426382280842931,0.29371829643295044,0.14298311511967327,0.9632985884473763,35.05410284457993,5.8000000000000025,6.600000000000003,1.514274989731974,2.2,9.535326402121493,11.735326402121494,11.895554167289507,0.9597222222222223,17.48496043452717,2.6250028879564,4,0.5132160557691713,280390.87489817746,11.759508332587854,0.9152777777777777,31.47514004668129,0.16016651416111738,504739.0349139377,0,53.81254634148301,26.554465259065122,0.22502560893251963,425830.5172792845,0,36.18745365851699,11.403412514719554,0.7850476626015921,33.98856892610614,0,0.13735399882893978,6.1098550509041125,545044.67501734,10.973648861337946,0.5353731029809619,1.05,651.6666666666667,6.0,909.9119581262751,0.74,955.9285010467352,3200.0,13.799999999999999,9.2,52.333333333333336,0.0,0.0,936.077494043887
2,0.029300002899328208,2.5514701644346145,10.499999999999996,0.25503607629405556,0.6200000000000001,0.10844445317969237,9.421500255312973,2.4,aeronaut14x8,acc24,ht14,0.0,0.0,0.0,0.0,0.5163501298348309,1.7,0.09,5.841330158294044,1.9313301582940436,3.91,0.21344,0.3180716799782558,0.5292605138875386,0.044108214428248554,0.15144975,0.675,0.3307998149952349,-1.568613070081764,5.455975451125228,0.07434866666114172,0.4041249408794803,0.2875036891447627,0.24997416050510615,0.28435568878754935,0.1408491473059994,0.9747951639064512,36.91216414003741,6.000000000000003,6.800000000000003,1.5132572125502173,2.2,9.711599855937948,11.911599855937947,11.893225000581936,0.9590277777777778,17.561902444016695,2.6278628789124805,4,0.517897893629365,272647.6147667632,11.75855208266442,0.9149305555555556,31.63064733526452,0.16144206400043407,491064.1416543532,0,54.357798145238796,26.665337056238418,0.22716358089957617,413977.9598771284,0,35.642201854761204,11.400515864743252,0.7841010448867382,34.26091465130138,0,0.13760523469548808,6.136897469485671,531898.9038449809,10.971152618915884,0.5334798675512542,1.05,651.6666666666667,6.0,913.0930711135823,0.74,963.5882245678512,3200.0,13.799999999999999,9.2,52.333333333333336,0.0,0.0,939.8717868218351
2,0.02726898661583056,2.4464259645450137,9.499999999999998,0.27027687884684964,0.6300000000000001,0.11260685791427866,9.227579102830479,2.4,aeronaut14x8,acc24,ht14,0.0,0.0,0.0,0.0,0.5163501298348309,1.7,0.09,5.813374834783202,1.903374834783202,3.91,0.21344,0.3180716799782558,0.4990896384691145,0.04632376633583179,0.15144975,0.675,0.33192945463276974,-1.583405083630667,5.356470006224095,0.07496771794888293,0.4118264104170123,0.29560607672418343,0.23628881572834268,0.3013486137515373,0.14462341901675632,0.9540279672317062,35.20332396426713,5.8000000000000025,6.600000000000003,1.515984600754028,2.2,9.571228124610917,11.771228124610918,11.895554167289507,0.9597222222222223,17.490794171998093,2.6239109446422737,4,0.5113425809175107,287770.9485533594,11.759508332587854,0.9152777777777777,31.54060337755682,0.1590232333615268,518928.3724140898,0,54.75047654592656,26.704382949102783,0.2218377641192785,439359.44452987553,0,35.24952345407344,11.398429760906069,0.7834193115522108,33.915981928306586,-2,0.13752820782858363,6.432223066224981,558009.7847273694,10.969443331910938,0.5321164008821995,1.05,651.6666666666667,6.0,909.0299162953897,0.74,953.8869917336227,3200.0,13.799999999999999,9.2,52.333333333333336,0.0,0.0,935.0542511434878
2,0.029890353661972725,2.5719642299223366,10.499999999999998,0.25708459174297527,0.63,0.11107866029534519,9.284649417176709,2.4,aeronaut14x8,acc24,ht14,0.0,0.0,0.0,0.0,0.5163501298348309,1.7,0.09,5.849329132821327,1.9393291328213271,3.91,0.21344,0.3180716799782558,0.5358607239178614,0.045506978925209565,0.15144975,0.675,0.3311468585635566,-1.574521432987511,5.459295046098747,0.07437378359870692,0.405294732346292,0.2884111262886727,0.24880151978560525,0.2866397069152352,0.14146379894454592,0.9718964941402187,34.89754308403355,5.8000000000000025,6.600000000000003,1.5126764628463671,2.2,9.497744677666523,11.697744677666524,11.895554167289507,0.9597222222222223,17.485478312815875,2.62439807356446,4,0.5148112108089611,273641.57988013496,11.759508332587854,0.9152777777777777,31.333156066897935,0.1621324789842253,490352.8616939512,0,52.75945579658024,26.468248228002217,0.22721024443872517,414218.7666929038,0,37.24054420341976,11.408626636868618,0.7868759447976037,34.15307499724881,0,0.13646418417881467,6.157180282067541,534483.600209096,10.978080305861615,0.5390296673729852,1.05,651.6666666666667,6.0,910.6002592493742,0.74,960.5552342976229,3200.0,13.799999999999999,9.2,52.333333333333336,0.0,0.0,937.9377560747823
2,0.0265719912379417,2.4,9.000000000000002,0.2798782535564529,0.6399999999999999,0.11626374954691279,9.069287175701145,2.4,aeronaut14x8,acc24,ht14,0.0,0.0,0.0,0.0,0.5163501298348309,1.7,0.09,5.804343792448733,1.8943437924487325,3.91,0.21344,0.3180716799782558,0.4880884115761264,0.04829395089434991,0.15144975,0.675,0.33272389375632655,-1.590970320685309,5.300895140881139,0.07533220459115622,0.4167210529390302,0.30013238866310615,0.22871076927249315,0.31205378753922003,0.147051182617997,0.940895029842783,33.360592174080956,5.600000000000002,6.400000000000003,1.5171523205677313,2.2,9.38708768752425,11.58708768752425,11.897935417099198,0.9604166666666667,17.42066598194,2.6174225802807785,4,0.5066079983526812,296798.9998974693,11.760464582511291,0.915625,31.43775017133432,0.1573196727178697,535610.5684795085,0,54.84478423283572,26.677450272117465,0.21847276891861123,454508.4882970236,0,35.15521576716428,11.397928751359347,0.7832555829291047,33.521323612484146,-2,0.13837053929667487,6.373919617982414,571108.7815895753,10.96905136550876,0.5317889436359872,1.05,651.6666666666667,6.0,905.1325342083452,0.74,942.7872266011166,3200.0,13.799999999999999,9.2,52.333333333333336,0.0,0.0,929.8052496166453
2,0.027823143290112404,2.4657656011875906,9.500000000000002,0.27241348821314215,0.6399999999999999,0.1152985849465776,9.095501910910045,2.4,aeronaut14x8,acc24,ht14,0.0,0.0,0.0,0.0,0.5163501298348309,1.7,0.09,5.821121222982428,1.9111212229824277,3.91,0.21344,0.3180716799782558,0.5053879656742569,0.04777182732991482,0.15144975,0.675,0.3322959691590277,-1.588407587544838,5.359888430271132,0.07498734033971116,0.4130289398934748,0.2963508677855982,0.23526228167026278,0.3037308533030959,0.14525903750485197,0.9510101091920521,35.11378566040776,5.8000000000000025,6.600000000000003,1.516329941491658,2.2,9.545651007742142,11.745651007742143,11.895554167289507,0.9597222222222223,17.406187524682398,2.6205205179424538,4,0.5088943636019492,288642.8403646818,11.759508332587854,0.9152777777777777,31.456382397098274,0.15758755421937548,521634.01950144704,0,54.65882622039989,26.608038397505936,0.22024890066057617,441235.03602945164,0,35.34117377960011,11.398916653221576,0.7835784267006947,33.66324192871634,-2,0.13760290102693143,6.402347111137885,558229.8681092388,10.969826213792551,0.532434631179167,1.05,651.6666666666667,6.0,905.4778992651121,0.74,946.778679245147,3200.0,13.799999999999999,9.2,52.333333333333336,0.0,0.0,931.3231358119241
2,0.027108733291846175,2.4186773244895656,9.000000000000002,0.28205632728947216,0.6500000000000002,0.11899929788282146,8.941507834805625,2.4,aeronaut14x8,acc24,ht14,0.0,0.0,0.0,0.0,0.5163501298348309,1.7,0.09,5.811980092623659,1.901980092623659,3.91,0.21344,0.3180716799782558,0.49423663439445725,0.04978202825094552,0.15144975,0.675,0.3331037997496288,-1.595473083928493,5.304319276927949,0.07535644209761697,0.4179401301954629,0.30078752816940685,0.2277777334570969,0.3144822583092483,0.14769652179317522,0.9378212198975764,33.27688925688083,5.600000000000002,6.400000000000003,1.517499171896229,2.2,9.362358475583036,11.562358475583036,11.897935417099198,0.9604166666666667,17.340834023302722,2.6143019210939142,4,0.5040408560955131,297738.0585450669,11.760464582511291,0.915625,31.35376617980203,0.15593518792777417,538336.8215107487,0,54.75823803829958,26.58569697030006,0.21688397187595457,456470.18997861404,0,35.24176196170042,11.39838852798113,0.7834058367390633,33.39285094944528,-2,0.13747273107941047,6.381139241479945,573347.4294034576,10.969411073201805,0.5320894512559042,1.05,651.6666666666667,6.0,901.6468507774006,0.74,939.1739329531484,3200.0,13.799999999999999,9.2,52.333333333333336,0.0,0.0,927.3206076390255
2,0.028377129178776717,2.4849547279578355,9.500000000000002,0.2745334695109301,0.6499999999999999,0.11801142410248291,8.96751018938675,2.4,aeronaut14x8,acc24,ht14,0.0,0.0,0.0,0.0,0.5163501298348309,1.7,0.09,5.828881623101387,1.9188816231013872,3.91,0.21344,0.3180716799782558,0.5116769447131806,0.049243248409950535,0.15144975,0.675,0.3326674840539299,-1.593144095870811,5.363222672871188,0.07501496588826287,0.4142190751207745,0.2970497764206992,0.23427709970390365,0.3060945531800269,0.145890239688568,0.9480152071314051,33.13972995586317,5.600000000000002,6.400000000000003,1.5156678531969772,2.2,9.327969008011198,11.527969008011198,11.897935417099198,0.9604166666666667,17.324728521202758,2.6173923599271918,4,0.5064223064400823,289527.7935937153,11.760464582511291,0.915625,31.37244146677743,0.15620252163486006,524290.6834821478,0,54.67585704268181,26.609000540121894,0.21713385918384387,444684.9026630879,0,35.32414295731819,11.398826176985423,0.7835488593008997,33.42608524800949,-2,0.13759848209872907,6.376467869794846,558610.8145064169,10.969753469283383,0.532375496379577,1.05,651.6666666666667,6.0,903.0604962343107,0.74,940.1086476002669,3200.0,13.799999999999999,9.2,52.333333333333336,0.0,0.0,928.1425336754356
2,0.02969617747240571,2.5495097567963927,9.999999999999996,0.2675821268089917,0.6500000000000004,0.11715396983181603,8.99485589565993,2.4,aeronaut14x8,acc24,ht14,0.0,0.0,0.0,0.0,0.5163501298348309,1.7,0.09,5.8466563321789575,1.9366563321789574,3.91,0.21344,0.3180716799782558,0.5299180236040548,0.04877687859664641,0.15144975,0.675,0.332252757475697,-1.589871205203032,5.416883444325528,0.07470703051460756,0.4107855161248438,0.29350293790583704,0.24053174558913157,0.2983440659911913,0.14422376934764802,0.9574321646611605,34.873910488814204,5.8000000000000025,6.600000000000003,1.5149383663609721,2.2,9.483905225219575,11.683905225219576,11.895554167289507,0.9597222222222223,17.315387024763275,2.6178796592208275,4,0.5085056560095627,282044.6255733968,11.759508332587854,0.9152777777777777,31.30979968114326,0.15730641335324336,509994.99550411216,0,53.73333394937269,26.3945842135792,0.22134889435140093,429932.6726591727,0,36.26666605062731,11.403833330519058,0.7851851841156724,33.542241374483865,-2,0.13706382501541958,6.399928927597635,546358.5015933616,10.974037497105588,0.5356481460091226,1.05,651.6666666666667,6.0,902.8641947177291,0.74,943.3755386573587,3200.0,13.799999999999999,9.2,52.333333333333336,0.0,0.0,929.2172400146143
2,0.03107036113344318,2.6124700955226263,10.499999999999998,0.2611334170726186,0.6500000000000001,0.11640988063825053,9.023639241353077,2.4,aeronaut14x8,acc24,ht14,0.0,0.0,0.0,0.0,0.5163501298348309,1.7,0.09,5.865365506879502,1.9553655068795015,3.91,0.21344,0.3180716799782558,0.5490309411589567,0.048373135742288645,0.15144975,0.675,0.33185554471154877,-1.585340107233902,5.465896266274039,0.0744211022634094,0.4075986971934226,0.29004211386444545,0.2466276221865454,0.2911539957645656,0.14268023524016635,0.966165768995268,34.71602280080096,5.8000000000000025,6.600000000000003,1.5133193121348132,2.2,9.445990797311504,11.645990797311505,11.895554167289507,0.9597222222222223,17.31286839136845,2.616977190875193,4,0.5102832724033356,275207.3341875862,11.759508332587854,0.9152777777777777,31.02615524400876,0.1607084079866671,493195.3089327988,0,50.94415170950061,25.973421614761172,0.22931696790131298,412876.47781649034,0,39.05584829049939,11.418017298307484,0.7900275143932282,33.77538887619653,-2,0.13561065240469497,6.461471012859925,536897.4408886143,10.985810986078972,0.545332806564234,1.05,651.6666666666667,6.0,903.4927706435193,0.74,949.9328121430274,3200.0,13.799999999999999,9.2,52.333333333333336,0.0,0.0,931.7322873086247
2,0.030480462728400045,2.592296279363144,10.5,0.25911691263180253,0.6399999999999999,0.11373385766224212,9.152094994611673,2.4,aeronaut14x8,acc24,ht14,0.0,0.0,0.0,0.0,0.5163501298348309,1.7,0.09,5.85734079655147,1.9473407965514697,3.91,0.21344,0.3180716799782558,0.5424507638551395,0.04692860271807395,0.15144975,0.675,0.33149877537587147,-1.580091111861555,5.462633433697241,0.07439964091377314,0.4064516169948186,0.28925446509269276,0.24768509653694817,0.2889056687139632,0.1420741286456758,0.9690202026403607,34.80665927029381,5.8000000000000025,6.600000000000003,1.513000407075267,2.2,9.471821319971204,11.671821319971205,11.895554167289507,0.9597222222222223,17.3978068696905,2.6207352936070505,4,0.5125466333270314,274421.9146333019,11.759508332587854,0.9152777777777777,31.250729460665376,0.16066193675467585,492929.0844826861,0,52.666596345634275,26.37069822622552,0.22562647508362751,415954.5827621067,0,37.333403654365725,11.409083670649458,0.7870371591221628,33.907638558273625,0,0.13647032511305157,6.127346864269716,534837.4748351803,10.978416956483585,0.5393520960221032,1.05,651.6666666666667,6.0,907.0500882141018,0.74,953.6523344514457,3200.0,13.799999999999999,9.2,52.333333333333336,0.0,0.0,934.279181266275
2,0.029124468995099854,2.529822128134704,10.0,0.26551582463655365,0.6400000000000002,0.11446084178047158,9.123072235000635,2.4,aeronaut14x8,acc24,ht14,0.0,0.0,0.0,0.0,0.5163501298348309,1.7,0.09,5.838766230400408,1.9287662304004076,3.91,0.21344,0.3180716799782558,0.523484929482798,0.04731987093935343,0.15144975,0.675,0.33188892430367695,-1.584764822114017,5.41355973041567,0.07467980155873473,0.4096182927541292,0.29273987930901313,0.2415749464620695,0.2960402163318616,0.1436056002460975,0.9603541834220408,34.96391608401896,5.8000000000000025,6.600000000000003,1.5146092970536145,2.2,9.509576920795006,11.709576920795005,11.895554167289507,0.9597222222222223,17.398780946139873,2.6214909582109933,4,0.5108617174209638,281214.5287222697,11.759508332587854,0.9152777777777777,31.405898089526442,0.15857381567048592,507609.9789798921,0,53.856608596149655,26.4812007036761,0.2230378473878092,428012.65208964504,0,36.143391403850345,11.403178434010316,0.7849711656316847,33.84751006222892,-2,0.1365213136812763,6.446626192929823,547073.4771612698,10.973432680918314,0.535220109041147,1.05,651.6666666666667,6.0,906.3951630719005,0.74,951.9612205001885,3200.0,13.799999999999999,9.2,52.333333333333336,0.0,0.0,933.4580675835646
2,0.02828598941026148,2.3622023622035435,9.000000000000004,0.2754704465335231,0.6199999999999999,0.1108566877391812,10.187611422400366,2.4,aeronaut14x8,acc24,ht14,0.0,0.0,0.0,0.0,0.5163501298348309,1.7,0.09,6.316319081888225,1.8963190818882252,4.42,0.21344,0.3180716799782558,0.4929689889666995,0.04538866294326972,0.15144975,0.675,0.33652767057822147,-1.492758587711924,5.294024521516896,0.07490474362167666,0.4142044056408676,0.28197047098002564,0.2472685377321514,0.3071392475248784,0.14574682337862954,0.9471139290964918,47.954992695497005,7.400000000000004,8.400000000000002,1.5195757485425052,2.2,10.035696526631138,12.235696526631138,11.874606248888375,0.9534722222222222,18.095579916164088,2.338168189129572,4,0.5289654779688567,303442.24500312115,11.751858333200365,0.9125,33.64058378116683,0.15433275944809788,564114.2374583121,0,88.98237313739787,0,inf,0.0,-4,1.0176268626021283,11.27679138692748,0.7239889355253508,34.14417131192709,0,0.1498138673929657,6.128900522749325,572558.8262251507,10.838772231258613,0.41325564882847954,1.0,736.6666666666667,6.0,834.2702178113578,0.74,960.3048181479494,3200.0,15.599999999999998,10.399999999999999,51.333333333333336,0.0,0.0,895.0805675419914
2,0.02969845644848503,2.4269322199023198,9.500000000000004,0.2681232438971631,0.6199999999999999,0.10993640991283174,10.217238019507533,2.4,aeronaut14x8,acc24,ht14,0.0,0.0,0.0,0.0,0.5163501298348309,1.7,0.09,6.334687572094669,1.9146875720946692,4.42,0.21344,0.3180716799782558,0.5118271278442679,0.04489901427214544,0.15144975,0.675,0.3361221614265668,-1.486234149213737,5.353077737819834,0.07456206495602741,0.4105611195958983,0.27764105473630585,0.25434403205263156,0.2989473913111129,0.14398328078945632,0.9570693278994307,49.76486375726398,7.600000000000004,8.600000000000001,1.518396871014406,2.2,10.139483108509456,12.339483108509455,11.872174999082855,0.9527777777777777,18.05316009936226,2.3445915580554018,4,0.5329540262247013,294656.6335982858,11.750902083276928,0.9121527777777778,33.98968795035498,0.15161841524331934,554766.4216893314,0,89.94536939658994,34.16282883771778,0.15008547283058127,557592.35968178,0,0.054630603410060985,11.273676696150677,0.7223170670198091,34.158742273675465,0,0.15012138577957548,6.1179459875930045,557525.6603783303,10.835281369889895,0.40991191181739606,1.0,736.6666666666667,6.0,858.0526352361336,0.74,960.7146264471224,3200.0,15.599999999999998,10.399999999999999,51.333333333333336,0.0,0.0,903.1446427833077
2,0.03117279691109335,2.489979919597747,10.0,0.2613342117328703,0.6200000000000002,0.10913762755003537,10.248522740643578,2.4,aeronaut14x8,acc24,ht14,0.0,0.0,0.0,0.0,0.5163501298348309,1.7,0.09,6.354084099199021,1.934084099199021,4.42,0.21344,0.3180716799782558,0.5316475090221306,0.044475160198633755,0.15144975,0.675,0.33573253370155265,-1.478618417856134,5.406850450942236,0.07425143321745772,0.4071962546420172,0.27347129928449554,0.2611947736257068,0.29137787430265477,0.1423562129230607,0.9662659127742845,49.54339772986269,7.600000000000004,8.600000000000001,1.5166102085605757,2.2,10.100075183504112,12.300075183504113,11.872174999082855,0.9527777777777777,18.27204209268692,2.3493336265859277,4,0.5219415557002894,290677.80959014833,11.750902083276928,0.9121527777777778,33.99372993174286,0.15204649973692408,540783.7233646081,0,89.94478026539602,34.36514425968418,0.14877765992231098,546692.3077882171,0,0.05521973460398044,11.27367860162173,0.7223180898170207,34.18055521650117,0,0.1503889199337334,6.11580801544145,543755.8030190949,10.83528350549043,0.40991395741181946,1.0,736.6666666666667,6.0,858.2225557663313,0.74,961.3281154640955,3200.0,15.599999999999998,10.399999999999999,51.333333333333336,0.0,0.0,903.4057792990311
2,0.03271554090134992,2.5514701644346145,10.499999999999996,0.25503607629405556,0.6200000000000001,0.10844445317969237,10.281616589730366,2.4,aeronaut14x8,acc24,ht14,0.0,0.0,0.0,0.0,0.5163501298348309,1.7,0.09,6.374602285632828,1.954602285632828,4.42,0.21344,0.3180716799782558,0.5525326412263236,0.044108214428248554,0.15144975,0.675,0.33535506975193674,-1.470042671074953,5.455975451125228,0.07397238427884165,0.4040772598538055,0.2694371857504921,0.2678537059349677,0.28435568878754935,0.1408491473059994,0.9747951639064512,51.33543946112137,7.800000000000004,8.8,1.515602294978863,2.2,10.195742542985544,12.395742542985545,11.869743749277333,0.9520833333333333,18.260696735833328,2.35103005812358,4,0.5242653213869152,283496.35951316997,11.749979166678711,0.9118055555555555,33.77066696382143,0.1545592230220859,524287.8341979183,0,88.17781735932509,0,inf,0.0,-4,1.8221826406749102,11.279454727975121,0.7253857337511718,34.2065884926413,0,0.15064498398488188,6.117504068586446,531055.4930798131,10.84168874589493,0.4160492452801212,1.0,736.6666666666667,6.0,831.8062605563003,0.74,962.0603013555367,3200.0,15.599999999999998,10.399999999999999,51.333333333333336,0.0,0.0,894.8444095261679
2,0.030311876606889956,2.4464259645450137,9.499999999999998,0.27027687884684964,0.6300000000000001,0.11260685791427866,10.06758874827108,2.4,aeronaut14x8,acc24,ht14,0.0,0.0,0.0,0.0,0.5163501298348309,1.7,0.09,6.342580911410781,1.9225809114107815,4.42,0.21344,0.3180716799782558,0.5182957150966937,0.04632376633583179,0.15144975,0.675,0.3364465261362026,-1.492822269806605,5.356470006224095,0.07459481976269734,0.4117757280661508,0.27869516081896845,0.25301221152056197,0.3013486137515373,0.14462341901675632,0.9540279672317062,47.62737661307668,7.400000000000004,8.400000000000002,1.5180354318971547,2.2,9.970747541033212,12.170747541033212,11.874606248888375,0.9534722222222222,18.20509091207331,2.34339259722124,4,0.5164953348966546,299523.0650335304,11.751858333200365,0.9125,33.961983386454605,0.1496415415374279,558766.6333367531,0,76.14788025259166,26.314695740614862,0.2492536679504582,432948.03424610395,0,13.852119747408338,11.312547267926327,0.7462710412281395,34.12597800699205,0,0.14820677283727865,6.1546049046452636,561464.7891234846,10.88797340256847,0.45781986023405663,1.0,736.6666666666667,6.0,891.3914271145372,0.74,959.7931314466514,3200.0,15.599999999999998,10.399999999999999,51.333333333333336,0.0,0.0,913.950408409285
2,0.03180650568046643,2.5099800796022276,10.000000000000005,0.26343331542770915,0.6300000000000001,0.11178867245503757,10.098598639670122,2.4,aeronaut14x8,acc24,ht14,0.0,0.0,0.0,0.0,0.5163501298348309,1.7,0.09,6.362117142992178,1.9421171429921777,4.42,0.21344,0.3180716799782558,0.5382697313735733,0.045885981640348086,0.15144975,0.675,0.3360498870615051,-1.485631475220822,5.410211374145181,0.07428031576228182,0.4083872660424486,0.27459767696332443,0.25979648879505746,0.29371829643295044,0.14298311511967327,0.9632985884473763,49.413151088651695,7.600000000000004,8.600000000000001,1.5169598262572155,2.2,10.071942913575771,12.27194291357577,11.872174999082855,0.9527777777777777,18.188803646648942,2.3472068917779954,4,0.5189926216121056,291677.78714352986,11.750902083276928,0.9121527777777778,34.11860566999253,0.14872752815288057,547129.9594835956,0,89.70107478641964,33.27006598521114,0.1564107449836675,533522.6776431486,0,0.29892521358036106,11.274466836467274,0.7227411896069104,34.095112453992805,0,0.14893255998835425,6.135427366859022,546753.2195182408,10.836166937833788,0.4107601569915985,1.0,736.6666666666667,6.0,864.4687021895047,0.74,958.9250377685477,3200.0,15.599999999999998,10.399999999999999,51.333333333333336,0.0,0.0,904.6868022082398
2,0.028879645622399,2.3811761799581315,9.0,0.27768309610704484,0.63,0.11354949006422387,10.03821837956105,2.4,aeronaut14x8,acc24,ht14,0.0,0.0,0.0,0.0,0.5163501298348309,1.7,0.09,6.324077579123461,1.9040775791234612,4.42,0.21344,0.3180716799782558,0.49928663604888995,0.04682951309631534,0.15144975,0.675,0.33685968893537,-1.499163494116294,5.29748313398127,0.0749330780832386,0.4154421697809457,0.28299542560121616,0.24595127890611632,0.30960626906421096,0.14640131848758553,0.9439924124482033,47.83219406782672,7.400000000000004,8.400000000000002,1.5199460883079632,2.2,10.008420508516563,12.208420508516564,11.874606248888375,0.9534722222222222,18.04607194298514,2.337965740955207,4,0.5240489397796512,305042.71068017575,11.751858333200365,0.9125,33.712375933341704,0.15142260530814639,569858.8906586485,0,69.50917844027718,24.856954825410565,0.2785310334157796,420170.8218361256,2,20.490821559722818,11.337112561445595,0.7577965652078521,34.13384327498374,0,0.14770631260036404,6.173282134611611,576983.185672203,10.912721499645803,0.480870908193482,1.0,736.6666666666667,6.0,889.2362968133699,0.74,960.0143421089177,3200.0,15.599999999999998,10.399999999999999,51.333333333333336,0.0,0.0,913.3057685296516
2,0.033370041563643066,2.5719642299223366,10.499999999999998,0.25708459174297527,0.63,0.11107866029534519,10.131394759262484,2.4,aeronaut14x8,acc24,ht14,0.0,0.0,0.0,0.0,0.5163501298348309,1.7,0.09,6.382778698335366,1.9627786983353657,4.42,0.21344,0.3180716799782558,0.5593102894318996,0.045506978925209565,0.15144975,0.675,0.335665976440041,-1.477496875797821,5.459295046098747,0.07400096601891445,0.4052458140241086,0.27063876623661354,0.26638359880272666,0.2866397069152352,0.14146379894454592,0.9718964941402187,49.17882140172961,7.600000000000004,8.600000000000001,1.5152772360910407,2.2,10.030396383752253,12.230396383752254,11.872174999082855,0.9527777777777777,18.176969753975108,2.349068776875615,4,0.5213429591801283,284463.1774965819,11.750902083276928,0.9121527777777778,34.221802071119654,0.14831199758958682,535559.1547199939,0,89.21987240761503,32.15636769906744,0.16797631998766463,503235.8339279713,0,0.7801275923849715,11.276023225286787,0.7235766104034461,34.11558839312776,0,0.149236928708106,6.135536446635313,533896.9480516594,10.837911296421549,0.41243099858467014,1.0,736.6666666666667,6.0,870.7274088765924,0.74,959.5009235567184,3200.0,15.599999999999998,10.399999999999999,51.333333333333336,0.0,0.0,906.9649996999924
2,0.030924940989335396,2.4657656011875906,9.500000000000002,0.27241348821314215,0.6399999999999999,0.1152985849465776,9.922636406530174,2.4,aeronaut14x8,acc24,ht14,0.0,0.0,0.0,0.0,0.5163501298348309,1.7,0.09,6.35048730017931,1.9304873001793101,4.42,0.21344,0.3180716799782558,0.5247540428711394,0.04777182732991482,0.15144975,0.675,0.33677557415590154,-1.499284833484438,5.359888430271132,0.07461799082266313,0.4129793811630209,0.2797231421864869,0.251708082612196,0.3037308533030959,0.14525903750485197,0.9510101091920521,47.50397601836204,7.400000000000004,8.400000000000002,1.5183877347952557,2.2,9.94338254074757,12.14338254074757,11.874606248888375,0.9534722222222222,18.125231520091578,2.341763126571336,4,0.5135229068987719,300566.5830503083,11.751858333200365,0.9125,31.792408186252985,0.1683034519185507,527206.2585733209,0,59.672277407822236,26.449298799212038,0.2431708703624255,438602.69345213956,0,30.327722592177764,11.374964123638277,0.7748745183891975,34.09604382883013,0,0.14632950171464967,6.193405857166474,565406.9233711639,10.94719079950722,0.5150268145561727,1.0,736.6666666666667,6.0,885.6634228801883,0.74,958.9512326858475,3200.0,15.599999999999998,10.399999999999999,51.333333333333336,0.0,0.0,911.7604407442343
2,0.02947298529515771,2.4,9.000000000000002,0.2798782535564529,0.6399999999999999,0.11626374954691279,9.893515251192662,2.4,aeronaut14x8,acc24,ht14,0.0,0.0,0.0,0.0,0.5163501298348309,1.7,0.09,6.331849760763302,1.9118497607633023,4.42,0.21344,0.3180716799782558,0.5055943798906964,0.04829395089434991,0.15144975,0.675,0.33719646790215296,-1.505151591217259,5.300895140881139,0.0749628468199727,0.4166699416144011,0.2839429098699481,0.24471762821584256,0.31205378753922003,0.147051182617997,0.940895029842783,47.7096845081891,7.400000000000004,8.400000000000002,1.5203106162773266,2.2,9.981243728291847,12.181243728291847,11.874606248888375,0.9534722222222222,18.14441022713606,2.336711340526498,4,0.5109614595580704,309129.5599563344,11.751858333200365,0.9125,33.634281844786784,0.1499336475350483,573033.2711821297,0,69.73751819040845,24.877318095145966,0.27406672241217317,423839.31466369174,2,20.26248180959155,11.33628482972483,0.757400142030541,34.05689518859817,0,0.14623566996799872,6.198032747133574,580233.4102535394,10.911494173173688,0.4800780618388596,1.0,736.6666666666667,6.0,886.2232822763981,0.74,957.8501771793235,3200.0,15.599999999999998,10.399999999999999,51.333333333333336,0.0,0.0,911.5800420407962
2,0.03243982191785681,2.529822128134704,10.0,0.26551582463655365,0.6400000000000002,0.11446084178047158,9.953379297351495,2.4,aeronaut14x8,acc24,ht14,0.0,0.0,0.0,0.0,0.5163501298348309,1.7,0.09,6.370162750304958,1.9501627503049583,4.42,0.21344,0.3180716799782558,0.5448814493873486,0.04731987093935343,0.15144975,0.675,0.33637185302343026,-1.492420160045263,5.41355973041567,0.0743104425191123,0.4095690447373879,0.2756818497189963,0.2584474955188313,0.2960402163318616,0.1436056002460975,0.9603541834220408,47.28845442852385,7.400000000000004,8.400000000000002,1.516597556735577,2.2,9.903852227126164,12.103852227126165,11.874606248888375,0.9534722222222222,18.10852205356614,2.345302025563757,4,0.5160438760339588,292685.9939736315,11.751858333200365,0.9125,31.690778267299315,0.16990945300585977,512214.4650747923,0,62.27031023351609,27.64010960346454,0.22335919187761558,446743.9655704528,0,27.729689766483908,11.363853459334619,0.770364044733479,34.11705302328692,0,0.14660214693831877,6.188395345293952,551430.0695569656,10.940765663376324,0.5060058672447358,1.0,736.6666666666667,6.0,886.1739360601133,0.74,959.5421162799447,3200.0,15.599999999999998,10.399999999999999,51.333333333333336,0.0,0.0,912.1275730022417
2,0.034024116814930075,2.592296279363144,10.5,0.25911691263180253,0.6399999999999999,0.11373385766224212,9.98588654051926,2.4,aeronaut14x8,acc24,ht14,0.0,0.0,0.0,0.0,0.5163501298348309,1.7,0.09,6.390967385932325,1.9709673859323251,4.42,0.21344,0.3180716799782558,0.5660773532359953,0.04692860271807395,0.15144975,0.675,0.3359814301406636,-1.484638233749873,5.462633433697241,0.07403034289736532,0.4064038100173771,0.27178068083273055,0.2649743811555865,0.2889056687139632,0.1420741286456758,0.9690202026403607,49.047981396788074,7.600000000000004,8.600000000000001,1.515610431764712,2.2,10.002175183515346,12.202175183515347,11.872174999082855,0.9527777777777777,18.095883776289078,2.346733704002351,4,0.5184405798916639,285432.9347408887,11.750902083276928,0.9121527777777778,34.0108009425331,0.1480013597153606,536464.6925194934,0,77.43800774674493,26.231688635650478,0.24879802412598465,413761.9340976102,0,12.56199225325507,11.30796008151183,0.7440312365507901,34.07590478438872,0,0.1474363708970333,6.169589439076014,537491.5990178707,10.882427719608957,0.4533402508793579,1.0,736.6666666666667,6.0,888.9974531703685,0.74,958.3848220609328,3200.0,15.599999999999998,10.399999999999999,51.333333333333336,0.0,0.0,912.6829806326562
2,0.03006603408416294,2.4186773244895656,9.000000000000002,0.28205632728947216,0.6500000000000002,0.11899929788282146,9.753286109987334,2.4,aeronaut14x8,acc24,ht14,0.0,0.0,0.0,0.0,0.5163501298348309,1.7,0.09,6.33963597149177,1.9196359714917701,4.42,0.21344,0.3180716799782558,0.5118925132625685,0.04978202825094552,0.15144975,0.675,0.33753798925170364,-1.511013763153943,5.304319276927949,0.07499056333427595,0.4178889608721361,0.2848647836351703,0.24351906272645185,0.3144822583092483,0.14769652179317522,0.9378212198975764,45.610972858772094,7.200000000000004,8.200000000000003,1.519898249018605,2.2,9.810200912772144,12.010200912772145,11.877004165384678,0.9541666666666666,18.068257161879778,2.335724636780664,4,0.5079421749054556,310227.7434546652,11.7528145831238,0.9128472222222223,33.54622707750178,0.1485854885536097,575980.861597857,0,70.29714590977161,25.05074755937924,0.2664540835319903,430115.4681146989,0,19.702854090228385,11.334181892428484,0.7564285661288688,33.95556219251728,0,0.14502467828970303,6.21603605709209,583009.0496466705,10.909154752155752,0.4781349100355152,1.0,736.6666666666667,6.0,883.4173219787233,0.74,955.0001866645486,3200.0,15.599999999999998,10.399999999999999,51.333333333333336,0.0,0.0,909.6947251033129
2,0.031537678692973845,2.4849547279578355,9.500000000000002,0.2745334695109301,0.6499999999999999,0.11801142410248291,9.782164755945658,2.4,aeronaut14x8,acc24,ht14,0.0,0.0,0.0,0.0,0.5163501298348309,1.7,0.09,6.358407091364676,1.9384070913646765,4.42,0.21344,0.3180716799782558,0.5312024129764698,0.049243248409950535,0.15144975,0.675,0.3371092872094351,-1.505434820523166,5.363222672871188,0.07464907782376519,0.4141694559440458,0.2806959383092769,0.25045019782461714,0.3060945531800269,0.145890239688568,0.9480152071314051,47.381018333016705,7.400000000000004,8.400000000000002,1.5187346414983314,2.2,9.916142409850833,12.116142409850834,11.874606248888375,0.9534722222222222,18.047958279405254,2.3400891969503186,4,0.5105670039012191,301614.281176907,11.751858333200365,0.9125,33.20559950785459,0.1520985658635596,554926.0958807947,0,69.82936168465795,26.130225862456925,0.24561870821372328,436683.7050753027,0,20.170638315342046,11.335951897007279,0.757240691519691,33.96388237877176,0,0.14538282845048003,6.200570950138891,567598.3848732522,10.911000514265332,0.47975916081715986,1.0,736.6666666666667,6.0,883.747603231866,0.74,955.2341919029557,3200.0,15.599999999999998,10.399999999999999,51.333333333333336,0.0,0.0,909.8828206004962
2,0.03072060276402464,2.4269322199023198,9.500000000000004,0.2681232438971631,0.6199999999999999,0.10993640991283174,10.501875826323845,2.4,aeronaut14x8,acc24,ht14,0.0,0.0,0.0,0.0,0.5163501298348309,1.7,0.09,6.511163012320782,1.9211630123207826,4.59,0.21344,0.3180716799782558,0.5183025680703812,0.04489901427214544,0.15144975,0.675,0.33747419092106173,-1.458984201581978,5.353077737819834,0.07445064193298977,0.4105462494563508,0.2725505350453183,0.25937909165246353,0.2989473913111129,0.14398328078945632,0.9570693278994307,55.80595657388707,8.400000000000002,9.399999999999999,1.5192513028315549,2.2,10.307270695715463,12.507270695715462,11.862249999861449,0.95,17.10301463230113,2.2489228354728326,6,0.6102271003905081,279148.7300948546,11.747338541864696,0.9107638888888889,33.86999180203881,0.15694572586961653,552812.7878699112,0,82.84724549167586,12.825794558545505,1.0944882856899791,209337.61330669932,10,7.152754508324136,11.29377402877762,0.7346401987991739,34.1709171097593,0,0.1541936205941423,6.133791383449798,557724.3733014601,10.859832802798188,0.4345581753761255,1.0,765.0,6.0,826.1645389621601,0.74,961.0570437119803,3200.0,16.2,10.799999999999999,51.0,0.0,0.0,901.7405275580468
2,0.0330727782635252,2.5495097567963927,9.999999999999996,0.2675821268089917,0.6500000000000004,0.11715396983181603,9.812648118045264,2.4,aeronaut14x8,acc24,ht14,0.0,0.0,0.0,0.0,0.5163501298348309,1.7,0.09,6.378221276729425,1.9582212767294251,4.42,0.21344,0.3180716799782558,0.5514829681545227,0.04877687859664641,0.15144975,0.675,0.33669841326873934,-1.498787722541965,5.416883444325528,0.07434031830725318,0.4107362281964725,0.276688198656374,0.2571622874523224,0.2983440659911913,0.14422376934764802,0.9574321646611605,47.16440877088385,7.400000000000004,8.400000000000002,1.5169330162023673,2.2,9.876393283289117,12.076393283289118,11.874606248888375,0.9534722222222222,18.03070778883211,2.343076708995219,4,0.5131190835240752,293696.2494601825,11.751858333200365,0.9125,32.11023565103579,0.16315937643952258,523033.0328925316,0,64.01709737661565,27.16004616298102,0.2280541684913954,442401.0297684282,0,25.982902623384348,11.357521354743243,0.7673314281655979,34.02737263853832,0,0.14529216263328912,6.207476725436317,554260.6446715674,10.935762806582824,0.4999406341089734,1.0,736.6666666666667,6.0,883.8683567317597,0.74,957.0198554588902,3200.0,15.599999999999998,10.399999999999999,51.333333333333336,0.0,0.0,910.5182929524389
2,0.03389043439659258,2.5514701644346145,10.499999999999996,0.25503607629405556,0.6200000000000001,0.10844445317969237,10.568649001500349,2.4,aeronaut14x8,acc24,ht14,0.0,0.0,0.0,0.0,0.5163501298348309,1.7,0.09,6.552562380930217,1.9625623809302173,4.59,0.21344,0.3180716799782558,0.560492736523713,0.044108214428248554,0.15144975,0.675,0.3367065202406901,-1.440848243737747,5.455975451125228,0.07386096732062966,0.4040625640602155,0.26408627689858644,0.2731469923759441,0.28435568878754935,0.1408491473059994,0.9747951639064512,57.34246463293347,8.600000000000001,9.599999999999998,1.516330114301633,2.2,10.346000972415071,12.546000972415072,11.859718750064268,0.9493055555555555,17.05366499461477,2.255441861669479,6,0.6176037708359159,264757.2550089689,11.746510416930894,0.9104166666666667,33.68604904697709,0.15967323288718643,522974.1454749746,0,78.92795367423285,13.017182485945042,1.0692968449079194,202091.07567305575,10,11.072046325767147,11.303652798031262,0.7414445248711234,34.23867641336805,0,0.15456043691048005,6.136884337254077,531553.6563668977,10.87589037090134,0.4481668275200248,1.0,765.0,6.0,806.1319006908307,0.74,962.9627741259762,3200.0,16.2,10.799999999999999,51.0,0.0,0.0,895.6982249389357
2,0.032268516684134475,2.489979919597747,10.0,0.2613342117328703,0.6200000000000002,0.10913762755003537,10.53429575375541,2.4,aeronaut14x8,acc24,ht14,0.0,0.0,0.0,0.0,0.5163501298348309,1.7,0.09,6.531263367328357,1.9412633673283572,4.59,0.21344,0.3180716799782558,0.5388267771514677,0.044475160198633755,0.15144975,0.675,0.3370848439948227,-1.450381544990795,5.406850450942236,0.07414000999607692,0.4071814782249789,0.26824887393326025,0.2663606567548567,0.29137787430265477,0.1423562129230607,0.9662659127742845,55.55261410733514,8.400000000000002,9.399999999999999,1.5174367619288067,2.2,10.266604812347733,12.466604812347732,11.862249999861449,0.95,17.07737506913551,2.2531233931415335,6,0.6139142117454356,271672.6435646994,11.747338541864696,0.9107638888888889,33.70104603138258,0.1590126013315107,536127.609142264,0,88.59419541930545,0,inf,0.0,-4,1.40580458069455,11.278055958041888,0.7246628551748169,34.16696954914446,0,0.15470536794751674,6.122912627563989,543539.6776397291,10.840179375458137,0.41460348812741166,1.0,765.0,6.0,833.0017143505954,0.74,960.9460185696879,3200.0,16.2,10.799999999999999,51.0,0.0,0.0,903.9825776400944
2,0.029239348598461137,2.3622023622035435,9.000000000000004,0.2754704465335231,0.6199999999999999,0.1108566877391812,10.471217763705726,2.4,aeronaut14x8,acc24,ht14,0.0,0.0,0.0,0.0,0.5163501298348309,1.7,0.09,6.492155013497548,1.9021550134975485,4.59,0.21344,0.3180716799782558,0.4988049205760222,0.04538866294326972,0.15144975,0.675,0.3378782742557976,-1.466526197791496,5.294024521516896,0.07479333119502161,0.4141894258562048,0.27701537683306626,0.25216925296169396,0.3071392475248784,0.14574682337862954,0.9471139290964918,53.99069359209662,8.200000000000003,9.2,1.520540701957568,2.2,10.220133597474849,12.420133597474848,11.86478124965863,0.9506944444444444,17.343712026143006,2.2416868123516225,6,0.591847719032209,290834.27766796213,11.7481666668235,0.9111111111111111,33.94602108914994,0.1557873662583495,569236.0728938989,0,88.96696058952907,32.61254397593908,0.1687876369824264,546875.1819598903,0,1.0330394104709342,11.276841236883008,0.7240156934209565,34.11751116491463,0,0.15422518642739907,6.13420036305782,572111.7659541314,10.838828101743502,0.4133091646196907,1.0,765.0,6.0,861.1726917881693,0.74,959.5550015132239,3200.0,16.2,10.799999999999999,51.0,0.0,0.0,912.9092311004644
2,0.0346778028947062,2.6124700955226263,10.499999999999998,0.2611334170726186,0.6500000000000001,0.11640988063825053,9.844874919395533,2.4,aeronaut14x8,acc24,ht14,0.0,0.0,0.0,0.0,0.5163501298348309,1.7,0.09,6.399168697607098,1.979168697607098,4.42,0.21344,0.3180716799782558,0.5728341318865533,0.048373135742288645,0.15144975,0.675,0.33630141252781864,-1.491401328583537,5.465896266274039,0.07405529683179785,0.4075508269386709,0.27285576892226443,0.2636306498984448,0.2911539957645656,0.14268023524016635,0.966165768995268,46.93664611940111,7.400000000000004,8.400000000000002,1.5152474362923853,2.2,9.834757826647763,12.034757826647763,11.874606248888375,0.9534722222222222,18.01761366211022,2.344657104646186,4,0.5155403908032008,286410.0455383436,11.751858333200365,0.9125,32.063548532158734,0.1641722801950866,509685.8311779853,0,63.990117196377035,27.314510760174056,0.2262226823819393,434194.58411024563,0,26.009882803622965,11.357619157911559,0.7673782687562898,34.045887277102736,0,0.1456108328990997,6.2071268705921145,541197.3143776611,10.935866378877654,0.5000343152903575,1.0,736.6666666666667,6.0,884.5025280955488,0.74,957.5405796685145,3200.0,15.599999999999998,10.399999999999999,51.333333333333336,0.0,0.0,910.9032581435767
2,0.03135414643244342,2.4464259645450137,9.499999999999998,0.27027687884684964,0.6300000000000001,0.11260685791427866,10.347793230028186,2.4,aeronaut14x8,acc24,ht14,0.0,0.0,0.0,0.0,0.5163501298348309,1.7,0.09,6.519109734917759,1.929109734917759,4.59,0.21344,0.3180716799782558,0.5248245386036712,0.04632376633583179,0.15144975,0.675,0.3377876535563156,-1.465970875098082,5.356470006224095,0.07448427479296274,0.411760844168101,0.2736822708602228,0.2579700324030577,0.3013486137515373,0.14462341901675632,0.9540279672317062,53.61643429858095,8.200000000000003,9.2,1.5189717085276015,2.2,10.153142222457703,12.353142222457702,11.86478124965863,0.9506944444444444,17.04119519305249,2.246757029275775,6,0.6056163034338212,280373.8273381929,11.7481666668235,0.9111111111111111,34.20669638490369,0.15161363957207752,562792.8251148126,0,86.18082957176962,12.50827124925606,1.1338770312651045,205794.94828907092,10,3.819170428230379,11.283673301049063,0.7288527264379,34.0735773424653,0,0.1528006054867978,6.149420111894572,560602.6562330393,10.84892782622895,0.4229832306535778,1.0,765.0,6.0,851.0311701603877,0.74,958.3193627568367,3200.0,16.2,10.799999999999999,51.0,0.0,0.0,909.1168443057414
2,0.029852276681034698,2.3811761799581315,9.0,0.27768309610704484,0.63,0.11354949006422387,10.317403053715237,2.4,aeronaut14x8,acc24,ht14,0.0,0.0,0.0,0.0,0.5163501298348309,1.7,0.09,6.4999639238406,1.9099639238405999,4.59,0.21344,0.3180716799782558,0.5051729807660279,0.04682951309631534,0.15144975,0.675,0.3381992201537243,-1.473313403515229,5.29748313398127,0.07482255061301184,0.4154271766688281,0.2781157327457077,0.2507769781540636,0.30960626906421096,0.14640131848758553,0.9439924124482033,53.851027078645,8.200000000000003,9.2,1.5209142569208114,2.2,10.191997580201082,12.391997580201082,11.86478124965863,0.9506944444444444,18.39536305969589,2.251473237663019,4,0.5188289908478806,310946.97114165366,11.7481666668235,0.9111111111111111,34.13353290013838,0.15181710713294463,576977.9392349476,0,87.10470134007679,12.154983160315425,1.1972213993531557,205462.38667389314,10,2.8952986599232133,11.281897735138013,0.7272487823957,34.03898285425587,0,0.1526616829235066,6.155506054659456,575379.7076429392,10.845578791336367,0.4197753425691778,1.0,765.0,6.0,851.4324182972941,0.74,957.3463927759465,3200.0,16.2,10.799999999999999,51.0,0.0,0.0,908.926270357747
2,0.03292321667848327,2.5099800796022276,10.000000000000005,0.26343331542770915,0.6300000000000001,0.11178867245503757,10.379924566502117,2.4,aeronaut14x8,acc24,ht14,0.0,0.0,0.0,0.0,0.5163501298348309,1.7,0.09,6.539352476896335,1.949352476896335,4.59,0.21344,0.3180716799782558,0.5455050652777311,0.045885981640348086,0.15144975,0.675,0.3373914511664337,-1.45783157898925,5.410211374145181,0.07416981325745756,0.408373654111632,0.26945926474445536,0.26488322975589096,0.29371829643295044,0.14298311511967327,0.9632985884473763,55.40513686998377,8.400000000000002,9.399999999999999,1.5177889133088327,2.2,10.23765199759188,12.437651997591882,11.862249999861449,0.95,17.014440007438427,2.2504685866480765,6,0.6093744253674916,272845.55418081634,11.747338541864696,0.9107638888888889,34.23943289465261,0.15179374252598865,549067.5590201126,0,89.23275965725476,30.089867453587466,0.19654701169735164,482524.641246621,0,0.7672403427452394,11.275981543092067,0.7235542367061549,34.079611268776006,0,0.15322080153044093,6.140904929164438,546504.6406952476,10.837864580142554,0.41238625119008765,1.0,765.0,6.0,870.6607188542275,0.74,958.4890669343251,3200.0,16.2,10.799999999999999,51.0,0.0,0.0,915.7165952628508
2,0.03456680589559035,2.5719642299223366,10.499999999999998,0.25708459174297527,0.63,0.11107866029534519,10.41396354422159,2.4,aeronaut14x8,acc24,ht14,0.0,0.0,0.0,0.0,0.5163501298348309,1.7,0.09,6.560797032859601,1.9707970328596014,4.59,0.21344,0.3180716799782558,0.5673286239561358,0.045506978925209565,0.15144975,0.675,0.3370068259792584,-1.448753480205535,5.459295046098747,0.073890469737492,0.4052322780681896,0.26537372828765227,0.271595984992875,0.2866397069152352,0.14146379894454592,0.9718964941402187,55.13696793639719,8.400000000000002,9.399999999999999,1.516079717709591,2.2,10.194748737075884,12.394748737075883,11.862249999861449,0.95,16.989991793011015,2.252782299277296,6,0.6131067727578956,265887.3902798805,11.747338541864696,0.9107638888888889,33.998171412191084,0.1544606050700413,532059.4136363316,0,80.0894256755717,12.956735195349072,1.0635004654626952,202768.34442356747,10,9.910574324428296,11.300739722194942,0.7394280804243547,34.14766599184203,0,0.15311114368649936,6.1540604519211195,534398.9511787058,10.871653475851693,0.4441339386264871,1.0,765.0,6.0,821.2376847585164,0.74,960.4031060205572,3200.0,16.2,10.799999999999999,51.0,0.0,0.0,899.8802635930246
2,0.03198727758373386,2.4657656011875906,9.500000000000002,0.27241348821314215,0.6399999999999999,0.1152985849465776,10.198545816289071,2.4,aeronaut14x8,acc24,ht14,0.0,0.0,0.0,0.0,0.5163501298348309,1.7,0.09,6.527069322425005,1.937069322425005,4.59,0.21344,0.3180716799782558,0.5313360651168342,0.04777182732991482,0.15144975,0.675,0.3381056967027726,-1.472822879296954,5.359888430271132,0.0745083343133696,0.4129644835902467,0.27478610766949313,0.2565904297755203,0.3037308533030959,0.14525903750485197,0.9510101091920521,53.47618253374972,8.200000000000003,9.2,1.5193270250319473,2.2,10.124929125199591,12.324929125199592,11.86478124965863,0.9506944444444444,16.98205580257957,2.2443010690612124,6,0.6010209137796946,281609.5606885364,11.7481666668235,0.9111111111111111,34.16772739341764,0.14976794182069741,566595.6355840286,0,89.0687842102053,29.75107999889906,0.19753569144447067,493355.378518237,0,0.931215789794706,11.276511901136216,0.7238389163017269,33.97647485842193,0,0.15145876556515,6.165050444808883,563424.1383879983,10.838458991126043,0.41295561038123163,1.0,765.0,6.0,868.2889759824732,0.74,955.5883553931168,3200.0,16.2,10.799999999999999,51.0,0.0,0.0,913.9591104585301
2,0.031077053683749748,2.4186773244895656,9.000000000000002,0.28205632728947216,0.6500000000000002,0.11899929788282146,10.024034680105053,2.4,aeronaut14x8,acc24,ht14,0.0,0.0,0.0,0.0,0.5163501298348309,1.7,0.09,6.515622542068288,1.9256225420682878,4.59,0.21344,0.3180716799782558,0.5178790838390864,0.04978202825094552,0.15144975,0.675,0.3388550616045905,-1.485907858180085,5.304319276927949,0.07488179484838903,0.4178739410161995,0.2801316777146688,0.24819891738299146,0.3144822583092483,0.14769652179317522,0.9378212198975764,51.558392095200325,8.000000000000004,9.0,1.5209575893700258,2.2,10.00795093938368,12.207950939383679,11.867312499455812,0.9513888888888888,16.733297480853548,2.237182498309492,6,0.6083074084354729,287306.79841069714,11.749072916751105,0.9114583333333334,33.14989843223288,0.15638350886860944,569175.9915881684,0,70.73319211553485,25.434844828034564,0.2656422638702488,436710.3282528111,0,19.266807884465152,11.332492213007319,0.7556715414660853,33.93379422846933,0,0.14924181211486282,6.215039262164867,582635.2988025412,10.907498538671437,0.47662086070994847,1.0,765.0,6.0,872.4039750494363,0.74,954.3879626757,3200.0,16.2,10.799999999999999,51.0,0.0,0.0,914.9306459083788
2,0.030464836091862863,2.4,9.000000000000002,0.2798782535564529,0.6399999999999999,0.11626374954691279,10.168416121234934,2.4,aeronaut14x8,acc24,ht14,0.0,0.0,0.0,0.0,0.5163501298348309,1.7,0.09,6.507786317590357,1.9177863175903571,4.59,0.21344,0.3180716799782558,0.511530936717751,0.04829395089434991,0.15144975,0.675,0.3385248217782174,-1.479866318615961,5.300895140881139,0.07485401922920917,0.4166549138676581,0.2791729093456414,0.24943393486950383,0.31205378753922003,0.147051182617997,0.940895029842783,51.691808235138424,8.000000000000004,9.0,1.5205987585466534,2.2,10.035450644192986,12.235450644192987,11.867312499455812,0.9513888888888888,18.461025535406137,2.2510501403266288,4,0.5077338674727073,314523.79155139555,11.749072916751105,0.9114583333333334,33.80511666825384,0.15254614231922897,575943.8146025274,0,88.92968851350128,33.02411127715082,0.15984675699366294,562637.6861666676,0,1.0703114864987242,11.276961788744272,0.7240804018862825,33.94592417203267,0,0.15128324591458553,6.1725122029778,578342.77721067,10.838963213016362,0.41343858155034274,1.0,765.0,6.0,855.9685095686065,0.74,954.7291173384189,3200.0,16.2,10.799999999999999,51.0,0.0,0.0,909.5658756356751
2,0.033577462966057486,2.529822128134704,10.0,0.26551582463655365,0.6400000000000002,0.11446084178047158,10.230396877986815,2.4,aeronaut14x8,acc24,ht14,0.0,0.0,0.0,0.0,0.5163501298348309,1.7,0.09,6.5474540019115635,1.9574540019115636,4.59,0.21344,0.3180716799782558,0.5521727009939539,0.04731987093935343,0.15144975,0.675,0.33770256990841135,-1.465001586122671,5.41355973041567,0.07420078334851757,0.4095542401890935,0.27061705404147884,0.2634565335091573,0.2960402163318616,0.1436056002460975,0.9603541834220408,53.2287551596123,8.200000000000003,9.2,1.5175064100388647,2.2,10.084079396552147,12.284079396552148,11.86478124965863,0.9506944444444444,17.98182318055208,2.260902771774372,4,0.538165707565133,290638.17441807827,11.7481666668235,0.9111111111111111,34.10493372227114,0.1507894160726813,551234.1866652764,0,87.3215716802553,12.04815507283552,1.2082705262416966,194732.96785956476,10,2.6784283197446968,11.281480937486705,0.7268722713884457,34.00321100867908,0,0.15169295732522603,6.162092563347368,549590.0539497894,10.844792636416019,0.41902232055466904,1.0,765.0,6.0,851.0888533290189,0.74,956.3403096190991,3200.0,16.2,10.799999999999999,51.0,0.0,0.0,908.4763876493727
2,0.035242686782734435,2.592296279363144,10.5,0.25911691263180253,0.6399999999999999,0.11373385766224212,10.264131062924719,2.4,aeronaut14x8,acc24,ht14,0.0,0.0,0.0,0.0,0.5163501298348309,1.7,0.09,6.569043880271819,1.9790438802718189,4.59,0.21344,0.3180716799782558,0.5741538475754887,0.04692860271807395,0.15144975,0.675,0.3373115790905077,-1.456289450360404,5.462633433697241,0.07392069143634536,0.406389085565144,0.266591098970145,0.270107137502294,0.2889056687139632,0.1420741286456758,0.9690202026403607,54.98880047191565,8.400000000000002,9.399999999999999,1.516415175784915,2.2,10.165698196153754,12.365698196153755,11.862249999861449,0.95,18.236569520735127,2.264984740932432,4,0.5250605633535184,287652.02198801504,11.747338541864696,0.9107638888888889,34.09990328021934,0.15133127520096587,537870.1359923,0,87.64281608411173,0,inf,0.0,-4,2.357183915888271,11.280902231299287,0.7263145554095283,34.033102815328114,0,0.1519259268615112,6.164312114969462,536816.4680437393,10.843628125478215,0.4179068885968342,1.0,765.0,6.0,839.5746170744656,0.74,957.1810166811032,3200.0,16.2,10.799999999999999,51.0,0.0,0.0,904.9185445851896
2,0.03262002673994424,2.4849547279578355,9.500000000000002,0.2745334695109301,0.6499999999999999,0.11801142410248291,10.053910967614078,2.4,aeronaut14x8,acc24,ht14,0.0,0.0,0.0,0.0,0.5163501298348309,1.7,0.09,6.53504212894915,1.94504212894915,4.59,0.21344,0.3180716799782558,0.5378374505609436,0.049243248409950535,0.15144975,0.675,0.33842830277525726,-1.479355968989635,5.363222672871188,0.07454029521601602,0.4141545445394318,0.27583340450745547,0.2552584161921835,0.3060945531800269,0.145890239688568,0.9480152071314051,51.329821902202966,8.000000000000004,9.0,1.5190101870757224,2.2,9.968988763655027,12.168988763655026,11.867312499455812,0.9513888888888888,17.96711363125452,2.2562974650249643,4,0.5297584961233238,300263.2197404005,11.749072916751105,0.9114583333333334,34.0477681474609,0.14868615620415412,569000.2689773961,0,72.92203684267825,23.290159855771837,0.3177626827059812,389221.0251510714,2,17.077963157321747,11.323709028068768,0.7518714638147947,33.95671277367112,0,0.1494846331172073,6.205144077988504,567478.5677030621,10.899520608564616,0.4690207054073672,1.0,765.0,6.0,879.4973189950686,0.74,955.0325467595003,3200.0,16.2,10.799999999999999,51.0,0.0,0.0,917.509955251523
2,0.034231289845313435,2.5495097567963927,9.999999999999996,0.2675821268089917,0.6500000000000004,0.11715396983181603,10.085489686717287,2.4,aeronaut14x8,acc24,ht14,0.0,0.0,0.0,0.0,0.5163501298348309,1.7,0.09,6.55556829636624,1.9655682963662402,4.59,0.21344,0.3180716799782558,0.5588299877913374,0.04877687859664641,0.15144975,0.675,0.3380181825925758,-1.471789515603586,5.416883444325528,0.07423157109728105,0.4107225867609827,0.27170411376404335,0.2620953919759251,0.2983440659911913,0.14422376934764802,0.9574321646611605,53.08777407545553,8.200000000000003,9.2,1.5178446270844572,2.2,10.055771326192263,12.255771326192264,11.86478124965863,0.9506944444444444,18.166050703686228,2.260234397194267,4,0.5199213622198297,295900.80554024293,11.7481666668235,0.9111111111111111,33.473678154412724,0.1543131421403918,545241.6979258828,0,69.53362485249068,24.689061002788577,0.28366166075553,402151.96786139725,2,20.466375147509325,11.337023943187774,0.7577541235199814,33.99179723763411,0,0.14964476608522118,6.203454254830194,553681.1687052895,10.912590100146415,0.4807860248177407,1.0,765.0,6.0,879.5766625900865,0.74,956.0192973084594,3200.0,16.2,10.799999999999999,51.0,0.0,0.0,917.865319966182
2,0.035918115184690444,2.6124700955226263,10.499999999999998,0.2611334170726186,0.6500000000000001,0.11640988063825053,10.118928101354712,2.4,aeronaut14x8,acc24,ht14,0.0,0.0,0.0,0.0,0.5163501298348309,1.7,0.09,6.5773032658805635,1.9873032658805636,4.59,0.21344,0.3180716799782558,0.5809687001600188,0.048373135742288645,0.15144975,0.675,0.3376207619542232,-1.463487517690554,5.465896266274039,0.07394656403392239,0.4075372609353312,0.26774886430257405,0.2686856040497051,0.2911539957645656,0.14268023524016635,0.966165768995268,52.82612274483563,8.200000000000003,9.2,1.516130006572264,2.2,10.01271017714425,12.212710177144249,11.86478124965863,0.9506944444444444,18.154432853248654,2.262980675246482,4,0.5222978161181034,288584.9390341945,11.7481666668235,0.9111111111111111,33.94749040221052,0.1505330838692396,539633.1864111493,0,86.04423617760223,12.320767154477732,1.1428041453799558,195852.3225082851,10,3.9557638223977705,11.283935816457237,0.7290898677472184,33.95513224239649,0,0.1504653344454244,6.185543618573083,539754.6619759331,10.849422977243252,0.4234575132722145,1.0,765.0,6.0,840.1566391408695,0.74,954.9880943174013,3200.0,16.2,10.799999999999999,51.0,0.0,0.0,904.3815778194236
