payload;span;aspect_ratio;airfoil;total mass;take_off_length;climb_height;efficiency_points;distance;score_payload;score_efficiency;score_distance;b_loading;penalty_current;take_off_factor;penalty_round;score_round;score_round_corrected
2.04;1.5;16; ag45c;3.638466254;72.92461732;91.87559748;0.666409128;3162.505468;340;900.5528759;988.2829588;54.66666667;0;1;0;797.6119449;0
2.55;1.5;12; ag45c;3.92938595;60.47577491;86.29923692;0.64267971;3115.797197;425;868.4860945;973.6866241;54.66666667;0;1;0;810.3909062;0
2.55;1.5;14; ag45c;4.001344496;85.29505974;78.51391537;0.652758723;3130.109085;425;882.106383;978.1590891;54.66666667;0;1;0;816.421824;0
2.55;1.5;16; ag45c;4.211949412;130.2797879;59.71705295;0.653016264;3134.934421;425;882.4544111;979.6670065;54.66666667;0;1;0;817.0404725;0
2.55;2;16; ag45c;4.467742206;62.82625282;74.88416208;0.616248843;3053.620905;425;832.7687069;954.256533;54.66666667;0;1;0;792.0084133;0
3.06;1.5;12; ag45c;4.490079634;100.1919191;61.74766144;0.628798958;3083.380307;510;849.7283217;963.556346;54.66666667;0;1;0;829.0948892;0
3.06;1.5;10; ag45c;4.469632621;68.76004658;69.64511204;0.633348808;3064.460657;510;855.8767676;957.6439554;54.66666667;0;1;0;829.1735743;0
3.06;1.5;14; ag45c;4.777327654;169.6799042;40.31821495;0.645461795;3088.79532;510;872.2456685;965.2485376;54.66666667;0;1;0;837.1647354;0
3.06;1.5;16; ag45c;4.781879938;247.6940533;26.13920057;0.641977335;3097.960802;510;867.5369393;968.1127506;54.66666667;0;1;0;836.5498966;0
3.06;2;16; ag45c;5.190672732;107.3556011;49.46334927;0.614528397;3026.124661;510;830.4437795;945.6639565;54.66666667;0;1;0;816.7025787;0
3.57;1.5;8; ag45c;5.034514719;75.12428846;54.6770794;0.610763527;2987.249476;595;825.3561172;933.5154612;54.66666667;0;1;0;839.2905261;0
3.57;1.5;10; ag45c;5.021799989;111.9464605;47.86698733;0.612746092;3027.811017;595;828.0352596;946.1909428;54.66666667;0;1;0;844.4087341;0
3.57;1.5;12; ag45c;5.061431213;165.29483;36.79593099;0.615100924;3044.44392;595;831.217465;951.3887251;54.66666667;0;1;0;847.2020634;0
3.57;2;12; ag45c;5.253799209;65.63000382;56.9130517;0.602176849;2967.167281;595;813.7524988;927.2397752;54.66666667;0;1;0;833.330758;0
3.57;1.5;14; ag45c;5.349389759;271.2940308;15.57383297;0.626449317;3047.242367;595;846.5531308;952.2632398;54.66666667;0;1;0;852.6054568;0
3.57;1.5;16; ag45c;5.340442043;273.4272868;14.03470332;0.63015467;3061.293331;595;851.5603655;956.654166;54.66666667;0;1;0;855.7381772;0
3.57;2;14; ag45c;5.363591226;96.7308153;48.39082527;0.604741267;2991.37852;595;817.2179285;934.8057874;54.66666667;0;1;0;837.0079053;0
3.57;2;16; ag45c;5.784761153;177.2523323;27.58609823;0.614816942;2994.967889;595;830.8337052;935.9274653;54.66666667;0;1;0;841.9203902;0
3.57;2.5;16; ag45c;6.259960026;107.4953395;36.10098481;0.589649602;2915.245155;595;796.8237861;911.014111;54.66666667;0;1;0;822.279299;0
4.08;1.5;8; ag45c;5.576734719;114.7845576;37.48006363;0.597735165;2948.733099;680;807.7502235;921.4790935;54.66666667;0;1;0;857.7431057;0
4.08;1.5;10; ag45c;5.5697042;179.2854971;26.98279155;0.603848067;2981.873402;680;816.010901;931.8354382;54.66666667;0;1;0;863.9487797;0
4.08;2;10; ag45c;5.807032527;75.88900693;45.1236935;0.588846535;2901.131892;680;795.7385606;906.6037164;54.66666667;0;1;0;848.780759;0
4.08;1.5;12; ag45c;5.824624897;245.2562442;13.94038813;0.614377508;2998.554153;680;830.2398753;937.0481727;54.66666667;0;1;0;870.4293494;0
4.08;1.5;14; ag45c;5.914346601;242.7901856;11.99213513;0.61829651;3008.622269;680;835.5358247;940.194459;54.66666667;0;1;0;873.2434279;0
4.08;1.5;16; ag45c;5.89687257;244.9372194;10.29278388;0.610504444;3018.193771;680;825.006006;943.1855535;54.66666667;0;1;0;870.7305198;0
4.08;2;12; ag45c;5.816624472;102.5199525;39.86924029;0.587196376;2938.347466;680;793.5086167;918.2335833;54.66666667;0;1;0;851.9140667;0
4.08;2.5;14; ag45c;6.153458712;79.05539395;41.65655641;0.57413161;2874.796369;680;775.8535266;898.3738653;54.66666667;0;1;0;839.4091306;0
4.08;2;16; ag45c;6.356112732;223.9251992;14.51033475;0.588154582;2960.585398;680;794.8034897;925.1829367;54.66666667;0;1;0;854.6621421;0
4.08;2;14; ag45c;6.33378491;223.0574378;14.97722551;0.575679278;2949.430821;680;777.9449706;921.6971317;54.66666667;0;1;0;847.8807008;0
4.08;2.5;16; ag45c;6.902364236;195.272176;14.17313662;0.559840844;2888.031065;680;756.5416814;902.5097077;54.66666667;0;1;0;834.350463;0
4.08;3;16; ag45c;7.42311556;137.6908142;18.88159055;0.549729268;2801.994252;680;742.8773886;875.6232038;54.66666667;0;1;0;820.8335308;0
4.59;1.5;8; ag45c;6.122507351;188.062435;18.8656786;0.577485445;2905.414549;765;780.3857366;907.9420465;54.66666667;0;1;0;872.4425944;0
4.59;1.5;10; ag45c;6.124003147;228.7110548;13.33949588;0.590081157;2942.766613;765;797.4069691;919.6145666;54.66666667;0;1;0;882.0071786;0
4.59;1.5;12; ag45c;6.46276595;222.2300469;10.61136066;0.598263242;2953.568665;765;808.4638409;922.9902077;54.66666667;0;1;0;886.8180162;0
4.59;2;8; ag45c;6.39758896;78.71624354;36.84837768;0.55032596;2811.156231;765;743.6837293;878.4863221;54.66666667;0;1;0;850.3900171;0
4.59;1.5;14; ag45c;6.46651397;223.5264317;8.853160576;0.603071171;2960.113085;765;814.9610416;925.035339;54.66666667;0;1;0;889.6654602;0
4.59;1.5;16; ag45c;6.464671517;224.6902611;6.993744273;0.602940001;2966.251789;765;814.7837852;926.9536841;54.66666667;0;1;0;890.2458231;0
4.59;2;10; ag45c;6.352805159;110.0132933;32.13561091;0.570500426;2871.264722;765;770.9465221;897.2702256;54.66666667;0;1;0;865.7389159;0
4.59;2;12; ag45c;6.396502367;170.4047195;21.91993712;0.568416506;2905.399201;765;768.1304132;907.9372502;54.66666667;0;1;0;868.3558878;0
4.59;2;14; ag45c;6.933557542;197.8570033;12.74443225;0.574481091;2912.049846;765;776.3257986;910.0155769;54.66666667;0;1;0;871.7804585;0
4.59;2.5;12; ag45c;6.647910876;87.62677623;34.53341022;0.554352244;2816.839431;765;749.1246542;880.2623223;54.66666667;0;1;0;852.7956588;0
4.59;2.5;10; ag45c;6.655785939;64.97906935;38.53645476;0.561506366;2746.316965;765;758.7923868;858.2240516;54.66666667;0;1;0;848.6721461;0
4.59;2;16; ag45c;6.925569574;199.6275485;12.25608468;0.588046445;2922.866853;765;794.6573581;913.3958914;54.66666667;0;1;0;879.0177498;0
4.59;2.5;14; ag45c;6.838494501;137.3238631;23.75626374;0.567169262;2848.163563;765;766.4449484;890.0511135;54.66666667;0;1;0;861.8320206;0
4.59;2.5;16; ag45c;7.496215815;172.9314785;12.52087036;0.567146708;2858.320147;765;766.4144705;893.2250458;54.66666667;0;1;0;862.8798388;0
4.59;3;14; ag45c;7.032514722;79.38880549;32.86505655;0.513193458;2758.384238;765;693.5046733;861.9950742;54.66666667;0;1;0;828.1665825;0
4.59;3;16; ag45c;8.149361876;150.8435525;11.64006073;0.544584386;2777.273438;765;735.9248461;867.8979493;54.66666667;0;1;0;844.2742651;0
4.59;3.5;16; ag45c;8.63820676;135.5058105;10.9393928;0.517431331;2692.305789;765;699.2315288;841.3455591;54.66666667;0;1;0;823.1923626;0
5.1;1.5;10; ag45c;6.682565252;210.401695;10.58959841;0.58098312;2899.944752;850;785.1123242;906.232735;54.66666667;0;1;0;901.7816864;0
5.1;1.5;8; ag45c;6.657622087;208.7551622;11.62869716;0.57580975;2866.260592;850;778.1212837;895.7064351;54.66666667;0;1;0;895.942573;0
5.1;1.5;12; ag45c;7.029854371;197.793159;7.933777127;0.549940223;2896.394811;850;743.1624629;905.1233785;54.66666667;0;1;0;887.4286138;0
5.1;2;8; ag45c;6.943361591;118.4342082;23.69545217;0.542294684;2780.470497;850;732.8306534;868.8970304;54.66666667;0;1;0;871.9092279;0
5.1;1.5;14; ag45c;7.025076075;199.145643;6.06351243;0.578325205;2911.175659;850;781.5205472;909.7423935;54.66666667;0;1;0;901.7543136;0
5.1;1.5;16; ag45c;7.080786254;197.6874648;3.388796821;0.572039623;2906.615382;850;773.0265172;908.3173067;54.66666667;0;1;0;898.4479413;0
5.1;2;10; ag45c;6.912788317;182.9439186;14.50628622;0.563837591;2838.418139;850;761.9426911;887.0056683;54.66666667;0;1;0;887.6494531;0
5.1;2;12; ag45c;7.000064472;192.9991982;12.70856409;0.559523852;2868.200484;850;756.1133141;896.3126512;54.66666667;0;1;0;888.8086551;0
5.1;2.5;8; ag45c;7.305518202;69.62395253;29.96891424;0.515250318;2629.424458;850;696.2842138;821.6951431;54.66666667;0;1;0;843.993119;0
5.1;2.5;10; ag45c;7.205821728;92.86309271;27.1118981;0.52742007;2742.667493;850;712.7298243;857.0835914;54.66666667;0;1;0;861.2711386;0
5.1;2;16; ag45c;7.496921153;177.1061482;10.20576383;0.579433893;2890.885157;850;783.0187749;903.4016114;54.66666667;0;1;0;900.1401288;0
5.1;2.5;12; ag45c;7.227551929;139.0677864;19.42636032;0.549403353;2791.070858;850;742.4369636;872.2096432;54.66666667;0;1;0;876.2155356;0
5.1;2;14; ag45c;7.513435437;175.3466673;10.79250933;0.568617067;2872.86246;850;768.4014419;897.7695187;54.66666667;0;1;0;893.3903202;0
5.1;2.5;14; ag45c;8.045767133;156.7979148;11.05961512;0.556074885;2806.71016;850;751.4525478;877.096925;54.66666667;0;1;0;880.8498243;0
5.1;2.5;16; ag45c;8.085330552;156.8455477;11.03727626;0.555383128;2826.045711;850;750.5177411;883.1392847;54.66666667;0;1;0;882.552342;0
5.1;3;10; ag45c;7.561426925;65.04744198;30.53051018;0.509263951;2596.69016;850;688.1945283;811.4656749;54.66666667;0;1;0;837.8867344;0
5.1;3;12; ag45c;7.527964868;85.35262417;26.51099953;0.523444494;2674.072213;850;707.3574242;835.6475666;54.66666667;0;1;0;852.3349969;0
5.1;3;14; ag45c;7.689129459;132.6916829;17.71312732;0.51709587;2735.818911;850;698.7782022;854.9434097;54.66666667;0;1;0;855.907204;0
5.1;3;16; ag45c;8.776134507;134.8292728;10.36823364;0.535912556;2751.378033;850;724.206157;859.8056353;54.66666667;0;1;0;866.0039308;0
5.1;3.5;12; ag45c;7.904530365;66.12200875;27.95654091;0.494721198;2556.622684;850;668.5421598;798.9445888;54.66666667;0;1;0;827.1622495;0
5.1;3.5;14; ag45c;7.979659658;90.54588742;22.89751878;0.502151864;2609.263823;850;678.5835994;815.3949447;54.66666667;0;1;0;835.992848;0
5.1;3.5;16; ag45c;9.54492676;112.3527639;9.541168824;0.509918176;2667.608419;850;689.0786168;833.6276308;54.66666667;0;1;0;845.5687492;0
5.61;1.5;8; ag45c;7.205526298;186.6333677;9.464385612;0.557805044;2820.812046;935;753.7905999;881.5037643;54.66666667;0;1;0;911.4314547;0
5.61;1.5;10; ag45c;7.249653673;187.1513511;8.277991327;0.56061343;2849.597761;935;757.5857159;890.4993005;54.66666667;0;1;0;915.6950055;0
5.61;1.5;12; ag45c;7.588416476;175.6106217;5.367546296;0.565499516;2845.255375;935;764.1885351;889.1423048;54.66666667;0;1;0;917.4436133;0
5.61;1.5;16; ag45c;7.680558885;178.8613993;-0.055068475;0.562035548;2841.752828;935;759.5074967;888.0477588;54.66666667;0;1;0;915.5184185;0
5.61;1.5;14; ag45c;7.57795397;176.9191556;3.476478972;0.56388677;2848.208018;935;762.0091484;890.0650057;54.66666667;0;1;0;917.0247181;0
5.61;2;8; ag45c;7.497660539;168.9164213;11.20795152;0.534783424;2746.858301;935;722.6803028;858.393219;54.66666667;0;1;0;893.3578406;0
5.61;2;10; ag45c;7.47561358;172.7354254;11.35015276;0.554374461;2802.736083;935;749.1546775;875.855026;54.66666667;0;1;0;908.0032345;0
5.61;2;12; ag45c;7.818679209;167.466746;10.26380944;0.546179948;2823.299535;935;738.0810107;882.2811046;54.66666667;0;1;0;906.4540384;0
5.61;2.5;8; ag45c;7.855553991;101.3848287;19.97183286;0.495510838;2605.063235;935;669.6092406;814.0822609;54.66666667;0;1;0;860.8971672;0
5.61;2;14; ag45c;8.088576489;159.2886192;9.070331563;0.559519965;2838.805104;935;756.1080608;887.126595;54.66666667;0;1;0;914.0782186;0
5.61;2;16; ag45c;8.071114837;160.853645;8.322868881;0.562364298;2855.907252;935;759.9517535;892.4710162;54.66666667;0;1;0;917.1409232;0
5.61;2.5;12; ag45c;7.820219297;162.2106199;11.57842629;0.539643744;2763.128134;935;729.2483025;863.4775419;54.66666667;0;1;0;897.2419481;0
5.61;2.5;10; ag45c;7.777173307;156.4332883;12.30632342;0.524977111;2716.635787;935;709.428529;848.9486835;54.66666667;0;1;0;885.7924042;0
5.61;2.5;14; ag45c;8.678697659;140.0048232;9.827651816;0.545283454;2772.709599;935;736.8695319;866.4717497;54.66666667;0;1;0;900.7804272;0
5.61;3;8; ag45c;8.282903953;72.30032345;22.30722894;0.456051661;2482.176022;935;616.2860289;775.6800068;54.66666667;0;1;0;830.3220119;0
5.61;2.5;16; ag45c;8.670892657;141.3984833;9.70036733;0.542589076;2792.187113;935;733.2284806;872.5584728;54.66666667;0;1;0;901.5956511;0
5.61;3;10; ag45c;8.137041661;97.7377472;19.37554468;0.486622099;2576.107613;935;657.597431;805.0336291;54.66666667;0;1;0;853.87702;0
5.61;3;12; ag45c;8.120632237;143.0774449;12.05094166;0.511746452;2674.058291;935;691.5492601;835.6432159;54.66666667;0;1;0;875.397492;0
5.61;3;14; ag45c;8.469375775;138.6724721;10.85867817;0.523165854;2710.460618;935;706.9808835;847.0189432;54.66666667;0;1;0;884.3332756;0
5.61;3.5;8; ag45c;8.808276142;61.63762692;21.17385927;0.421126517;2354.117481;935;569.0898874;735.661713;54.66666667;0;1;0;801.2505334;0
5.61;3;16; ag45c;9.381591349;119.8872274;9.256786381;0.52726307;2723.663705;935;712.5176617;851.144908;54.66666667;0;1;0;887.5541899;0
5.61;3.5;10; ag45c;8.548585342;76.64288994;20.84690574;0.449796314;2466.735951;935;607.8328571;770.8549848;54.66666667;0;1;0;825.8959473;0
5.61;3.5;12; ag45c;8.502881944;105.9793396;15.48038545;0.469137708;2493.567646;935;633.9698762;779.2398894;54.66666667;0;1;0;837.4032552;0
5.61;3.5;16; ag45c;10.18969939;97.30902483;8.625148837;0.502463812;2644.354263;935;679.0051507;826.3607071;54.66666667;0;1;0;868.1219526;0
5.61;3.5;14; ag45c;8.637695447;133.2016774;10.75997178;0.49424299;2623.556233;935;667.8959324;819.8613229;54.66666667;0;1;0;862.2524184;0
1.02;3.5;8; ag45c;3.819348774;2.386302337;100;0.564569505;2423.559058;170;762.931763;757.3622056;54.66666667;0;1.05;0;649.002889;649.002889
3.06;3.5;8; ag45c;6.025412984;12.24965047;57.6067874;0.518746476;1660.000207;510;701.0087514;518.7500646;54.66666667;0;1.05;0;662.8155856;662.8155856
1.02;3;8; ag45c;3.326897637;2.87062822;100;0.618751028;2567.87326;170;836.1500383;802.4603938;54.66666667;0;1.05;0;690.4136513;690.4136513
1.02;3.5;10; ag45c;3.485052711;2.702901001;100;0.627672353;2537.890435;170;848.2058828;793.0907609;54.66666667;0;1.05;0;691.3538253;691.3538253
1.53;3.5;8; ag45c;4.377910879;5.300673577;89.1750392;0.612028393;2428.287471;255;827.0653957;758.8398347;54.66666667;0;1.05;0;701.7168307;701.7168307
1.02;3.5;12; ag45c;3.29842826;2.908643034;100;0.635232038;2616.14323;170;858.4216728;817.5447595;54.66666667;0;1.05;0;703.4882513;703.4882513
1.02;3;10; ag45c;3.104298503;3.142584571;100;0.632179312;2668.644869;170;854.2963671;833.9515215;54.66666667;0;1.05;0;707.786761;707.786761
1.02;2.5;8; ag45c;2.932468728;3.375278667;100;0.627199578;2722.514296;170;847.5669974;850.7857174;54.66666667;0;1.05;0;711.3234502;711.3234502
1.02;3.5;14; ag45c;3.186215447;5.28757778;100;0.642976563;2675.462874;170;868.8872467;836.082148;54.66666667;0;1.05;0;713.6392881;713.6392881
1.02;3.5;16; ag45c;3.13835097;5.399799709;100;0.649495329;2689.015614;170;877.6963899;840.3173794;54.66666667;0;1.05;0;718.2048192;718.2048192
2.04;3.5;8; ag45c;4.926525616;6.357878756;77.41607955;0.589252004;2425.773278;340;796.2864915;758.0541493;54.66666667;0;1.05;0;720.4192243;720.4192243
1.02;3;12; ag45c;2.962836447;3.336493111;100;0.6428378;2739.64225;170;868.69973;856.138203;54.66666667;0;1.05;0;720.5932766;720.5932766
1.02;2.5;10; ag45c;2.772377518;3.622541447;100;0.638063169;2808.370567;170;862.2475261;877.6158022;54.66666667;0;1.05;0;725.8521649;725.8521649
1.02;3;14; ag45c;2.89805367;5.956996338;100;0.649344826;2787.032832;170;877.4930086;870.94776;54.66666667;0;1.05;0;728.854269;728.854269
1.02;2;8; ag45c;2.598970012;6.784858506;100;0.633260792;2882.356578;170;855.7578275;900.7364305;54.66666667;0;1.05;0;731.6729903;731.6729903
2.55;3.5;8; ag45c;5.480114037;9.352981455;66.53087747;0.553054976;2416.239569;425;747.3715886;755.0748653;54.66666667;0;1.05;0;732.0062589;732.0062589
1.53;3;8; ag45c;3.889722901;4.09055752;100;0.654988822;2571.809953;255;885.1200303;803.6906104;54.66666667;0;1.05;0;737.7337242;737.7337242
1.53;3.5;10; ag45c;4.043614816;5.940121752;100;0.663087779;2542.434184;255;896.0645666;794.5106824;54.66666667;0;1.05;0;738.3513371;738.3513371
1.02;3;16; ag45c;2.851058718;6.085747352;100;0.656411368;2864.13119;170;887.0423885;895.040997;54.66666667;0;1.05;0;740.6291849;740.6291849
1.02;2.5;12; ag45c;2.697002455;6.500157961;100;0.650487603;2891.369049;170;879.0373011;903.5528278;54.66666667;0;1.05;0;740.8065451;740.8065451
1.02;2.5;14; ag45c;2.637717659;6.683178005;100;0.656387827;2936.081473;170;887.0105767;917.5254603;54.66666667;0;1.05;0;748.487613;748.487613
1.02;2;10; ag45c;2.503028317;7.104972519;100;0.648408872;2970.799198;170;876.228206;928.3747494;54.66666667;0;1.05;0;748.5110344;748.5110344
1.53;3.5;12; ag45c;3.873569312;6.314885691;100;0.673917169;2620.024346;255;910.6988766;818.7576082;54.66666667;0;1.05;0;751.9597697;751.9597697
1.53;3;10; ag45c;3.645807977;6.840384224;100;0.667885198;2672.530923;255;902.5475644;835.1659133;54.66666667;0;1.05;0;754.8497172;754.8497172
1.02;2.5;16; ag45c;2.631096868;6.713999901;100;0.663075546;2969.050994;170;896.0480346;927.8284358;54.66666667;0;1.05;0;755.2567646;755.2567646
1.53;2.5;8; ag45c;3.471846623;7.290692778;100;0.660865548;2723.606844;255;893.0615513;851.1271387;54.66666667;0;1.05;0;757.1160415;757.1160415
2.04;3.5;10; ag45c;4.603834816;7.05455815;86.1715023;0.641083885;2539.511311;340;866.3295746;793.5972848;54.66666667;0;1.05;0;757.3744008;757.3744008
3.57;3.5;8; ag45c;6.593922458;14.81079345;50.80738662;0.487757328;2392.711275;595;659.1315243;747.7222735;54.66666667;0;1.05;0;758.0488292;758.0488292
1.02;2;12; ag45c;2.461462367;7.256719018;100;0.662765134;3018.400499;170;895.6285591;943.250156;54.66666667;0;1.05;0;760.5075503;760.5075503
2.04;3;8; ag45c;4.431232374;7.447845473;89.73861459;0.642769606;2568.083376;340;868.6075757;802.5260551;54.66666667;0;1.05;0;761.2967708;761.2967708
1.53;3.5;14; ag45c;3.769645974;6.564310746;100;0.682345833;2680.036132;255;922.0889636;837.5112914;54.66666667;0;1.05;0;762.5100892;762.5100892
1.02;1.5;10; ag45c;2.292226305;11.98272119;100;0.647241113;3108.99135;170;874.6501532;971.5597969;54.66666667;0;1.05;0;763.0734826;763.0734826
1.02;2;16; ag45c;2.4287401;11.23667479;100;0.664940274;3075.623404;170;898.5679377;961.1323138;54.66666667;0;1.05;0;767.795088;767.795088
1.53;3;12; ag45c;3.529924868;7.15302427;100;0.680684849;2744.198544;255;919.8443911;857.5620449;54.66666667;0;1.05;0;768.7422526;768.7422526
1.02;2;14; ag45c;2.434833332;11.18802878;100;0.673935505;3051.605808;170;910.7236548;953.626815;54.66666667;0;1.05;0;769.4226644;769.4226644
1.02;1.5;12; ag45c;2.270041739;12.13271824;100;0.653398451;3140.669918;170;882.9708803;981.4593493;54.66666667;0;1.05;0;769.4505804;769.4505804
1.02;1.5;8; ag45c;2.335493666;7.710212214;100;0.674153311;3058.605588;170;911.0179882;955.8142462;54.66666667;0;1.05;0;770.2912821;770.2912821
2.55;3.5;10; ag45c;5.17234429;10.29070439;73.38630481;0.608363328;2531.309045;425;822.112605;791.0340765;54.66666667;0;1.05;0;770.7513385;770.7513385
1.02;1.5;14; ag45c;2.263131864;17.06449419;100;0.654847735;3161.348697;170;884.929371;987.9214679;54.66666667;0;1.05;0;772.3977936;772.3977936
1.53;2;14; ag45c;2.998605963;16.57644134;100;0.616782344;3055.333886;255;833.4896546;954.7918393;54.66666667;0;1.05;0;772.5485228;772.5485228
1.53;2.5;10; ag45c;3.32951857;7.712345007;100;0.674282161;2812.769293;255;911.19211;878.9904041;54.66666667;0;1.05;0;773.2138799;773.2138799
1.53;3.5;16; ag45c;3.726755181;6.680145021;100;0.690354809;2757.299916;255;932.9119034;861.6562238;54.66666667;0;1.05;0;774.7488445;774.7488445
4.08;3.5;8; ag45c;7.13756351;21.79700661;42.83738622;0.464470238;2382.977016;680;627.6624834;744.6803175;54.66666667;0;1.05;0;775.7199803;775.7199803
1.53;2;8; ag45c;3.136216328;8.318502326;100;0.667529122;2886.22028;255;902.0663817;901.9438375;54.66666667;0;1.05;0;778.0535767;778.0535767
5.1;3.5;8; ag45c;8.254687721;41.57851914;28.9797731;0.433598154;2352.002514;850;585.9434514;735.0007855;54.66666667;0;1;0;778.3147456;778.3147456
3.06;2.5;16; ag45c;5.077555815;48.14065601;66.21550348;0.54865635;2944.194809;510;741.4274996;920.0608778;54.66666667;0;1;0;778.4961258;778.4961258
3.06;3;8; ag45c;5.528461848;14.18211645;65.14990771;0.562562368;2546.136252;510;760.2194161;795.6675789;54.66666667;0;1.05;0;780.4604483;780.4604483
1.53;1.5;8; ag45c;2.87700314;13.05866959;100;0.632430902;3062.648023;255;854.636354;957.0775071;54.66666667;0;1.05;0;780.7498514;780.7498514
3.06;3.5;10; ag45c;5.730906395;13.40100982;63.12022145;0.570178726;2520.237478;510;770.5117913;787.574212;54.66666667;0;1.05;0;781.2301011;781.2301011
1.53;2;16; ag45c;3.006723258;21.15507583;100;0.630112784;3078.382787;255;851.503762;961.994621;54.66666667;0;1.05;0;781.374434;781.374434
1.53;3;14; ag45c;3.475089459;7.316253913;100;0.689898168;2824.96558;255;932.2948211;882.8017437;54.66666667;0;1.05;0;781.9337977;781.9337977
2.04;3.5;12; ag45c;4.442078786;7.452088803;91.40918718;0.675095361;2619.979346;340;912.291028;818.7435456;54.66666667;0;1.05;0;782.2621008;782.2621008
1.02;1.5;16; ag45c;2.27123678;22.53067086;100;0.674284015;3175.416871;170;911.1946153;992.3177721;54.66666667;0;1.05;0;783.1293356;783.1293356
2.04;2;12; ag45c;3.57100763;21.46303982;100;0.590230031;3013.171603;340;797.6081495;941.6161259;54.66666667;0;1.05;0;785.1284964;785.1284964
1.53;2.5;12; ag45c;3.257696139;7.945714227;100;0.684333159;2895.09842;255;924.7745394;904.7182562;54.66666667;0;1.05;0;786.9724785;786.9724785
1.53;3;16; ag45c;3.439462928;10.47325879;100;0.694679312;2864.587917;255;938.7558264;895.1837239;54.66666667;0;1.05;0;788.5288426;788.5288426
3.57;3;16; ag45c;5.965027139;49.90167497;51.53532489;0.538724397;2823.740224;595;728.0059422;882.4188201;54.66666667;0;1;0;789.8082541;789.8082541
2.04;1.5;14; ag45c;3.389492917;50.85310177;100;0.652396359;3155.782012;340;881.6167009;986.1818787;54.66666667;0;1;0;790.5995265;790.5995265
3.57;3.5;10; ag45c;6.2894685;18.78769213;54.58413761;0.53588862;2507.245202;595;724.1738107;783.5141257;54.66666667;0;1.05;0;793.3407777;793.3407777
1.53;2;10; ag45c;3.054485159;12.12738607;100;0.681870091;2973.650373;255;921.4460686;929.2657416;54.66666667;0;1.05;0;794.3991336;794.3991336
2.55;3.5;12; ag45c;5.015561944;10.83099724;77.45050004;0.640391915;2610.223471;425;865.3944791;815.6948347;54.66666667;0;1.05;0;794.5312598;794.5312598
1.53;1.5;10; ag45c;2.833735779;17.72244299;100;0.649199126;3120.477681;255;877.2961161;975.1492754;54.66666667;0;1.05;0;795.005887;795.005887
4.59;3.5;8; ag45c;7.696125616;28.27550088;36.84143877;0.446709382;2367.003336;765;603.6613275;739.6885426;54.66666667;0;1.05;0;795.3224545;795.3224545
2.04;3;10; ag45c;4.212896398;8.024798862;97.34252781;0.690899246;2671.66713;340;933.6476295;834.8959782;54.66666667;0;1.05;0;795.3902627;795.3902627
3.57;3;8; ag45c;6.082760795;17.16560883;56.01224829;0.534986794;2531.352084;595;722.9551268;791.0475262;54.66666667;0;1.05;0;795.5509286;795.5509286
1.53;1.5;12; ag45c;2.815814371;22.83711513;100;0.644489979;3149.146488;255;870.9324044;984.1082775;54.66666667;0;1.05;0;795.9142387;795.9142387
2.55;2;14; ag45c;4.138467016;40.14389232;89.98078384;0.628687831;3037.976885;425;849.5781494;949.3677767;54.66666667;0;1;0;795.9819754;795.9819754
2.04;3.5;14; ag45c;4.358050184;10.26717567;93.06010054;0.691101665;2682.208465;340;933.9211694;838.1901452;54.66666667;0;1.05;0;796.6389601;796.6389601
1.53;2.5;14; ag45c;3.210253449;11.42217694;100;0.694653783;2939.804051;255;938.7213287;918.6887659;54.66666667;0;1.05;0;796.7435331;796.7435331
2.04;2.5;8; ag45c;4.018329781;8.562639165;100;0.685504091;2721.510351;340;926.3568791;850.4719847;54.66666667;0;1.05;0;798.2901024;798.2901024
2.04;2;14; ag45c;3.567115437;26.11420112;100;0.610676058;3053.375366;340;825.2379161;954.1798019;54.66666667;0;1.05;0;799.1962013;799.1962013
2.55;2;10; ag45c;4.154556738;25.6914286;93.55482723;0.576774807;2949.399586;425;779.425415;921.6873708;54.66666667;0;1.05;0;801.539475;801.539475
1.53;2.5;16; ag45c;3.20955371;11.45133873;100;0.699024666;2972.549527;255;944.6279275;928.9217271;54.66666667;0;1.05;0;802.3923791;802.3923791
3.06;3.5;12; ag45c;5.584071418;16.75369193;65.15225509;0.596922379;2601.521054;510;806.6518629;812.9753294;54.66666667;0;1.05;0;802.7695173;802.7695173
1.53;2;12; ag45c;3.007234998;12.38524608;100;0.690733421;3021.70612;255;933.4235423;944.2831624;54.66666667;0;1.05;0;803.8473466;803.8473466
4.08;3.5;14; ag45c;6.748140711;40.41905861;44.58406961;0.550881467;2647.193773;680;744.4344151;827.2480542;54.66666667;0;1;0;805.2274898;805.2274898
2.55;3;10; ag45c;4.768616398;11.66575576;82.06820191;0.651642838;2660.833202;425;880.5984303;831.5103755;54.66666667;0;1.05;0;805.388082;805.388082
3.06;2;12; ag45c;4.693816051;43.44976347;74.14093919;0.598256432;2993.060689;510;808.4546375;935.3314654;54.66666667;0;1;0;805.928701;805.928701
2.55;2.5;8; ag45c;4.557707676;12.45165962;85.95159459;0.646417892;2709.155564;425;873.5376916;846.6111138;54.66666667;0;1.05;0;808.2020819;808.2020819
1.53;1.5;14; ag45c;2.824536075;28.22043428;100;0.667107962;3166.81562;255;901.4972454;989.6298811;54.66666667;0;1.05;0;808.5444943;808.5444943
2.04;2;16; ag45c;3.603653785;30.73627178;100;0.626893114;3073.519997;340;847.1528562;960.4749992;54.66666667;0;1.05;0;809.0697494;809.0697494
2.55;1.5;10; ag45c;3.927412621;48.45515435;89.70196141;0.646210946;3090.086871;425;873.2580348;965.6521473;54.66666667;0;1;0;809.303394;809.303394
4.08;2;8; ag45c;5.854658433;55.75898891;47.99632973;0.515652109;2839.438222;680;696.8271745;887.3244443;54.66666667;0;1;0;809.3838729;809.3838729
5.1;3.5;10; ag45c;7.990023237;51.23695138;29.8248926;0.472706334;2483.399173;850;638.7923428;776.0622415;54.66666667;0;1;0;809.6181948;809.6181948
4.59;3.5;12; ag45c;7.316126155;44.11594966;37.33972025;0.514219032;2576.432941;765;694.8905838;805.135294;54.66666667;0;1;0;809.6752926;809.6752926
4.08;3.5;16; ag45c;6.924092023;56.65427347;39.32575782;0.552828209;2687.982012;680;747.0651468;839.9943788;54.66666667;0;1;0;810.3531752;810.3531752
1.53;1.5;16; ag45c;2.862483096;33.65855918;100;0.668604837;3178.652576;255;903.5200501;993.32893;54.66666667;0;1.05;0;810.547143;810.547143
4.08;3.5;10; ag45c;6.857977974;26.47653502;45.61419209;0.512394084;2494.246771;680;692.4244376;779.4521158;54.66666667;0;1.05;0;810.5567937;810.5567937
2.55;3.5;14; ag45c;4.941480711;13.84944722;78.45633695;0.65518168;2695.995929;425;885.3806487;842.4987278;54.66666667;0;1.05;0;810.9077818;810.9077818
2.04;3.5;16; ag45c;4.32510676;10.40978001;94.652219;0.705197013;2754.674532;340;952.9689368;860.8357914;54.66666667;0;1.05;0;811.2316548;811.2316548
3.06;1.5;8; ag45c;4.493005245;51.22999444;73.11129645;0.604488426;3020.870673;510;816.8762513;944.0220855;54.66666667;0;1;0;811.6327789;811.6327789
4.08;3;8; ag45c;6.632796585;25.20294769;47.7069564;0.510638826;2517.99912;680;690.0524674;786.8747249;54.66666667;0;1.05;0;812.3245173;812.3245173
3.06;3;10; ag45c;5.331441661;15.10388528;69.74140595;0.605760698;2656.780118;510;818.5955373;830.2437868;54.66666667;0;1.05;0;812.9937634;812.9937634
5.1;3;8; ag45c;7.74139448;48.38038324;31.66142795;0.477033424;2500.732992;850;644.6397624;781.4790599;54.66666667;0;1;0;813.3729408;813.3729408
3.06;2;14; ag45c;4.732555437;58.38854194;69.57047711;0.608970822;3019.951016;510;822.9335429;943.7346925;54.66666667;0;1;0;813.5560785;813.5560785
2.04;3;12; ag45c;4.106960658;11.13969588;100;0.713304434;2760.957769;340;963.924911;862.7993029;54.66666667;0;1.05;0;815.7534748;815.7534748
3.57;2.5;14; ag45c;5.541843975;51.28449151;56.81139878;0.581341462;2897.667721;595;785.5965702;905.5211627;54.66666667;0;1;0;816.705911;816.705911
2.04;2.5;10; ag45c;3.872449097;12.05544787;100;0.700890768;2829.81388;340;947.1496866;884.3168376;54.66666667;0;1.05;0;817.4132835;817.4132835
2.04;1.5;10; ag45c;3.37950841;27.90454029;100;0.636021351;3111.938428;340;859.4883119;972.4807588;54.66666667;0;1.05;0;817.5891747;817.5891747
3.57;3.5;12; ag45c;6.157554576;22.45408778;56.01996042;0.563577574;2609.518244;595;761.5913159;815.4744512;54.66666667;0;1.05;0;817.6230185;817.6230185
3.06;2.5;8; ag45c;5.11840136;19.1565649;71.20330882;0.60527922;2710.1495;510;817.9448918;846.9217186;54.66666667;0;1.05;0;818.6033136;818.6033136
3.06;3.5;14; ag45c;5.544805974;19.99021933;65.34145795;0.612162849;2681.410148;510;827.2470937;837.9406712;54.66666667;0;1.05;0;818.7157177;818.7157177
2.04;2;8; ag45c;3.68198896;12.89344338;100;0.6898389;2896.924797;340;932.2147297;905.2889991;54.66666667;0;1.05;0;819.5263051;819.5263051
2.55;3.5;16; ag45c;4.943353076;16.89920882;77.81201959;0.663047161;2744.010111;425;896.0096773;857.5031598;54.66666667;0;1.05;0;819.879493;819.879493
3.57;2.5;12; ag45c;5.505207718;38.63133099;60.45354591;0.516587335;2836.444238;595;698.0909937;886.3888244;54.66666667;0;1.05;0;820.2179363;820.2179363
4.59;3.5;14; ag45c;7.34649229;57.76105573;34.49634021;0.526319023;2628.70636;765;711.2419224;821.4707376;54.66666667;0;1;0;820.5708867;820.5708867
4.08;3;12; ag45c;6.383840658;40.81603338;48.39185372;0.572661346;2701.606421;680;773.8666832;844.2520066;54.66666667;0;1;0;820.7062299;820.7062299
2.04;1.5;12; ag45c;3.370823844;38.90906909;100;0.638007521;3139.081647;340;862.1723258;980.9630146;54.66666667;0;1.05;0;821.4973691;821.4973691
3.57;2;10; ag45c;5.25273358;50.55904234;59.98964571;0.585423886;2928.358452;595;791.1133597;915.1120162;54.66666667;0;1;0;821.741792;821.741792
2.55;3;12; ag45c;4.661259605;15.06979509;84.1356042;0.670704627;2754.478389;425;906.3576039;860.7744967;54.66666667;0;1.05;0;824.6462352;824.6462352
3.06;3.5;16; ag45c;5.558283602;23.17745678;64.60498456;0.616279392;2727.336565;510;832.8099891;852.2926767;54.66666667;0;1.05;0;825.685933;825.685933
2.04;3;14; ag45c;4.054967354;11.36878243;100;0.722082543;2820.846486;340;975.7872209;881.5145269;54.66666667;0;1.05;0;826.4556117;826.4556117
3.57;3;10; ag45c;5.885740609;24.18700474;57.66883199;0.573352856;2654.756929;595;774.8011564;829.6115404;54.66666667;0;1.05;0;827.1944439;827.1944439
2.55;2;12; ag45c;4.122464472;30.49887407;93.5759121;0.617541646;3014.258302;425;834.5157375;941.9557195;54.66666667;0;1.05;0;827.9150099;827.9150099
3.57;3.5;14; ag45c;6.129894395;28.99742216;53.97124835;0.573796369;2665.058654;595;775.4004981;832.8308295;54.66666667;0;1.05;0;828.5309647;828.5309647
4.59;2.5;8; ag45c;6.755482413;47.50221109;40.54808421;0.538161171;2654.582052;765;727.2448255;829.5568913;54.66666667;0;1;0;828.6005723;828.6005723
4.08;3;14; ag45c;6.414268406;52.16543951;45.75957912;0.581443881;2748.899861;680;785.7349747;859.0312065;54.66666667;0;1;0;829.5887271;829.5887271
2.04;2.5;12; ag45c;3.808916139;12.3601925;100;0.71254442;2891.638492;340;962.8978653;903.6370286;54.66666667;0;1.05;0;829.6872129;829.6872129
4.08;2.5;12; ag45c;6.065901403;57.21916407;47.1775669;0.560978173;2840.785138;680;758.0786122;887.7453557;54.66666667;0;1;0;829.9413227;829.9413227
3.06;3;12; ag45c;5.2411375;21.78804824;69.78727645;0.623515019;2738.952954;510;842.5878631;855.9227981;54.66666667;0;1.05;0;830.3787314;830.3787314
4.59;3.5;10; ag45c;7.416540079;36.48675933;37.56752652;0.490898079;2500.096579;765;663.3757822;781.280181;54.66666667;0;1.05;0;830.7795871;830.7795871
2.55;1.5;8; ag45c;3.957890509;32.1418087;94.68429135;0.619662206;3049.917029;425;837.3813591;953.0990715;54.66666667;0;1.05;0;832.8181507;832.8181507
4.59;3;8; ag45c;7.174306058;35.81190962;39.17191173;0.491635338;2518.771756;765;664.3720778;787.1161737;54.66666667;0;1.05;0;833.170888;833.170888
4.08;3.5;12; ag45c;6.745958786;30.49993483;46.61515933;0.537814952;2593.351471;680;726.776962;810.4223347;54.66666667;0;1.05;0;833.4197538;833.4197538
4.08;2.5;10; ag45c;6.098644886;44.10038833;49.44328538;0.588007146;2757.368739;680;794.6042508;861.6777308;54.66666667;0;1;0;833.4273272;833.4273272
2.04;3;16; ag45c;4.040656612;14.69417869;100;0.72914514;2858.124123;340;985.3312701;893.1637883;54.66666667;0;1.05;0;833.8732704;833.8732704
4.59;3;12; ag45c;6.959455395;59.95527388;37.36317414;0.54626911;2681.475155;765;738.2014998;837.960986;54.66666667;0;1;0;835.0541619;835.0541619
3.57;2.5;8; ag45c;5.658963465;25.77004957;59.78485668;0.581981061;2691.877206;595;786.4608926;841.2116268;54.66666667;0;1.05;0;835.3353818;835.3353818
2.04;2;10; ag45c;3.60025779;17.05592814;100;0.707828599;2966.904709;340;956.5251333;927.1577216;54.66666667;0;1.05;0;835.6889992;835.6889992
2.55;2.5;10; ag45c;4.43077436;16.19808042;89.08164473;0.680969203;2813.855307;425;920.2286522;879.3297835;54.66666667;0;1.05;0;835.9954525;835.9954525
2.04;1.5;8; ag45c;3.412117877;22.69770841;100;0.689651318;3050.802227;340;931.9612404;953.3756961;54.66666667;0;1.05;0;836.2679278;836.2679278
2.55;3;14; ag45c;4.622055775;18.60063117;84.37782605;0.683748298;2804.43515;425;923.9841864;876.3859843;54.66666667;0;1.05;0;836.2795597;836.2795597
3.57;3.5;16; ag45c;6.231240444;35.13849959;52.54590459;0.581751303;2707.75962;595;786.1504101;846.1748813;54.66666667;0;1.05;0;836.963852;836.963852
2.04;2.5;14; ag45c;3.788710291;16.00129493;100;0.725298007;2932.726054;340;980.1324416;916.476892;54.66666667;0;1.05;0;840.2132668;840.2132668
2.55;3;16; ag45c;4.658902928;22.01052248;82.74874978;0.686651664;2843.695149;425;927.9076535;888.6547341;54.66666667;0;1.05;0;841.9468357;841.9468357
3.06;3;14; ag45c;5.210459985;25.5571501;69.65063134;0.635910231;2791.14875;510;859.3381494;872.2339842;54.66666667;0;1.05;0;841.9502468;841.9502468
3.06;2.5;10; ag45c;4.987915412;23.4689631;73.55893873;0.635099287;2799.739033;510;858.2422801;874.9184478;54.66666667;0;1.05;0;842.5062548;842.5062548
2.55;2;8; ag45c;4.224919486;17.31756534;93.38390256;0.681947404;2879.147272;425;921.5505459;899.7335224;54.66666667;0;1.05;0;843.5994239;843.5994239
3.57;3;12; ag45c;5.803962763;28.21473942;58.54734799;0.594091293;2720.769705;595;802.8260718;850.2405327;54.66666667;0;1.05;0;844.2233116;844.2233116
4.08;3;10; ag45c;6.440039556;33.07232002;48.93688092;0.55247411;2637.197119;680;746.5866355;824.1240997;54.66666667;0;1.05;0;845.1487573;845.1487573
2.04;2.5;16; ag45c;3.802221078;19.85167175;100;0.733316477;2964.466712;340;990.9682127;926.3958474;54.66666667;0;1.05;0;847.477421;847.477421
3.06;3;16; ag45c;5.274307139;32.68950248;66.95518455;0.640178514;2824.64851;510;865.1061006;882.7026593;54.66666667;0;1.05;0;847.633066;847.633066
2.55;2.5;12; ag45c;4.376715087;20.08716629;89.84127395;0.700659202;2874.169183;425;946.8367597;898.1778696;54.66666667;0;1.05;0;851.9051203;851.9051203
3.06;2.5;14; ag45c;4.938518712;35.97793476;72.22144144;0.633241845;2905.469907;510;855.7322235;907.959346;54.66666667;0;1.05;0;853.1920493;853.1920493
4.08;2.5;8; ag45c;6.205446623;35.25161337;50.26752719;0.56087258;2676.27475;680;757.9359191;836.3358593;54.66666667;0;1.05;0;853.3951224;853.3951224
3.06;2;8; ag45c;4.762165802;25.13333058;76.79748961;0.645028043;2861.581292;510;871.6595174;894.2441536;54.66666667;0;1.05;0;853.9662849;853.9662849
3.57;3;14; ag45c;5.803127354;35.55451622;57.15833776;0.607393288;2770.709259;595;820.8017401;865.8466435;54.66666667;0;1.05;0;855.9769343;855.9769343
3.06;2.5;12; ag45c;4.937408771;27.68684671;74.24160759;0.654314871;2854.594647;510;884.2092847;892.0608273;54.66666667;0;1.05;0;857.5945392;857.5945392
2.55;2.5;14; ag45c;4.36006187;24.1276254;89.54257976;0.703776489;2916.787307;425;951.0493088;911.4960335;54.66666667;0;1.05;0;858.0408698;858.0408698
3.57;2.5;10; ag45c;5.537951202;30.40640546;61.54974761;0.614179451;2778.756952;595;829.9722311;868.3615475;54.66666667;0;1.05;0;860.0668225;860.0668225
2.55;2.5;16; ag45c;4.409098973;27.96016181;87.44263653;0.70595416;2958.628582;425;953.9921079;924.571432;54.66666667;0;1.05;0;863.647239;863.647239
3.06;2;10; ag45c;4.701276738;33.99782831;76.33131942;0.662864309;2938.683571;510;895.7625791;918.3386159;54.66666667;0;1.05;0;870.8354182;870.8354182
3.57;2;8; ag45c;5.316464749;36.40761973;61.95317501;0.624205807;2837.013323;595;843.5213614;886.5666635;54.66666667;0;1.05;0;871.1808087;871.1808087
;;;;;;;;;;;;;;;;;
;;;;;;;;;;;;;;;;;