binder_count,binder_mass,span,aspect_ratio,mean_aerodynamic_chord,wing_area,horizontal_stabilizer_area,wing_loading,battery_capacity,propeller,main_wing_airfoil,horizontal_stabilizer_airfoil,fowler_affected_span,fowler_affected_span_ratio,fowler_affected_area,fowler_affected_area_ratio,fuselage_wetted_area,fuselage_length,fuselage_diameter,mass_total,mass_empty,mass_payload,mass_battery,mass_fuselage,mass_wing,mass_horizontal_stabilizer,mass_landing_gear,mass_misc,x_center_of_gravity,c_m_alpha,c_l_alpha,c_n_beta,x_neutral_point,static_margin,transport_box_height,transport_box_width,transport_box_length,take_off_length,take_off_time_from_counter_start,take_off_time_total,cl_max_at_take_off,assumed_wind_speed,take_off_ground_speed,take_off_air_speed,takeoff_battery_voltage,takeoff_battery_soc,climb_air_speed,climb_rate,climb_flap_angle,climb_cl,climb_reynolds,climb_battery_voltage,climb_battery_soc,efficiency_motor_on_air_speed,efficiency_motor_on_cl,efficiency_motor_on_reynolds,efficiency_motor_on_flap_angle,efficiency_motor_on_time,efficiency_motor_off_air_speed,efficiency_motor_off_cl,efficiency_motor_off_reynolds,efficiency_motor_off_flap_angle,efficiency_motor_off_time,efficiency_battery_voltage,efficiency_battery_soc,cruise_air_speed,cruise_flap_angle,cruise_cl,cruise_drag_force,cruise_reynolds,cruise_battery_voltage,cruise_battery_soc,score_factor_take_off,score_payload,max_payload,score_efficiency,max_efficiency,score_distance,max_distance,t_loading,t_unloading,b_loading,penalty_current,penalty_round,score_round
2,0.030359956317714726,2.5495097567963927,10.000000000000002,0.26841109011965175,0.65,0.12641450265823062,8.981395825890631,2.4,aeronaut14x8,Aka_v6,ht14,0.0,0.0,0.0,0.0,0.4749248501469185,1.6,0.09,5.83790728682891,1.7579072868289103,4.08,0.21344,0.29255370769050176,0.5730165792756912,0.05387599986271738,0.170021,0.455,0.09778111370259845,-1.476328739870264,5.448503698005671,0.07299393738440113,0.1705084808879954,0.2709603997168339,0.3120383154952395,0.1365208077264077,0.9514408767783527,33.14192802682863,5.600000000000002,6.400000000000003,1.516415798041077,2.2,9.343463529464419,11.543463529464418,11.897935417099198,0.9604166666666667,17.383627601888584,2.6483638611869824,4,0.5036774444835355,284033.38516858814,11.760464582511291,0.915625,31.57313839041101,0.15446181285895083,515877.6742577291,0,53.09056800802609,26.896560587518508,0.21284484598525422,439466.45245868835,0,36.90943199197391,11.406996944083021,0.786301097208288,33.88504160601442,-2,0.13410364662571078,6.263719845738669,553652.1659546543,10.976880024191006,0.5378799721943539,1.05,680.0,6.0,923.3098946391045,0.74,953.0167951691556,3200.0,14.399999999999999,9.6,52.0,0.0,0.0,949.3143414328911
2,0.029111216184771867,2.5495097567963927,10.000000000000002,0.26841109011965175,0.65,0.12641450265823062,8.70559762161821,2.4,aeronaut14x8,Aka_v6,ht14,0.0,0.0,0.0,0.0,0.4749248501469185,1.6,0.09,5.658638454051837,1.7486384540518367,3.91,0.21344,0.29255370769050176,0.5637477464986174,0.05387599986271738,0.170021,0.455,0.10075646513138216,-1.418486957010174,5.448503698005671,0.07274902454877809,0.1706390172924839,0.2603443138947279,0.3120383154952395,0.1365208077264077,0.9514408767783527,30.83388196552006,5.200000000000002,6.000000000000003,1.516211228439945,2.2,9.305977827190011,11.505977827190012,11.90269791671858,0.9618055555555556,16.67521542551437,2.7504114088273846,4,0.5295176900470965,272458.5451433477,11.762377082358164,0.9163194444444445,31.07177889584751,0.15458920059062392,507685.89532133425,0,49.74969382455413,26.731723361932364,0.20886105666281676,436773.1552794538,0,40.25030617544587,11.424785527303342,0.792101225999038,33.938557264100154,-2,0.12957601940168928,6.2608657562900705,554526.5653535442,10.992957078219451,0.5494802297758538,1.05,651.6666666666667,6.0,927.8352623988937,0.74,954.5219230528169,3200.0,13.799999999999999,9.2,52.333333333333336,0.0,0.0,941.8583482414322
2,0.02898387943205994,2.5495097567963927,10.000000000000002,0.26841109011965175,0.65,0.12641450265823062,8.62731510264134,2.4,aeronaut14x8,LAK24_v1,ht14,0.0,0.0,0.0,0.0,0.4749248501469185,1.6,0.09,5.607754816716872,1.6977548167168717,3.91,0.21344,0.29255370769050176,0.5128641091636519,0.05387599986271738,0.170021,0.455,0.10088902840361633,-1.459034857992838,5.44012443889071,0.07352032538947308,0.1728772404818946,0.26819880213812686,0.3120383154952395,0.16135856995018324,0.9266031145545772,31.277739840786836,5.200000000000002,6.000000000000003,1.4748205734066124,2.2,9.434373744129065,11.634373744129064,11.90269791671858,0.9618055555555556,18.150809648314247,2.770187080465682,2,0.44376941012509463,296568.47385532304,11.762377082358164,0.9163194444444445,30.460863222124004,0.1594057725800298,497704.0635176327,0,43.433129704458636,25.739292583027648,0.22325194146628632,420557.69783102226,0,46.566870295541364,11.45870592422422,0.8030674831519815,34.26023106116809,0,0.12601083293017926,6.103314943845631,559782.4359689107,11.027431156783441,0.5714127440817408,1.05,651.6666666666667,6.0,933.4123841920306,0.74,963.5689985953526,3200.0,13.799999999999999,9.2,52.333333333333336,0.0,0.0,946.9768173089176
2,0.03009429018309809,2.5495097567963927,10.000000000000002,0.26841109011965175,0.65,0.12641450265823062,8.899038754663435,2.4,aeronaut14x8,LAK24_v1,ht14,0.0,0.0,0.0,0.0,0.4749248501469185,1.6,0.09,5.784375190531232,1.7043751905312323,4.08,0.21344,0.29255370769050176,0.5194844829780126,0.05387599986271738,0.170021,0.455,0.09789143480191184,-1.516632253226211,5.44012443889071,0.07376544572580955,0.1727190351923373,0.2787863164276194,0.3120383154952395,0.16135856995018324,0.9266031145545772,33.63637157379606,5.600000000000002,6.400000000000003,1.4748247030351351,2.2,9.47649785589517,11.676497855895171,11.897935417099198,0.9604166666666667,16.93248902540328,2.665104592353997,4,0.5255966709429087,276662.1724393568,11.760464582511291,0.915625,31.048688485206274,0.15825934907551967,507308.6180550719,0,49.83809817039672,26.43766109304223,0.21827793332064335,431968.4330663441,0,40.16190182960328,11.424302066075363,0.7919477462319502,34.24106939235746,0,0.1301251537458156,6.082975674127249,559469.3509338187,10.992567546601661,0.5491732702416781,1.05,680.0,6.0,920.4884310994378,0.74,963.0300766600536,3200.0,14.399999999999999,9.6,52.0,0.0,0.0,951.8314777158221
2,0.03427616292358267,2.5495097567963927,10.000000000000002,0.26841109011965175,0.65,0.12641450265823062,9.810412415704995,2.4,aeronaut14x8,Aka_v6,ht14,0.0,0.0,0.0,0.0,0.4749248501469185,1.6,0.09,6.3767680702082465,1.7867680702082467,4.59,0.21344,0.29255370769050176,0.6018773626550267,0.05387599986271738,0.170021,0.455,0.08985543833612346,-1.630025425121727,5.448503698005671,0.07364480070881746,0.1701600509143579,0.299169371164852,0.3120383154952395,0.1365208077264077,0.9514408767783527,47.30838450634852,7.400000000000004,8.400000000000002,1.5195726800568368,2.2,9.92193627763061,12.12193627763061,11.874606248888375,0.9534722222222222,16.499601320293024,2.3509784474915443,6,0.6115861624130282,269589.16310573707,11.751858333200365,0.9125,32.985974017448086,0.1545757765293846,538962.1819924973,0,65.92858998122496,26.65979608183151,0.2366390513212067,435597.925959033,0,24.07141001877504,11.350434453859483,0.764012864615929,33.85046208871239,-2,0.1467813436258141,6.316140173831435,553087.166658666,10.92753785491861,0.49330350700963566,1.0,765.0,6.0,896.9492502180235,0.74,952.044246245036,3200.0,16.2,10.799999999999999,51.0,0.0,0.0,922.3311654876865
2,0.03122081208138681,2.5495097567963927,10.000000000000002,0.26841109011965175,0.65,0.12641450265823062,9.170853906950233,2.4,aeronaut14x8,LAK24_v1,ht14,0.0,0.0,0.0,0.0,0.4749248501469185,1.6,0.09,5.961055039517651,1.7110550395176514,4.25,0.21344,0.29255370769050176,0.5261643319644316,0.05387599986271738,0.170021,0.455,0.09507112701563392,-1.570759189937152,5.44012443889071,0.07399583118891051,0.1725696011409255,0.28873589337552796,0.3120383154952395,0.16135856995018324,0.9266031145545772,37.84264186039421,6.200000000000003,7.0000000000000036,1.4748441955812759,2.2,9.675330798791533,11.875330798791534,11.891000000253598,0.9583333333333333,17.091771981124733,2.5691322451979386,4,0.5321792990134269,279264.7176703825,11.757595832740982,0.9145833333333333,31.682627327583685,0.15663189218591078,517666.62844933226,0,54.548189284853514,26.63101159443713,0.22169058269541728,435127.6124213638,0,35.451810715146486,11.399504411894762,0.783770504713796,34.28916067889678,0,0.13372384726781908,6.094104529619088,560255.1208102622,10.970313707867595,0.5328187872053697,1.05,708.3333333333334,6.0,912.8250640734601,0.74,964.3826440939719,3200.0,14.999999999999998,10.0,51.66666666666667,0.0,0.0,959.1893645252678
2,0.03163649120710811,2.5495097567963927,10.000000000000002,0.26841109011965175,0.65,0.12641450265823062,9.257454284023504,2.4,aeronaut14x8,Aka_v6,ht14,0.0,0.0,0.0,0.0,0.4749248501469185,1.6,0.09,6.017345284615278,1.7673452846152777,4.25,0.21344,0.29255370769050176,0.5824545770620582,0.05387599986271738,0.170021,0.455,0.09498230034878571,-1.530686411407293,5.448503698005671,0.07322407143918569,0.1703863064757057,0.28093702349281213,0.3120383154952395,0.1365208077264077,0.9514408767783527,37.267417243387925,6.200000000000003,7.0000000000000036,1.5174685710770592,2.2,9.536375557306947,11.736375557306946,11.891000000253598,0.9583333333333333,17.538318673185845,2.551591654777279,4,0.51056028914683,286560.9029941048,11.757595832740982,0.9145833333333333,31.871256275906163,0.15624495677088995,520748.66172568954,0,56.15507916947368,27.006944987337185,0.2175972756455458,441270.03773262136,0,33.84492083052632,11.39095786666598,0.7809807653307749,33.83335836505508,-2,0.13864817438794275,6.268297708831998,552807.7066609814,10.963605451903007,0.5272393084393274,1.05,708.3333333333334,6.0,915.6435305807929,0.74,951.5632040171743,3200.0,14.999999999999998,10.0,51.66666666666667,0.0,0.0,955.6890237759552
2,0.03294160902631107,2.5495097567963927,10.000000000000002,0.26841109011965175,0.65,0.12641450265823062,9.533787687642562,2.4,aeronaut14x8,Aka_v6,ht14,0.0,0.0,0.0,0.0,0.4749248501469185,1.6,0.09,6.196961996967666,1.7769619969676658,4.42,0.21344,0.29255370769050176,0.5920712894144462,0.05387599986271738,0.170021,0.455,0.0923448899215452,-1.581918639824448,5.448503698005671,0.07344102588065779,0.1702701631511599,0.290340013975485,0.3120383154952395,0.1365208077264077,0.9514408767783527,41.341174025476015,6.800000000000003,7.600000000000004,1.5182439139406338,2.2,9.678450780525292,11.878450780525291,11.884024998758415,0.9562499999999999,17.685274228304262,2.4592046045568243,4,0.5175702256009881,288962.0292000688,11.754727082970673,0.9135416666666667,31.87469482411244,0.1608741267406916,520804.8446185507,0,57.634360595880395,27.045856429160743,0.22344816718711383,441905.8169149673,0,32.365639404119605,11.382706248478105,0.7784125684099299,33.78552364690117,-2,0.14319140957735169,6.275241664779704,552026.1288892415,10.957806675331769,0.5221029145976375,1.0,736.6666666666667,6.0,908.1247048938111,0.74,950.2178525690954,3200.0,15.599999999999998,10.399999999999999,51.333333333333336,0.0,0.0,916.3364080431911
2,0.032363542313618175,2.5495097567963927,10.000000000000002,0.26841109011965175,0.65,0.12641450265823062,9.442762388683407,2.4,aeronaut14x8,LAK24_v1,ht14,0.0,0.0,0.0,0.0,0.4749248501469185,1.6,0.09,6.1377955526442145,1.7177955526442146,4.42,0.21344,0.29255370769050176,0.532904845090995,0.05387599986271738,0.170021,0.455,0.09241287366022136,-1.62184638206158,5.44012443889071,0.07421320433584941,0.1724301892988158,0.2981267065266413,0.3120383154952395,0.16135856995018324,0.9266031145545772,42.001961473619986,6.800000000000003,7.600000000000004,1.4748586828270704,2.2,9.82310737425719,12.02310737425719,11.884024998758415,0.9562499999999999,17.251280263101737,2.477925393778716,4,0.538397796999275,281870.94453682966,11.754727082970673,0.9135416666666667,31.68647043239784,0.1612367840472226,517729.42144599097,0,55.885980554793576,26.634691943577725,0.22820045312918907,435187.74613159656,0,34.114019445206424,11.392458932683464,0.7814479504257056,34.22754210284343,0,0.13818485016297044,6.070619177318438,559248.326765514,10.964723892931284,0.5281736786291891,1.0,736.6666666666667,6.0,905.4844881699898,0.74,962.6496216424715,3200.0,15.599999999999998,10.399999999999999,51.333333333333336,0.0,0.0,919.6002588263761
2,0.033522586869350744,2.5495097567963927,10.000000000000002,0.26841109011965175,0.65,0.12641450265823062,9.714766121352183,2.4,aeronaut14x8,LAK24_v1,ht14,0.0,0.0,0.0,0.0,0.4749248501469185,1.6,0.09,6.314597978878918,1.7245979788789185,4.59,0.21344,0.29255370769050176,0.5397072713256995,0.05387599986271738,0.170021,0.455,0.08990314083711896,-1.670014460957257,5.44012443889071,0.07441824721239701,0.1722967514899235,0.30698093025566664,0.3120383154952395,0.16135856995018324,0.9266031145545772,46.08987829370478,7.200000000000004,8.200000000000003,1.4748688868295827,2.2,9.927192896702344,12.127192896702343,11.877004165384678,0.9541666666666666,17.411050318419058,2.3912791469658505,4,0.5442668186630091,284481.4485524254,11.7528145831238,0.9128472222222223,32.86088851133555,0.15423628029227895,536918.3934030081,0,64.26098275414537,26.653106764641752,0.23444958527083534,435488.6283228097,0,25.739017245854626,11.356637270114541,0.7669080160518309,34.28014532593952,0,0.14172936390483798,6.092608399647479,560107.8177687117,10.934756779481308,0.4990938098814397,1.0,765.0,6.0,899.89907010455,0.74,964.1290872920491,3200.0,16.2,10.799999999999999,51.0,0.0,0.0,927.3427191321997
2,0.027889491355251914,2.5495097567963927,10.000000000000002,0.26841109011965175,0.65,0.12641450265823062,8.355681208864237,2.4,aeronaut14x8,LAK24_v1,ht14,0.0,0.0,0.0,0.0,0.4749248501469185,1.6,0.09,5.431192785761755,1.6911927857617544,3.74,0.21344,0.29255370769050176,0.5063020782085347,0.05387599986271738,0.170021,0.455,0.10408111134070056,-1.397792243959155,5.44012443889071,0.07325968571540693,0.1730455945218745,0.256941226190807,0.3120383154952395,0.16135856995018324,0.9266031145545772,27.0082132907341,4.600000000000001,5.400000000000002,1.4747906732174416,2.2,9.12937805177286,11.32937805177286,11.91073333270684,0.9638888888888889,17.850307190273632,2.883808963398521,2,0.44376941012509463,291658.52454189636,11.765345832266531,0.9173611111111111,30.211052778811744,0.15695058546917356,493622.377721698,0,40.9353074851744,25.574644133529247,0.21901580721826283,417867.4850891944,0,49.0646925148256,11.473121828912822,0.8074039800604611,34.12872784573542,-2,0.12298565513449454,6.253113530913201,557633.7875800187,11.04058093233568,0.5800857378987,1.05,623.3333333333334,6.0,941.9149530810723,0.74,959.8704706613087,3200.0,13.200000000000001,8.8,52.666666666666664,0.0,0.0,939.0915649765001
2,0.026811046116253155,2.5495097567963927,10.000000000000002,0.26841109011965175,0.65,0.12641450265823062,8.084135413756083,2.4,aeronaut14x8,LAK24_v1,ht14,0.0,0.0,0.0,0.0,0.4749248501469185,1.6,0.09,5.254688018941454,1.6846880189414546,3.57,0.21344,0.29255370769050176,0.49979731138823563,0.05387599986271738,0.170021,0.455,0.10748718903409774,-1.332326001371426,5.44012443889071,0.07298107089140521,0.1732255591853014,0.2449072656953963,0.3120383154952395,0.16135856995018324,0.9266031145545772,24.558313836054364,4.200000000000001,5.000000000000002,1.474778617845325,2.2,9.006407707192547,11.206407707192547,11.9168333322185,0.9652777777777778,17.543877474455698,3.003084164181924,2,0.44376941012509463,286651.7289815405,11.767358332299464,0.9180555555555555,29.772464493764573,0.1563568112093538,486456.22586029366,0,38.57456485509937,25.514691279433592,0.21289513684912897,416887.90749530616,0,51.42543514490063,11.486978046243284,0.8115024915710081,34.16519538534908,-2,0.11873494605086816,6.248741629651576,558229.6355216826,11.052743541004276,0.5882827609197938,1.05,595.0,6.0,949.3761395551875,0.74,960.896120212943,3200.0,12.599999999999998,8.399999999999999,53.0,0.0,0.0,932.4952909188457
2,0.026694259597864735,2.5495097567963927,10.000000000000002,0.26841109011965175,0.65,0.12641450265823062,8.15473026046481,2.4,aeronaut14x8,Aka_v6,ht14,0.0,0.0,0.0,0.0,0.4749248501469185,1.6,0.09,5.300574669302126,1.730574669302126,3.57,0.21344,0.29255370769050176,0.5456839617489067,0.05387599986271738,0.170021,0.455,0.10730747097997102,-1.291337978860851,5.448503698005671,0.07221068903751793,0.1709252687265149,0.2370078191070188,0.3120383154952395,0.1365208077264077,0.9514408767783527,24.232084338451784,4.200000000000001,5.000000000000002,1.5139383160718338,2.2,8.889485269863394,11.089485269863395,11.9168333322185,0.9652777777777778,16.450779234701404,2.971291529264247,4,0.5082644608615936,268791.4526071486,11.767358332299464,0.9180555555555555,30.32256699504636,0.15205141594400376,495444.42321513104,0,40.635181218536616,25.481581898853587,0.21531268969516454,416346.92895720445,0,49.364818781463384,11.474867066553298,0.8079250326067072,34.06227557690967,-2,0.12049667991767946,6.263701353603286,556548.0151912533,11.042236483160536,0.5811278429911924,1.05,595.0,6.0,944.1733700540283,0.74,958.0015006005844,3200.0,12.599999999999998,8.399999999999999,53.0,0.0,0.0,929.6612047291145
2,0.027889542020086294,2.5495097567963927,10.000000000000002,0.26841109011965175,0.65,0.12641450265823062,8.430046429155006,2.4,aeronaut14x8,Aka_v6,ht14,0.0,0.0,0.0,0.0,0.4749248501469185,1.6,0.09,5.479530178950753,1.7395301789507531,3.74,0.21344,0.29255370769050176,0.5546394713975333,0.05387599986271738,0.170021,0.455,0.10392545383687352,-1.35695844713503,5.448503698005671,0.0724884982328169,0.1707779342188627,0.24905157862547123,0.3120383154952395,0.1365208077264077,0.9514408767783527,26.637086687712923,4.600000000000001,5.400000000000002,1.514582383528072,2.2,9.007505350929002,11.207505350929,11.91073333270684,0.9638888888888889,16.569767143007628,2.8579959840633307,4,0.5186465815903448,270735.6117414984,11.765345832266531,0.9173611111111111,30.426598030400775,0.15611188569313775,497144.2000287518,0,43.26953807118606,25.843035367291428,0.2163992343310598,422252.76487203815,0,46.73046192881394,11.459676331375357,0.8033514964041908,34.018047915152295,-2,0.12488894204018128,6.266894061050988,555825.3735899299,11.028224777930692,0.5719807705861595,1.05,623.3333333333334,6.0,936.4002058746873,0.74,956.7575976136583,3200.0,13.200000000000001,8.8,52.666666666666664,0.0,0.0,936.0718978875876
2,0.03703735663942315,2.5495097567963927,10.000000000000002,0.26841109011965175,0.65,0.12641450265823062,10.364611617338818,2.4,aeronaut14x8,Aka_v6,ht14,0.0,0.0,0.0,0.0,0.4749248501469185,1.6,0.09,6.736997551270232,1.806997551270232,4.93,0.21344,0.29255370769050176,0.6221068437170125,0.05387599986271738,0.170021,0.455,0.08527375621285595,-1.719091438968571,5.448503698005671,0.07402199321969696,0.1699577158773792,0.3155162470749197,0.3120383154952395,0.1365208077264077,0.9514408767783527,59.050405976475325,9.0,9.999999999999996,1.5212056642214615,2.2,10.221167238023327,12.421167238023326,11.854927083703743,0.9479166666666667,17.154498398459396,2.192707588343468,6,0.5989245275807576,280289.61288000643,11.744854167063288,0.9097222222222222,34.07159157492886,0.15306679464909673,556700.230512141,0,84.18434531621008,12.714048911360504,1.0992540498122383,207736.52279000724,10,5.815654683789916,11.289763922078189,0.7323188449371353,34.26120746216405,0,0.15137721141414792,6.064010737872928,559798.3895136204,10.855221347971597,0.42991546765204824,1.0,821.6666666666666,6.0,838.4599358800951,0.74,963.596459873364,3200.0,17.4,11.6,50.333333333333336,0.0,0.0,924.9076874733753
2,0.0356410775371342,2.5495097567963927,10.000000000000002,0.26841109011965175,0.65,0.12641450265823062,10.087346826168377,2.4,aeronaut14x8,Aka_v6,ht14,0.0,0.0,0.0,0.0,0.4749248501469185,1.6,0.09,6.5567754370094455,1.7967754370094458,4.76,0.21344,0.29255370769050176,0.6118847294562267,0.05387599986271738,0.170021,0.455,0.08750196410600196,-1.675817230067099,5.448503698005671,0.07383873472166376,0.1700558956465339,0.30757384466500454,0.3120383154952395,0.1365208077264077,0.9514408767783527,51.21925654023072,8.000000000000004,9.0,1.5198361582463131,2.2,9.97021649576587,12.170216495765871,11.867312499455812,0.9513888888888888,18.123965875938204,2.2848523170121386,4,0.522327312084435,296129.86991641705,11.749072916751105,0.9114583333333334,34.1530522283048,0.14826229066341842,558031.2268764384,0,79.93222153812658,12.766947821866784,1.0610004873396657,208600.84506881612,10,10.067778461873417,11.30110571304816,0.7397010042740858,34.15615207375363,0,0.14823538076262666,6.025033281429081,558081.8756602535,10.872245697293863,0.4446797863259494,1.0,793.3333333333334,6.0,825.4139774374997,0.74,960.641777074321,3200.0,16.799999999999997,11.2,50.666666666666664,0.0,0.0,910.4630292817179
2,0.034698060645365555,2.5495097567963927,10.000000000000002,0.26841109011965175,0.65,0.12641450265823062,9.98686712437652,2.4,aeronaut14x8,LAK24_v1,ht14,0.0,0.0,0.0,0.0,0.4749248501469185,1.6,0.09,6.491463630844738,1.731463630844738,4.76,0.21344,0.29255370769050176,0.5465729232915187,0.05387599986271738,0.170021,0.455,0.08752986214505137,-1.715519380282228,5.44012443889071,0.07461189791113261,0.1721719161976827,0.3153456137911503,0.3120383154952395,0.16135856995018324,0.9266031145545772,52.097710126244955,8.000000000000004,9.0,1.474888446577007,2.2,10.126711323620452,12.32671132362045,11.867312499455812,0.9513888888888888,17.30087032765194,2.307072395358186,4,0.5669654988785641,282681.2031449577,11.749072916751105,0.9114583333333334,33.60861692684113,0.15157961076792262,549135.62664722,0,89.36290321618878,0,inf,0.0,-4,0.6370967838112165,11.275560610052294,0.72332829302745,34.27986269411003,0,0.14570146593015837,6.100549889505819,560103.1998099561,10.837392809750995,0.4119343638326778,1.0,793.3333333333334,6.0,836.5742972436568,0.74,964.1211382718445,3200.0,16.799999999999997,11.2,50.666666666666664,0.0,0.0,915.3429229496115
2,0.03589008756770369,2.5495097567963927,10.000000000000002,0.26841109011965175,0.65,0.12641450265823062,10.259067521263411,2.4,aeronaut14x8,LAK24_v1,ht14,0.0,0.0,0.0,0.0,0.4749248501469185,1.6,0.09,6.6683938888212175,1.7383938888212178,4.93,0.21344,0.29255370769050176,0.5535031812679985,0.05387599986271738,0.170021,0.455,0.08528224510344137,-1.758710660592244,5.44012443889071,0.07479572536104452,0.1720529283975388,0.3232850057655778,0.3120383154952395,0.16135856995018324,0.9266031145545772,58.0312338204788,8.8,9.799999999999997,1.4749023148511426,2.2,10.26817410325873,12.468174103258729,11.857254166917526,0.9486111111111111,17.838917188511168,2.227669104280615,4,0.5484126313987505,291472.4218001811,11.74568229199709,0.9100694444444445,33.97002368251955,0.15241544767414258,555040.6993161138,0,88.69917718579711,0,inf,0.0,-4,1.3008228142028884,11.277707348760208,0.7244805951635467,34.255044703574974,0,0.14988963708285222,6.10308663375382,559697.6953878534,10.839798816562329,0.41423896810487104,1.0,821.6666666666666,6.0,844.5711782085018,0.74,963.4231322880462,3200.0,17.4,11.6,50.333333333333336,0.0,0.0,926.8869923877382
2,0.02665017594849414,2.5495097567963927,10.000000000000002,0.26841109011965175,0.65,0.12641450265823062,8.066451143235108,2.4,aeronaut14x8,LAK24_v3,ht14,0.0,0.0,0.0,0.0,0.4749248501469185,1.6,0.09,5.24319324310282,1.6731932431028205,3.57,0.21344,0.29255370769050176,0.5042045355496009,0.05387599986271738,0.154119,0.455,0.10722257666747319,-1.3085448497538,5.446673614559231,0.07241547296355008,0.171704591509866,0.24024660597543318,0.3120383154952395,0.15955214893794975,0.9284095355668107,27.884511737162146,5.400000000000002,6.200000000000003,1.5044866231070115,2.2,8.926545943478201,11.126545943478202,11.90031666690889,0.9611111111111111,17.52448024948765,3.0022553578146196,2,0.44376941012509463,286334.7951633107,11.761420832434727,0.9159722222222222,30.299624382678754,0.1506332392898275,495069.5608443637,0,43.61210500783327,25.936270415431018,0.2055797122095215,423776.14462601807,0,46.38789499216673,11.457618090045415,0.8027567621391783,33.91456462925024,-2,0.12023275879247157,6.283673399248233,554134.5465268872,11.026597803093752,0.5707913020561345,1.05,595.0,6.0,933.2608939993914,0.74,953.8471301976631,3200.0,12.599999999999998,8.399999999999999,53.0,0.0,0.0,924.3878084689692
2,0.029961406292403462,2.5495097567963927,10.000000000000002,0.26841109011965175,0.65,0.12641450265823062,8.882459947752633,2.4,aeronaut14x8,LAK24_v3,ht14,0.0,0.0,0.0,0.0,0.4749248501469185,1.6,0.09,5.773598966039211,1.693598966039211,4.08,0.21344,0.29255370769050176,0.5246102584859919,0.05387599986271738,0.154119,0.455,0.09763009163547103,-1.493891227204365,5.446673614559231,0.07320219167732146,0.1712483903551879,0.2742758852322487,0.3120383154952395,0.15955214893794975,0.9284095355668107,38.289486432949055,7.0000000000000036,8.000000000000004,1.5068655174057575,2.2,9.40547653886527,11.605476538865272,11.879385415194369,0.954861111111111,16.827256943783745,2.671504148417504,4,0.5310852590910832,274942.7715723314,11.753770833047236,0.9131944444444444,31.57604457756805,0.15273219806000826,515925.15883316135,0,55.34480865858779,26.663769920630802,0.2141918533231836,435662.8550355254,0,34.65519134141221,11.395273806193241,0.7823874849677295,34.292465509903614,0,0.12949369818537296,6.154818965625078,560309.1188801575,10.966973138574449,0.5300527477132368,1.05,680.0,6.0,905.9051533665349,0.74,964.4755924660391,3200.0,14.399999999999999,9.6,52.0,0.0,0.0,947.2332610414011
2,0.02773712170934605,2.5495097567963927,10.000000000000002,0.26841109011965175,0.65,0.12641450265823062,8.338355619902263,2.4,aeronaut14x8,LAK24_v3,ht14,0.0,0.0,0.0,0.0,0.4749248501469185,1.6,0.09,5.4199311529364715,1.6799311529364713,3.74,0.21344,0.29255370769050176,0.5109424453832518,0.05387599986271738,0.154119,0.455,0.1038169815647388,-1.374251037179323,5.446673614559231,0.07269438383335593,0.1715425673855899,0.25231015008975044,0.3120383154952395,0.15955214893794975,0.9284095355668107,29.650171761898896,5.600000000000002,6.600000000000003,1.5044390583115366,2.2,8.916969967013722,11.116969967013723,11.895554167289507,0.9597222222222223,17.831688828403255,2.882216579755025,2,0.44376941012509463,291354.316670591,11.760464582511291,0.915625,30.543504476548712,0.15323412041289183,499054.34987824695,0,44.625792481328546,25.775358436856152,0.21517102250054992,421146.98257563973,0,45.374207518671454,11.451456771363427,0.800996888053249,33.892953596150335,-2,0.1244441186873511,6.29277623036309,553781.4410054776,11.021877820028758,0.5672715538842759,1.05,623.3333333333334,6.0,927.8126127406331,0.74,953.2393198917282,3200.0,13.200000000000001,8.8,52.666666666666664,0.0,0.0,931.8348430879932
2,0.028840828436376913,2.5495097567963927,10.000000000000002,0.26841109011965175,0.65,0.12641450265823062,8.610357862720093,2.4,aeronaut14x8,LAK24_v3,ht14,0.0,0.0,0.0,0.0,0.4749248501469185,1.6,0.09,5.596732610768061,1.6867326107680611,3.91,0.21344,0.29255370769050176,0.5177439032148411,0.05387599986271738,0.154119,0.455,0.10062602604804037,-1.435898193515507,5.446673614559231,0.07295606672507292,0.1713905157561265,0.2636284630085562,0.3120383154952395,0.15955214893794975,0.9284095355668107,33.095150578088436,6.200000000000003,7.200000000000004,1.5053150141798066,2.2,9.093321671982093,11.293321671982092,11.888674999787204,0.9576388888888889,16.67597944493285,2.7733878186875986,4,0.523558733250111,272471.0285574391,11.757595832740982,0.9145833333333333,30.936724233155246,0.15423585556654223,505479.21936705196,0,49.99999245836652,26.34000131061219,0.2127660909585103,430372.75699494587,0,40.00000754163348,11.423416706758255,0.7916666797597803,33.94253554047944,-2,0.12812840982087384,6.3242159762005,554591.5669362416,10.991854199952206,0.5486111372973383,1.05,651.6666666666667,6.0,914.5024437096456,0.74,954.6338120759843,3200.0,13.799999999999999,9.2,52.333333333333336,0.0,0.0,937.2310228583038
2,0.031098975699151096,2.5495097567963927,10.000000000000002,0.26841109011965175,0.65,0.12641450265823062,9.15466406097701,2.4,aeronaut14x8,LAK24_v3,ht14,0.0,0.0,0.0,0.0,0.4749248501469185,1.6,0.09,5.950531639635057,1.7005316396350567,4.25,0.21344,0.29255370769050176,0.5315429320818371,0.05387599986271738,0.154119,0.455,0.09481188161816671,-1.54838446557895,5.446673614559231,0.07343351685255547,0.1711137963749327,0.28428075099635874,0.3120383154952395,0.15955214893794975,0.9284095355668107,41.491391736434444,7.400000000000004,8.600000000000001,1.5071525594914335,2.2,9.463265250648904,11.663265250648905,11.872174999082855,0.9527777777777777,16.97985982245812,2.575449501464627,4,0.53815528039584,277436.1701430443,11.751858333200365,0.9125,32.03563653290061,0.15292852294731862,523434.492434807,0,59.43243418287661,26.821565858274596,0.2181659411869617,438241.10368196724,0,30.567565817123388,11.375829807708794,0.7752909128769503,34.282563152286386,0,0.13353915992181167,6.148310045163535,560147.322952427,10.947940309525725,0.5158596035316784,1.0,708.3333333333334,6.0,899.7351536523345,0.74,964.1970886580546,3200.0,14.999999999999998,10.0,51.66666666666667,0.0,0.0,909.0885252145741
2,0.03342562307115016,2.5495097567963927,10.000000000000002,0.26841109011965175,0.65,0.12641450265823062,9.699387708868825,2.4,aeronaut14x8,LAK24_v3,ht14,0.0,0.0,0.0,0.0,0.4749248501469185,1.6,0.09,6.304602010764736,1.714602010764736,4.59,0.21344,0.29255370769050176,0.5456133032115167,0.05387599986271738,0.154119,0.455,0.08964911169077726,-1.648110345155326,5.446673614559231,0.07385681641626911,0.1708682497149573,0.30259025265436224,0.3120383154952395,0.15955214893794975,0.9284095355668107,53.15316470407326,9.2,10.399999999999995,1.5092968290637518,2.2,9.894960052508031,12.094960052508032,11.850722917336347,0.9465277777777777,17.79247352449956,2.3921368798336706,4,0.5205608328544145,290713.57264562283,11.744076042093313,0.909375,33.511117683275714,0.14807416448172805,547542.573641514,0,67.8445179766086,24.833193435593184,0.2696447529833714,405752.8243006998,2,22.1554820233914,11.343249724451573,0.7606866007350546,34.281690598572496,0,0.14149225063166396,6.158068150062461,560133.0661821616,10.919808030018283,0.4866509792478868,1.0,765.0,6.0,886.8856873572984,0.74,964.1725480848514,3200.0,16.2,10.799999999999999,51.0,0.0,0.0,923.0194118140499
2,0.03461499463985466,2.5495097567963927,10.000000000000002,0.26841109011965175,0.65,0.12641450265823062,9.971912232703549,2.4,aeronaut14x8,LAK24_v3,ht14,0.0,0.0,0.0,0.0,0.4749248501469185,1.6,0.09,6.481742951257306,1.7217429512573066,4.76,0.21344,0.29255370769050176,0.5527542437040871,0.05387599986271738,0.154119,0.455,0.0872788345423257,-1.693902222132185,5.446673614559231,0.07405121900582307,0.1707548559611081,0.31099756328418504,0.3120383154952395,0.15955214893794975,0.9284095355668107,57.690025411409685,9.799999999999997,11.199999999999992,1.5095395871265251,2.2,9.943833288952511,12.14383328895251,11.842647917388089,0.94375,17.51890833467758,2.3088032880317213,4,0.5522267060532086,286243.75491201103,11.741741667279394,0.9083333333333333,33.445565726935975,0.1528319490986367,546471.5115772544,0,69.11635574930365,24.812487610986793,0.2776838550963762,405414.5091003085,2,20.88364425069635,11.338536543918067,0.7584785490463478,34.22744750586364,0,0.1459292056485776,6.151920087062169,559246.7811329791,10.914561699627242,0.4822348758704734,1.0,793.3333333333334,6.0,880.9859739995043,0.74,962.6469611024148,3200.0,16.799999999999997,11.2,50.666666666666664,0.0,0.0,929.6554228117508
2,0.035821945387469696,2.5495097567963927,10.000000000000002,0.26841109011965175,0.65,0.12641450265823062,10.24454878118472,2.4,aeronaut14x8,LAK24_v3,ht14,0.0,0.0,0.0,0.0,0.4749248501469185,1.6,0.09,6.658956707770068,1.7289567077700685,4.93,0.21344,0.29255370769050176,0.559968000216849,0.05387599986271738,0.154119,0.455,0.085034419484539,-1.737384965676839,5.446673614559231,0.0742357935057954,0.1706476689917297,0.31898092094828706,0.3120383154952395,0.15955214893794975,0.9284095355668107,65.97193600469532,10.999999999999993,12.399999999999988,1.5106918914421843,2.2,10.175820810321841,12.37582081032184,11.830058332636584,0.9395833333333333,17.559135399653663,2.2216238373864607,4,0.5651113406585287,286901.0302346435,11.736822916911594,0.90625,34.1233260449348,0.1508352752941485,557545.5268439661,0,84.6584821683306,12.718004373222477,1.0858446400354225,207801.1516032959,10,5.341517831669407,11.28811185126653,0.7314956906799817,34.13482030964541,0,0.15073371046012937,6.1376927048305925,557733.3331517488,10.853754487151058,0.428269159137741,0.0,821.6666666666666,6.0,842.2631915841074,0.74,960.0418212087773,3200.0,17.4,11.6,50.333333333333336,0.0,0.0,0.0
2,0.026848448414303363,2.5495097567963927,10.000000000000002,0.26841109011965175,0.65,0.12641450265823062,8.047420530021574,2.4,aeronaut14x8,LAK24_v4,ht14,0.0,0.0,0.0,0.0,0.4749248501469185,1.6,0.09,5.2308233445140235,1.6608233445140237,3.57,0.21344,0.29255370769050176,0.4918346369608042,0.05387599986271738,0.154119,0.455,0.10726794633290976,-1.308109108268884,5.446654891491552,0.07241381659775001,0.1717333399297859,0.24016743016201303,0.3120383154952395,0.1643738898043084,0.923587794700452,22.86310805826162,4.200000000000001,4.800000000000002,1.520495148727658,2.2,8.755080827997885,10.955080827997886,11.91953333211552,0.9659722222222222,16.385477760286232,3.00471494268316,4,0.5053297290845034,267724.4832001058,11.767358332299464,0.9180555555555555,29.859381241466817,0.15474188610860545,487876.3700697238,0,40.99381674760991,25.400636992781898,0.21383573213649956,415024.3594561644,0,49.00618325239009,11.472780829545737,0.8073024014798439,33.73936008207778,-2,0.12119809990725469,6.331334800101666,551271.8563122788,11.04026278817255,0.5798825807374657,1.05,595.0,6.0,928.9953893319565,0.74,948.9195023084377,3200.0,12.599999999999998,8.399999999999999,53.0,0.0,0.0,921.170212074138
2,0.030083787952215158,2.5495097567963927,10.000000000000002,0.26841109011965175,0.65,0.12641450265823062,8.860640990789525,2.4,aeronaut14x8,LAK24_v4,ht14,0.0,0.0,0.0,0.0,0.4749248501469185,1.6,0.09,5.759416644013191,1.679416644013191,4.08,0.21344,0.29255370769050176,0.510427936459972,0.05387599986271738,0.154119,0.455,0.09765556738202079,-1.493855849151745,5.446654891491552,0.07320219539374598,0.1712768999980493,0.27427033269270645,0.3120383154952395,0.1643738898043084,0.923587794700452,31.854060359627162,5.400000000000002,6.200000000000003,1.5225930471196214,2.2,9.28129876021826,11.481298760218259,11.90031666690889,0.9611111111111111,17.2723952133785,2.6797364285682876,4,0.5031109506211981,282215.94449553353,11.761420832434727,0.9159722222222222,30.766718313766788,0.1604780309357535,502701.47021776874,0,49.876430288476406,26.199881264210624,0.22129891840914928,428083.3170678565,0,40.123569711523594,11.424092437321242,0.7918811974158395,34.11446823463262,0,0.1305271109455658,6.238952603591579,557400.7979126448,10.992398645719847,0.5490401726094569,1.05,680.0,6.0,907.9556667117827,0.74,959.4694190990424,3200.0,14.399999999999999,9.6,52.0,0.0,0.0,946.1987800337889
2,0.028990517124950734,2.5495097567963927,10.000000000000002,0.26841109011965175,0.65,0.12641450265823062,8.589491824323055,2.4,aeronaut14x8,LAK24_v4,ht14,0.0,0.0,0.0,0.0,0.4749248501469185,1.6,0.09,5.583169685809986,1.6731696858099863,3.91,0.21344,0.29255370769050176,0.504180978256767,0.05387599986271738,0.154119,0.455,0.10065783636646118,-1.435888303720527,5.446654891491552,0.07295611200335399,0.1714202716308842,0.26362755348490835,0.3120383154952395,0.1643738898043084,0.923587794700452,29.5019299225406,5.000000000000002,5.8000000000000025,1.5223670422681308,2.2,9.224609739396868,11.424609739396868,11.905079166528273,0.9625,17.13223993894941,2.7818135374631003,4,0.49516133488705777,279925.9289730541,11.7633333322816,0.9166666666666666,30.407845898655765,0.1592608232790377,496837.8064738137,0,46.61615443250724,25.965273202233714,0.21842104205184118,424250.0249865245,0,43.38384556749276,11.440310013412967,0.7975413985546749,33.89420579748447,0,0.12818267888900717,6.1654082947371585,553801.9008883047,11.00991386703656,0.5603605748871276,1.05,651.6666666666667,6.0,915.2653259803092,0.74,953.2745380542506,3200.0,13.799999999999999,9.2,52.333333333333336,0.0,0.0,937.0222857454293
2,0.02791208418311577,2.5495097567963927,10.000000000000002,0.26841109011965175,0.65,0.12641450265823062,8.318418721593986,2.4,aeronaut14x8,LAK24_v4,ht14,0.0,0.0,0.0,0.0,0.4749248501469185,1.6,0.09,5.4069721690360915,1.6669721690360912,3.74,0.21344,0.29255370769050176,0.4979834614828719,0.05387599986271738,0.154119,0.455,0.10385541261164974,-1.37401613613362,5.446654891491552,0.07269355894956503,0.1715712243104924,0.252267889834553,0.3120383154952395,0.1643738898043084,0.923587794700452,25.290466034997998,4.400000000000001,5.200000000000002,1.5210618669177312,2.2,8.897231313109256,11.097231313109255,11.91378333246267,0.9645833333333333,16.487856476158175,2.8909326221606944,4,0.516621348334772,269397.2625476777,11.766352082282998,0.9177083333333333,29.931845845007906,0.159179294285719,489060.3787887348,0,42.88958427524662,25.62280711839952,0.21722017535837068,418654.426454128,0,47.11041572475338,11.461843255437772,0.8040111384110302,33.69542074467011,-2,0.1256064112404259,6.333396113689457,550553.9256805497,11.030183914533668,0.5733000545998381,1.05,623.3333333333334,6.0,922.1683945122892,0.74,947.6837084438467,3200.0,13.200000000000001,8.8,52.666666666666664,0.0,0.0,927.9149027013142
2,0.031191944110036035,2.5495097567963927,10.000000000000002,0.26841109011965175,0.65,0.12641450265823062,9.131867426285567,2.4,aeronaut14x8,LAK24_v4,ht14,0.0,0.0,0.0,0.0,0.4749248501469185,1.6,0.09,5.9357138270856185,1.6857138270856185,4.25,0.21344,0.29255370769050176,0.5167251195323989,0.05387599986271738,0.154119,0.455,0.09483128061501234,-1.548574273031504,5.446654891491552,0.07343439111127577,0.1711434123429951,0.2843165766662758,0.3120383154952395,0.1643738898043084,0.923587794700452,36.02292339920359,6.000000000000003,6.800000000000003,1.5234544002690722,2.2,9.497352824109932,11.697352824109931,11.893225000581936,0.9590277777777778,17.416012630137207,2.582377908452178,4,0.5105247156283802,284562.5284183686,11.75855208266442,0.9149305555555556,30.444371152582654,0.1689111735573416,497434.5974172569,0,43.36525679094417,24.427550848133542,0.26236901393061285,399124.976539385,2,46.63474320905583,11.459118464243677,0.8031853180712775,34.15173337728635,0,0.1342291662107104,6.2490364873836155,558009.6779956247,11.027747190011718,0.5716484139203328,1.05,708.3333333333334,6.0,900.7359328946565,0.74,960.5175012361785,3200.0,14.999999999999998,10.0,51.66666666666667,0.0,0.0,953.605368612459
2,0.03231503979021987,2.5495097567963927,10.000000000000002,0.26841109011965175,0.65,0.12641450265823062,9.403172391259782,2.4,aeronaut14x8,LAK24_v4,ht14,0.0,0.0,0.0,0.0,0.4749248501469185,1.6,0.09,6.112062054318859,1.6920620543188587,4.42,0.21344,0.29255370769050176,0.5230733467656385,0.05387599986271738,0.154119,0.455,0.0921696422047497,-1.599971360931312,5.446654891491552,0.07365258376867594,0.1710162499539732,0.2937530269139494,0.3120383154952395,0.1643738898043084,0.923587794700452,40.15477395306834,6.600000000000003,7.400000000000004,1.5241031765383954,2.2,9.660086018541483,11.860086018541484,11.88634999927281,0.9569444444444444,17.63711493127247,2.4889043617651607,4,0.5131236917641713,288175.14809121477,11.75568333289411,0.9138888888888889,31.492636029931496,0.16254333548900987,514562.33556751383,0,50.84466593771601,24.82885231320726,0.2615013317309243,405681.89412922214,2,39.15533406228399,11.418586232519647,0.7902002327470208,34.11085926514525,0,0.13854851529976034,6.236361617084883,557341.8304839848,10.986476297124197,0.5456782432718195,1.0,736.6666666666667,6.0,893.1907418896874,0.74,959.3679168322102,3200.0,15.599999999999998,10.399999999999999,51.333333333333336,0.0,0.0,914.4084417961881
2,0.03345313594678568,2.5495097567963927,10.000000000000002,0.26841109011965175,0.65,0.12641450265823062,9.674557203949636,2.4,aeronaut14x8,LAK24_v4,ht14,0.0,0.0,0.0,0.0,0.4749248501469185,1.6,0.09,6.2884621825672635,1.6984621825672637,4.59,0.21344,0.29255370769050176,0.5294734750140444,0.05387599986271738,0.154119,0.455,0.08965703144845277,-1.6484760894286,5.446654891491552,0.07385848187216211,0.1708965527059053,0.30265844307553863,0.3120383154952395,0.1643738898043084,0.923587794700452,44.22381118322554,7.0000000000000036,8.000000000000004,1.5245701673328584,2.2,9.777221782203656,11.977221782203657,11.879385415194369,0.954861111111111,17.767664573274192,2.400715378810312,4,0.5206330143225792,290308.2159179938,11.753770833047236,0.9131944444444444,32.11909842475134,0.1607745125480366,524798.1872986088,0,54.54613168600697,24.546967161422828,0.27526323576000133,401076.13543928135,2,35.45386831399303,11.399515342887764,0.7837740769340157,34.053147500710764,0,0.14303073649508485,6.22259805485156,556398.8703497836,10.97032277416396,0.5328259316458092,1.0,765.0,6.0,887.3509829612168,0.74,957.7447734574903,3200.0,16.2,10.799999999999999,51.0,0.0,0.0,921.0319188062357
2,0.034606300316239215,2.5495097567963927,10.000000000000002,0.26841109011965175,0.65,0.12641450265823062,9.946023243224026,2.4,aeronaut14x8,LAK24_v4,ht14,0.0,0.0,0.0,0.0,0.4749248501469185,1.6,0.09,6.464915108095617,1.7049151080956175,4.76,0.21344,0.29255370769050176,0.5359264005423976,0.05387599986271738,0.154119,0.455,0.08728130809801302,-1.694493363624636,5.446654891491552,0.0740537554655275,0.170784274236464,0.3111071652936328,0.3120383154952395,0.1643738898043084,0.923587794700452,50.19284491308404,7.800000000000004,8.8,1.525422278033073,2.2,9.990957553396136,12.190957553396135,11.869743749277333,0.9520833333333333,16.58895026142562,2.296380948713514,6,0.6137277827612067,271049.0472445553,11.749979166678711,0.9118055555555555,33.40300622295471,0.15282385761104733,545776.1262259494,0,69.26868481149329,24.603263614485243,0.2816935007733235,401995.9706142229,2,20.731315188506713,11.337984350983213,0.7582140888689353,33.97506480827102,0,0.14772080963278955,6.208568554504739,555123.066934947,10.913933342296174,0.4817059555156483,1.0,793.3333333333334,6.0,877.0826666469062,0.74,955.5486977326225,3200.0,16.799999999999997,11.2,50.666666666666664,0.0,0.0,925.9882325709541
2,0.03577460744504012,2.5495097567963927,10.000000000000002,0.26841109011965175,0.65,0.12641450265823062,10.217571951659561,2.4,aeronaut14x8,LAK24_v4,ht14,0.0,0.0,0.0,0.0,0.4749248501469185,1.6,0.09,6.641421768578715,1.711421768578715,4.93,0.21344,0.29255370769050176,0.542433061025496,0.05387599986271738,0.154119,0.455,0.08503161658717036,-1.737975040567091,5.446654891491552,0.07423832762392714,0.1706770420711501,0.31909035457378704,0.3120383154952395,0.1643738898043084,0.923587794700452,54.08186943007383,8.400000000000002,9.399999999999999,1.5255514826252732,2.2,10.023366069271534,12.223366069271535,11.862249999861449,0.95,17.66460204782209,2.2227966589627015,4,0.5569616781316582,288624.26371546247,11.747338541864696,0.9107638888888889,33.89138805728839,0.15250419473833124,553755.8614594382,0,79.84918011838339,25.924391946577114,0.26064136661171816,423582.0607560422,2,10.150819881616613,11.30129904383804,0.7398451734055844,33.90468643506086,0,0.15238458527570165,6.200124450647407,553973.1454085925,10.872546722416386,0.4449681245889465,1.0,821.6666666666666,6.0,876.6842427070856,0.74,953.5693059860866,3200.0,17.4,11.6,50.333333333333336,0.0,0.0,934.3067384532796
