payload,span,aspect_ratio,airfoil,num_fowler_segments,total mass,wing_area,wing_loading,take_off_length,climb_height,efficiency_points,distance,score_payload,score_efficiency,score_distance,b_loading,penalty_current,take_off_factor,penalty_round,score_round
3.57, 2.2, 8.0, ag45c, 0, 5.445934502585295, 0.6050000000000001, 9.001544632372388, 30.892566539903125, 61.59171988441785, 0.6087827790508822, 2780.156331519615, 595.0, 822.6794311498408, 868.7988535998796, 54.666666666666664, 0.0, 1.05, 0.0, 857.6673996624021
3.57, 1.8, 8.0, ag45c, 0, 5.190884890882066, 0.405, 12.816999730573002, 46.293351429288606, 60.52077691933453, 0.5693760194634891, 2917.960455831524, 595.0, 769.4270533290394, 911.8626424473513, 54.666666666666664, 0.0, 1.0, 0.0, 813.4298985921301
3.57, 2.0, 10.0, ag45c, 0, 5.252733579703477, 0.4, 13.131833949258693, 50.16510433252319, 59.98964573311419, 0.5901502031641062, 2928.358451759037, 595.0, 797.5002745460895, 915.1120161746991, 54.666666666666664, 0.0, 1.0, 0.0, 823.8707635735962
3.57, 2.2, 9.0, ag45c, 0, 5.39775756873138, 0.5377777777777779, 10.03715250383934, 35.28377814095877, 61.70560257828942, 0.6221542980295719, 2821.4146402353304, 595.0, 840.7490513913134, 881.6920750735408, 54.666666666666664, 0.0, 1.05, 0.0, 868.504394262699
3.57, 2.0, 8.0, ag45c, 0, 5.3164647492430435, 0.5, 10.632929498486087, 38.1427451690821, 61.374173363736084, 0.6236975726443361, 2837.013323294787, 595.0, 842.8345576274812, 886.5666635296209, 54.666666666666664, 0.0, 1.05, 0.0, 870.9404274049858
3.57, 2.0, 11.0, ag45c, 0, 5.242755838622765, 0.36363636363636365, 14.417578556212604, 57.62283322595631, 58.706972872540454, 0.5886630951642233, 2950.046014322792, 595.0, 795.4906691408424, 921.8893794758726, 54.666666666666664, 0.0, 1.0, 0.0, 825.4600162055715
3.57, 1.8, 10.0, ag45c, 0, 5.152161542259498, 0.324, 15.901733155121908, 64.24076287289759, 57.098364304394025, 0.6049642975847161, 2972.2680116216725, 595.0, 817.5193210604273, 928.8337536317727, 54.666666666666664, 0.0, 0.0, 0.0, 0.0
3.57, 2.0, 9.0, ag45c, 0, 5.266626867451279, 0.4444444444444444, 11.849910451765378, 43.078833941935294, 61.32557211737276, 0.6071953062156553, 2901.111780955324, 595.0, 820.5341975887235, 906.5974315485387, 54.666666666666664, 0.0, 1.0, 0.0, 828.7105430457541
3.57, 1.8, 11.0, ag45c, 0, 5.1544621024778134, 0.29454545454545455, 17.49971701458517, 77.76838290224968, 54.03920273560621, 0.6050524819317727, 2990.438411380574, 595.0, 817.6384890969902, 934.5120035564294, 54.666666666666664, 0.0, 0.0, 0.0, 0.0
3.57, 1.8, 9.0, ag45c, 0, 5.159993412419059, 0.36000000000000004, 14.333315034497383, 56.34588414134625, 58.56622062701462, 0.5922325392864535, 2948.6048682984574, 595.0, 800.3142422789913, 921.439021343268, 54.666666666666664, 0.0, 1.0, 0.0, 826.9177545407531
3.57, 2.4, 8.0, ag45c, 0, 5.5852149884394535, 0.72, 7.757243039499241, 26.136019467409756, 60.79839211415102, 0.5926207297320353, 2720.808006528979, 595.0, 800.8388239622099, 850.252502040306, 54.666666666666664, 0.0, 1.05, 0.0, 843.5319641008806
3.57, 2.6, 9.0, ag45c, 0, 5.658859683393986, 0.7511111111111112, 7.533984785583709, 25.614520043387085, 60.41406080777823, 0.5929593854978815, 2712.269687998449, 595.0, 801.296466889029, 847.5842774995153, 54.666666666666664, 0.0, 1.05, 0.0, 842.7582605359905
3.57, 2.2, 10.0, ag45c, 0, 5.360967904322472, 0.4840000000000001, 11.07637996760841, 39.84355862510584, 61.46910910803268, 0.552654355099288, 2854.9230540297035, 595.0, 746.8302095936324, 892.1634543842824, 54.666666666666664, 0.0, 1.05, 0.0, 839.2977823922702
3.57, 2.4, 9.0, ag45c, 0, 5.5237096017043115, 0.64, 8.630796252662986, 30.228700200426747, 61.23152364819, 0.6080806733052815, 2767.8647133536906, 595.0, 821.7306396017318, 864.9577229230283, 54.666666666666664, 0.0, 1.05, 0.0, 855.990926883666
3.57, 2.4, 10.0, ag45c, 0, 5.4769856691426835, 0.576, 9.508655675594937, 34.496588244205675, 61.23902433824273, 0.6183759494160065, 2804.051501389964, 595.0, 835.6431748864953, 876.2660941843637, 54.666666666666664, 0.0, 1.05, 0.0, 864.8182441748006
3.57, 2.6, 8.0, ag45c, 0, 5.735490202230899, 0.8450000000000001, 6.787562369504022, 21.831124010040366, 59.77216538721184, 0.5758020162311605, 2667.54346459999, 595.0, 778.1108327448114, 833.6073326874969, 54.666666666666664, 0.0, 1.05, 0.0, 829.751357901308
3.57, 2.6, 10.0, ag45c, 0, 5.600908027190335, 0.676, 8.285366904127713, 27.831371033396252, 61.22804727353946, 0.6055684269183371, 2753.522293387099, 595.0, 818.3357120518069, 860.4757166834685, 54.666666666666664, 0.0, 1.05, 0.0, 853.2340000573465
3.57, 2.2, 11.0, ag45c, 0, 5.345473552621303, 0.44000000000000006, 12.148803528684777, 46.61736550196374, 60.1394156556487, 0.6290169036270971, 2906.7525288798333, 595.0, 850.0228427393203, 908.3601652749479, 54.666666666666664, 0.0, 1.0, 0.0, 839.1276693380894
3.57, 2.4, 11.0, ag45c, 0, 5.45503258432466, 0.5236363636363636, 10.417596949231124, 38.79839450592273, 60.777085167272006, 0.6280109866665061, 2834.445892641036, 595.0, 848.6634954952785, 885.7643414503239, 54.666666666666664, 0.0, 1.05, 0.0, 872.6997429309608
3.57, 2.6, 11.0, ag45c, 0, 5.571523957794617, 0.6145454545454546, 9.066089280435026, 31.745258131983398, 60.939576464360364, 0.614502382074216, 2785.6684418808954, 595.0, 830.4086244246163, 870.5213880877798, 54.666666666666664, 0.0, 1.05, 0.0, 860.9755043793388
4.08, 1.8, 8.0, ag45c, 0, 5.735804890882067, 0.405, 14.162481212054484, 69.19538775993554, 45.932699558227846, 0.5665833183536968, 2887.660966894454, 680.0, 765.653132910401, 902.3940521545169, 54.666666666666664, 0.0, 0.0, 0.0, 0.0
4.08, 1.8, 9.0, ag45c, 0, 5.7091765703137956, 0.36000000000000004, 15.858823806427209, 82.56041548914327, 43.857242623843646, 0.5944111733408134, 2918.146981080262, 680.0, 803.2583423524505, 911.9209315875819, 54.666666666666664, 0.0, 0.0, 0.0, 0.0
4.08, 2.0, 9.0, ag45c, 0, 5.818083709556542, 0.4444444444444444, 13.09068834650222, 62.943571145830056, 47.284575663446525, 0.5790991029476018, 2874.3908781988903, 680.0, 782.566355334597, 898.2471494371533, 54.666666666666664, 0.0, 0.0, 0.0, 0.0
4.08, 2.2, 8.0, ag45c, 0, 5.984033449953717, 0.6050000000000001, 9.890964380088787, 43.08360533226161, 49.810093173461844, 0.5844937387089851, 2757.1987525651557, 680.0, 789.8564036607908, 861.6246101766112, 54.666666666666664, 0.0, 1.0, 0.0, 831.8270046124674
4.08, 2.0, 8.0, ag45c, 0, 5.85465843345357, 0.5, 11.70931686690714, 53.19851544477206, 48.501554249485146, 0.548060298206252, 2839.4382217553, 680.0, 740.6220246030433, 887.3244442985313, 54.666666666666664, 0.0, 1.0, 0.0, 823.9821563005249
4.08, 2.0, 10.0, ag45c, 0, 5.807032527071899, 0.4, 14.517581317679747, 72.93744320057722, 45.64235664119101, 0.5759512925066212, 2901.1318924317015, 680.0, 778.3125574413801, 906.6037163849068, 54.666666666666664, 0.0, 0.0, 0.0, 0.0
4.08, 1.8, 10.0, ag45c, 0, 5.703902594891078, 0.324, 17.60463763855271, 99.07188904149054, 40.79790396446905, 0.5990863218622744, 2940.759556911047, 680.0, 809.5761106246952, 918.9873615347022, 54.666666666666664, 0.0, 0.0, 0.0, 0.0
4.08, 2.0, 11.0, ag45c, 0, 5.802738996517502, 0.36363636363636365, 15.95753224042313, 85.9000918106722, 43.17751199227616, 0.5943787800250321, 2922.157068037803, 680.0, 803.2145676013946, 913.1740837618136, 54.666666666666664, 0.0, 0.0, 0.0, 0.0
4.08, 2.2, 9.0, ag45c, 0, 5.935856516099801, 0.5377777777777779, 11.037749720020289, 49.9292944304551, 49.20462371300332, 0.5399025187099493, 2796.1375564208543, 680.0, 729.5979982566882, 873.7929863815169, 54.666666666666664, 0.0, 1.0, 0.0, 815.7969948794017
4.08, 1.8, 11.0, ag45c, 0, 5.711318944583077, 0.29454545454545455, 19.39028036741168, 119.1181520029951, 37.256249243158415, 0.5957211709601564, 2957.5314700330414, 680.0, 805.0286094056167, 924.2285843853253, 54.666666666666664, 0.0, 0.0, 0.0, 0.0
4.08, 2.2, 10.0, ag45c, 0, 5.917824746427735, 0.4840000000000001, 12.226910633115153, 59.027749637034084, 47.5415045425662, 0.5831546280600214, 2857.7315630870194, 680.0, 788.0467946757046, 893.0411134646935, 54.666666666666664, 0.0, 1.0, 0.0, 841.6959693801327
4.08, 2.6, 8.0, ag45c, 0, 6.282683886441426, 0.8450000000000001, 7.435128859693994, 30.883962540772995, 49.949096453206415, 0.5534276190151464, 2648.304205303691, 680.0, 747.8751608312788, 827.5950641574035, 54.666666666666664, 0.0, 1.05, 0.0, 846.8145787460387
4.08, 2.4, 8.0, ag45c, 0, 6.130987620018401, 0.72, 8.515260583358891, 35.7808604899764, 50.51220005048131, 0.569324345716727, 2704.3048735340176, 680.0, 769.3572239415229, 845.0952729793805, 54.666666666666664, 0.0, 1.05, 0.0, 860.4583739223161
4.08, 2.2, 11.0, ag45c, 0, 5.9085830263055135, 0.44000000000000006, 13.428597787057983, 68.5799922124017, 45.94368944546129, 0.5819215025705515, 2881.863113726916, 680.0, 786.3804088791237, 900.5822230396611, 54.666666666666664, 0.0, 0.0, 0.0, 0.0
4.08, 2.6, 9.0, ag45c, 0, 6.209748104446618, 0.7511111111111112, 8.267416115387508, 35.044848831875164, 50.37078177271898, 0.5694742366183688, 2694.316413597403, 680.0, 769.559779214012, 841.9738792491885, 54.666666666666664, 0.0, 1.05, 0.0, 859.4367804621202
4.08, 2.4, 9.0, ag45c, 0, 6.062661180651681, 0.64, 9.47290809476825, 42.17637864732955, 49.793568620708534, 0.5824148087768105, 2727.0499200387685, 680.0, 787.0470388875818, 852.2031000121152, 54.666666666666664, 0.0, 1.0, 0.0, 827.7500462998989
4.08, 2.4, 10.0, ag45c, 0, 6.036400405984789, 0.576, 10.479861815945815, 48.59904528898838, 48.93108373371196, 0.5942004709963027, 2781.802561181804, 680.0, 802.973609454463, 869.3133003693137, 54.666666666666664, 0.0, 1.0, 0.0, 838.7623032745921
4.08, 2.6, 10.0, ag45c, 0, 6.162880658769283, 0.676, 9.116687365043317, 41.07237855462679, 49.84355918718216, 0.5803970547973981, 2732.952002655668, 680.0, 784.3203443208083, 854.0475008298962, 54.666666666666664, 0.0, 1.0, 0.0, 827.455948383568
4.08, 2.4, 11.0, ag45c, 0, 6.021268373798344, 0.5236363636363636, 11.498950019406562, 55.26084268505367, 47.77407095539348, 0.560240887591354, 2839.3888056131723, 680.0, 757.0822805288568, 887.3090017541164, 54.666666666666664, 0.0, 1.0, 0.0, 829.4637607609909
4.08, 2.6, 11.0, ag45c, 0, 6.140886063057775, 0.6145454545454546, 9.992566078940165, 47.2632002568188, 48.92567189285894, 0.5897717508243955, 2764.2692407525988, 680.0, 796.9888524653993, 863.8341377351871, 54.666666666666664, 0.0, 1.0, 0.0, 834.9409967335288
4.59, 1.8, 8.0, ag45c, 0, 6.277314364566277, 0.405, 15.499541640904388, 103.36873279957406, 32.12844081731899, 0.5628427378610913, 2854.978408693788, 765.0, 760.5982944068802, 892.1807527168088, 54.666666666666664, 0.0, 0.0, 0.0, 0.0
4.59, 2.0, 8.0, ag45c, 0, 6.397588959769359, 0.5, 12.795177919538718, 75.97067403090206, 36.84837768474643, 0.551562370631831, 2811.1562306200885, 765.0, 745.3545549078797, 878.4863220687777, 54.666666666666664, 0.0, 0.0, 0.0, 0.0
4.59, 1.8, 9.0, ag45c, 0, 6.2609176229453745, 0.36000000000000004, 17.39143784151493, 125.52318238829291, 28.73606964509396, 0.5681753826727846, 2884.271505546807, 765.0, 767.8045711794385, 901.3348454833772, 54.666666666666664, 0.0, 0.0, 0.0, 0.0
4.59, 2.0, 9.0, ag45c, 0, 6.372382656924963, 0.4444444444444444, 14.337860978081169, 93.38791228922705, 34.176946838339376, 0.568572289238051, 2844.9082580856543, 765.0, 768.3409314027716, 889.033830651767, 54.666666666666664, 0.0, 0.0, 0.0, 0.0
4.59, 2.2, 8.0, ag45c, 0, 6.528385028901085, 0.6050000000000001, 10.79071905603485, 60.363828632263385, 39.05311279001572, 0.558081538986524, 2643.6261303551014, 765.0, 754.1642418736811, 826.1331657359692, 54.666666666666664, 0.0, 0.0, 0.0, 0.0
4.59, 2.0, 11.0, ag45c, 0, 6.365564259675397, 0.36363636363636365, 17.50530171410734, 136.14458449394303, 26.900087992266982, 0.5800816504308396, 2890.9314736462143, 765.0, 783.8941222038372, 903.416085514442, 54.666666666666664, 0.0, 0.0, 0.0, 0.0
4.59, 2.0, 10.0, ag45c, 0, 6.352805158650846, 0.4, 15.882012896627115, 111.94734374997692, 31.23038243361703, 0.5746228310810108, 2871.2647218354514, 765.0, 776.5173392986632, 897.2702255735785, 54.666666666666664, 0.0, 0.0, 0.0, 0.0
4.59, 2.2, 9.0, ag45c, 0, 6.492713358205064, 0.5377777777777779, 12.073227318976356, 74.07353493634322, 37.02538917418035, 0.5380352247217981, 2800.2335403265424, 765.0, 727.0746280024298, 875.0729813520444, 54.666666666666664, 0.0, 0.0, 0.0, 0.0
4.59, 1.8, 10.0, ag45c, 0, 6.255643647522656, 0.324, 19.307542121983506, 157.26918070510203, 24.014550980072123, 0.5781531272924253, 2905.555728720935, 765.0, 781.2880098546289, 907.9861652252922, 54.666666666666664, 0.0, 0.0, 0.0, 0.0
4.59, 1.8, 11.0, ag45c, 0, 6.270733681425183, 0.29454545454545455, 21.28952793076451, 199.25309199181686, 17.680494509911437, 0.5816298594783519, 2920.7536894647446, 765.0, 785.9862965923675, 912.7355279577328, 54.666666666666664, 0.0, 0.0, 0.0, 0.0
4.59, 2.2, 10.0, ag45c, 0, 6.465302641164577, 0.4840000000000001, 13.358063308191271, 86.37998558193503, 35.29503252138719, 0.565171214670952, 2831.284703977049, 765.0, 763.7448846904756, 884.7764699928277, 54.666666666666664, 0.0, 0.0, 0.0, 0.0
4.59, 2.4, 8.0, ag45c, 0, 6.680170777913138, 0.72, 9.278014969323802, 51.961092928288025, 39.705421404812974, 0.5450807052758018, 2679.147288311589, 765.0, 736.5955476700024, 837.2335275973716, 54.666666666666664, 0.0, 1.0, 0.0, 834.2763584224579
4.59, 2.4, 9.0, ag45c, 0, 6.622075917493785, 0.64, 10.346993621084039, 58.909703504447414, 39.2266637881487, 0.5588969892027885, 2723.250250091596, 765.0, 755.26620162539, 851.0157031536238, 54.666666666666664, 0.0, 1.0, 0.0, 845.0939682596711
4.59, 2.2, 11.0, ag45c, 0, 6.465439868410776, 0.44000000000000006, 14.694181519115398, 101.24408259120567, 32.7169237758981, 0.5700992345417345, 2854.7489666272463, 765.0, 770.404371002344, 892.1090520710145, 54.666666666666664, 0.0, 0.0, 0.0, 0.0
4.59, 2.4, 10.0, ag45c, 0, 6.5924046165111045, 0.576, 11.445146903665114, 70.02664209156802, 37.35599097268962, 0.5347998859601707, 2788.7251544498345, 765.0, 722.7025485948253, 871.4766107655732, 54.666666666666664, 0.0, 0.0, 0.0, 0.0
4.59, 2.6, 8.0, ag45c, 0, 6.833572307494057, 0.8450000000000001, 8.087067819519593, 44.36904407501419, 40.02603660917082, 0.5286536845516553, 2627.5220818501784, 765.0, 714.3968710157503, 821.1006505781808, 54.666666666666664, 0.0, 1.0, 0.0, 821.4991738646437
4.59, 2.6, 9.0, ag45c, 0, 6.760636525499249, 0.7511111111111112, 9.000847445191308, 50.89376674401298, 39.79143533924079, 0.5453592066690833, 2673.1784835694193, 765.0, 736.9719009041665, 835.3682761154436, 54.666666666666664, 0.0, 1.0, 0.0, 833.7800590065367
4.59, 2.4, 11.0, ag45c, 0, 6.570451531693081, 0.5236363636363636, 12.547737300108317, 81.75936651479532, 35.619017271577704, 0.5533738887407466, 2814.941392249884, 765.0, 747.8025523523602, 879.6691850780886, 54.666666666666664, 0.0, 0.0, 0.0, 0.0
4.59, 2.6, 10.0, ag45c, 0, 6.7211585535061245, 0.676, 9.942542238914385, 59.35653106712233, 38.6550557897938, 0.5547214902844028, 2711.156837559782, 765.0, 749.6236355194632, 847.2365117374319, 54.666666666666664, 0.0, 1.0, 0.0, 841.953382418965
4.59, 2.6, 11.0, ag45c, 0, 6.691774484110406, 0.6145454545454546, 10.888982148700363, 66.16337557579509, 37.76704461329951, 0.5331690056535479, 2772.6922115245457, 765.0, 720.4986562885782, 866.4663161014205, 54.666666666666664, 0.0, 0.0, 0.0, 0.0
5.1000000000000005, 1.8, 8.0, ag45c, 0, 6.82138173298733, 0.405, 16.842917859227974, 161.07935511292317, 17.12857228042687, 0.5462349546426073, 2819.701209753188, 850.0000000000001, 738.1553441116314, 881.1566280478712, 54.666666666666664, 0.0, 0.0, 0.0, 0.0
5.1000000000000005, 2.0, 8.0, ag45c, 0, 6.943361591348307, 0.5, 13.886723182696613, 115.45072964794375, 24.08390222369257, 0.5430626465037409, 2780.470497357759, 850.0000000000001, 733.8684412212715, 868.8970304242997, 54.666666666666664, 0.0, 0.0, 0.0, 0.0
5.1000000000000005, 2.2, 8.0, ag45c, 0, 7.075862923637928, 0.6050000000000001, 11.695641196095746, 90.85740719242845, 27.451563761964188, 0.4910304000179661, 2640.5062492349907, 850.0000000000001, 663.5545946188731, 825.1582028859345, 54.666666666666664, 0.0, 0.0, 0.0, 0.0
5.1000000000000005, 2.0, 9.0, ag45c, 0, 6.918155288503911, 0.4444444444444444, 15.5658493991338, 146.67611399222412, 19.20714488680335, 0.5528867640947821, 2813.449478800973, 850.0000000000001, 747.1442758037596, 879.202962125304, 54.666666666666664, 0.0, 0.0, 0.0, 0.0
5.1000000000000005, 1.8, 10.0, ag45c, 0, 6.81250048962792, 0.324, 21.02623607909852, 194.1563512501157, 13.026677979907287, 0.5647928754790174, 2866.6236072085403, 850.0000000000001, 763.2336155121856, 895.8198772526688, 54.666666666666664, 0.0, 0.0, 0.0, 0.0
5.1000000000000005, 1.8, 9.0, ag45c, 0, 6.804984991366428, 0.36000000000000004, 18.902736087128964, 193.01082775336664, 13.087665869047768, 0.5693282339259076, 2847.5095491735174, 850.0000000000001, 769.3624782782535, 889.8467341167241, 54.666666666666664, 0.0, 0.0, 0.0, 0.0
5.1000000000000005, 1.8, 11.0, ag45c, 0, 6.845495786688341, 0.29454545454545455, 23.24088075727523, 194.07835407009847, 12.762729661762743, 0.571752755827392, 2880.082383314259, 850.0000000000001, 772.6388592262056, 900.0257447857059, 54.666666666666664, 0.0, 0.0, 0.0, 0.0
5.1000000000000005, 2.0, 10.0, ag45c, 0, 6.9127883165455835, 0.4, 17.281970791363957, 184.80458657546166, 13.722162637653279, 0.5593327442761576, 2838.4181385364636, 850.0000000000001, 755.8550598326455, 887.0056682926448, 54.666666666666664, 0.0, 0.0, 0.0, 0.0
5.1000000000000005, 2.2, 9.0, ag45c, 0, 7.0401912529419075, 0.5377777777777779, 13.091264726544866, 110.24692592637733, 24.832334051095565, 0.5404373221636876, 2771.950681351269, 850.0000000000001, 730.3207056266048, 866.2345879222717, 54.666666666666664, 0.0, 0.0, 0.0, 0.0
5.1000000000000005, 2.0, 11.0, ag45c, 0, 6.928389522833292, 0.36363636363636365, 19.053071187791552, 188.26387317303812, 13.35551566099203, 0.554538973742987, 2856.5672928020604, 850.0000000000001, 749.376991544577, 892.6772790006439, 54.666666666666664, 0.0, 0.0, 0.0, 0.0
5.1000000000000005, 2.2, 10.0, ag45c, 0, 7.019033167480368, 0.4840000000000001, 14.502134643554475, 132.99307978812917, 21.4829602189489, 0.5439536303110887, 2802.7623394620914, 850.0000000000001, 735.0724733933631, 875.8632310819035, 54.666666666666664, 0.0, 0.0, 0.0, 0.0
5.1000000000000005, 2.4, 8.0, ag45c, 0, 7.222532883176297, 0.72, 10.03129567107819, 72.88985805609089, 29.81927059496889, 0.5214683195172526, 2655.2030854093023, 850.0000000000001, 704.6869182665575, 829.750964190407, 54.666666666666664, 0.0, 0.0, 0.0, 0.0
5.1000000000000005, 2.4, 9.0, ag45c, 0, 7.171259075388523, 0.64, 11.205092305294567, 88.65556183455094, 27.640957369145823, 0.51172059364046, 2724.64177702828, 850.0000000000001, 691.5143157303513, 851.4505553213376, 54.666666666666664, 0.0, 0.0, 0.0, 0.0
5.1000000000000005, 2.6, 8.0, ag45c, 0, 7.384460728546689, 0.8450000000000001, 8.739006779345193, 62.16235200815817, 30.82150901729533, 0.5048608247231828, 2605.4624777513995, 850.0000000000001, 682.2443577340308, 814.2070242973123, 54.666666666666664, 0.0, 0.0, 0.0, 0.0
5.1000000000000005, 2.2, 11.0, ag45c, 0, 7.0316756578844615, 0.44000000000000006, 15.981081040646501, 166.22990500428125, 16.271649969321864, 0.5529191898546045, 2825.0826375800843, 850.0000000000001, 747.1880943981142, 882.8383242437762, 54.666666666666664, 0.0, 0.0, 0.0, 0.0
5.1000000000000005, 2.6, 9.0, ag45c, 0, 7.311524946551882, 0.7511111111111112, 9.734278774995108, 73.17124088138925, 29.651162540786526, 0.5221705715763604, 2650.9481416618123, 850.0000000000001, 705.6359075356222, 828.4212942693163, 54.666666666666664, 0.0, 0.0, 0.0, 0.0
5.1000000000000005, 2.4, 10.0, ag45c, 0, 7.141587774405842, 0.576, 12.398589886121254, 105.1465563488321, 25.339028246714435, 0.5401300852359897, 2763.3237728937584, 850.0000000000001, 729.9055205891752, 863.5386790292995, 54.666666666666664, 0.0, 0.0, 0.0, 0.0
5.1000000000000005, 2.6, 10.0, ag45c, 0, 7.272046974558757, 0.676, 10.757465938696384, 86.39330062057174, 27.727998640160695, 0.5309337569076119, 2720.9080586649834, 850.0000000000001, 717.4780498751513, 850.2837683328074, 54.666666666666664, 0.0, 0.0, 0.0, 0.0
5.1000000000000005, 2.4, 11.0, ag45c, 0, 7.1503294264299235, 0.5236363636363636, 13.655143001862703, 128.66160436802193, 21.478627293181752, 0.5435279909189534, 2788.5198365820147, 850.0000000000001, 734.4972850256127, 871.4124489318797, 54.666666666666664, 0.0, 0.0, 0.0, 0.0
5.1000000000000005, 2.6, 11.0, ag45c, 0, 7.2648313262156705, 0.6145454545454546, 11.821471092954493, 101.92235855957607, 25.20065919633854, 0.5280890729599129, 2749.9088958044554, 850.0000000000001, 713.6338823782606, 859.3465299388923, 54.666666666666664, 0.0, 0.0, 0.0, 0.0
3.57,1.8,8, ag45c,1,5.41256910140838,0.405,13.3643681516256,31.6127053581829,60.6189845175804,0.573793728712482,2913.04287533048,595,775.396930692543,910.325898540775,54.6666666666667,0,1.05,0,855.652990231661
3.57,2,9, ag45c,1,5.51767949903023,0.444444444444444,12.414778872818,30.6910139571308,60.313990716166,0.623848648428093,2896.7179835071,595,843.038714092017,905.224369845968,54.6666666666667,0,1.05,0,877.542079378295
3.57,1.8,9, ag45c,1,5.38594078084011,0.36,14.9609466134448,37.9254406925781,59.7855247045282,0.59741489635137,2943.67821901769,595,807.317427501852,919.899443443029,54.6666666666667,0,1.05,0,870.175904830708
3.57,1.8,10, ag45c,1,5.37299312120687,0.324,16.5833121024903,44.5830252785233,58.3994926691537,0.596629992777503,2967.29576191563,595,806.256746996625,927.279925598636,54.6666666666667,0,1,0,830.845557531754
3.57,2,8, ag45c,1,5.55425422292725,0.5,11.1085084458545,26.7187275462192,60.6290430873629,0.557884297441893,2832.70934233072,595,753.897699245801,885.221669478351,54.6666666666667,0,1.05,0,839.341779053453
3.57,1.8,11, ag45c,1,5.37529368142518,0.294545454545455,18.2494538566904,51.4799084726193,56.7657565532085,0.605199088942717,2985.1646135859,595,817.836606679347,932.863941745594,54.6666666666667,0,1,0,836.566849474981
3.57,2.2,8, ag45c,1,5.70646081837477,0.605,9.43216664194176,22.2964527323674,60.1836348771089,0.607460148178974,2776.12726058984,595,820.892092133749,867.539768934324,54.6666666666667,0,1.05,0,856.601151373826
3.57,2,10, ag45c,1,5.49810200075611,0.4,13.7452550018903,34.773100137987,60.0029694872274,0.593203666860431,2924.16833647127,595,801.62657683842,913.802605147272,54.6666666666667,0,1.05,0,866.050213694992
3.57,2,11, ag45c,1,5.49665057546487,0.363636363636364,15.1157890825284,40.9659005504711,58.5987596624554,0.59731884065714,2945.71791101678,595,807.187622509649,920.536847192745,54.6666666666667,0,1,0,828.908156567465
3.57,2.2,9, ag45c,1,5.65828388452085,0.537777777777778,10.5216022646049,24.2931677460471,60.8560409267455,0.621556345680051,2817.55380726363,595,839.941007675745,880.485564769885,54.6666666666667,0,1.05,0,867.79930035597
3.57,2.2,10, ag45c,1,5.63399948326984,0.484,11.6404948001443,27.9450908233183,60.4190296322611,0.592871414652704,2878.12347844369,595,801.177587368519,899.413587013654,54.6666666666667,0,1.05,0,860.856911033761
3.57,2.2,11, ag45c,1,5.62475776314762,0.44,12.78354037079,33.5770114621944,59.038394355843,0.580845859930581,2902.74637232274,595,784.926837744029,907.108241350856,54.6666666666667,0,1.05,0,857.86227768321
3.57,2.4,8, ag45c,1,5.87965709370261,0.72,8.1661904079203,18.2904316160866,59.1586643183373,1120118669454.1,2716.86962074902,595,0,849.021756484069,54.6666666666667,0,1.05,0,0
3.57,2.4,9, ag45c,1,5.81815170696747,0.64,9.09086204213667,21.6298753724748,59.5533720515235,0.606021829089928,2724.05267977543,595,818.948417689092,851.266462429823,54.6666666666667,0,1.05,0,850.22520804162
3.57,2.4,10, ag45c,1,5.78165935335321,0.576,10.037603044016,25.0996416011242,59.4584334911641,0.617509944284903,2800.04767251966,595,834.472897682301,875.014897662394,54.6666666666667,0,1.05,0,863.970728370643
3.57,2.6,8, ag45c,1,6.05446914959932,0.845,7.16505224804653,16.0631032393953,57.4794791408176,0.570980356719554,2663.76550794421,595,771.595076648046,832.426721232566,54.6666666666667,0,1.05,0,827.057629258214
3.57,2.4,11, ag45c,1,5.75970626853519,0.523636363636364,10.9994390544943,26.996887140443,59.518003754037,0.55699283939163,2832.6112479036,595,752.693026204906,885.191014969875,54.6666666666667,0,1.05,0,838.909414411173
3.57,2.6,9, ag45c,1,5.97783863076241,0.751111111111111,7.95866089894403,17.8124084472148,58.6238352308927,3861652768545.29,2708.53558342158,595,5218449687223364,846.417369819243,54.6666666666667,0,1.05,0,
3.57,2.6,10, ag45c,1,5.93097118508507,0.676,8.77362601343945,20.9770167303511,58.7269984413078,0.603466759570202,2749.61035014973,595,815.495621040813,859.253234421791,54.6666666666667,0,1.05,0,851.812099411911
3.57,2.6,11, ag45c,1,5.90158711568935,0.614545454545455,9.60317430067794,24.2926336966069,58.454851996494,0.611692132921837,2781.63021551937,595,826.610990434915,869.259442349804,54.6666666666667,0,1.05,0,859.204651474652
4.08,1.8,8, ag45c,1,5.94896278561891,0.405,14.6887970015282,46.2252050494749,47.9159194768837,0.581625270176219,2882.10942256967,680,785.980094832728,900.659194553021,54.6666666666667,0,1,0,843.54642979525
4.08,1.8,9, ag45c,1,5.93000814926116,0.36,16.4722448590588,52.983420631501,46.8106226772133,0.591995051892334,2912.27782686541,680,799.993313368019,910.08682089544,54.6666666666667,0,1,0,851.360044754486
4.08,1.8,10, ag45c,1,5.92473417383845,0.324,18.2862165859211,64.5166608451298,44.3325828378734,0.584830598447009,2934.72380686095,680,790.311619522985,917.101189644046,54.6666666666667,0,0,0,0
4.08,1.8,11, ag45c,1,5.93982420774097,0.294545454545455,20.1660698410959,76.5119612459694,41.9741981731656,0.589471879466101,2950.78867652217,680,796.583620900136,922.121461413179,54.6666666666667,0,0,0,0
4.08,2,8, ag45c,1,6.10571106503252,0.5,12.211422130065,36.5979727723876,49.0565436891833,0.565337096610976,2834.35696639827,680,763.969049474291,885.73655199946,54.6666666666667,0,1.05,0,872.796960515813
4.08,2,9, ag45c,1,6.06345213060917,0.444444444444444,13.6427672938706,42.8509902267301,48.601790640707,0.577893553710129,2869.21376122185,680,780.937234743417,896.629300381828,54.6666666666667,0,1,0,840.522178375082
4.08,2,10, ag45c,1,6.05240094812453,0.4,15.1310023703113,49.1841961907739,47.4711077159168,0.576504987992606,2896.03494202743,680,779.060794584602,905.010919383571,54.6666666666667,0,1,0,842.690571322724
4.08,2,11, ag45c,1,6.05663373335961,0.363636363636364,16.6557427667389,57.8377864120734,45.4995417719902,0.589717276225982,2916.7165799534,680,796.915238143218,911.473931235437,54.6666666666667,0,1,0,850.796389792885
4.08,2.2,8, ag45c,1,6.26019134469056,0.605,10.3474237102323,29.9056357579771,50.1054759855501,0.582432442212348,2752.40340687029,680,787.070867854524,860.126064646966,54.6666666666667,0,1.05,0,871.918926375521
4.08,2.2,9, ag45c,1,6.2057617792577,0.537777777777778,11.5396396721734,33.8677904622589,50.1421987275377,0.532657248234037,2823.02228186917,680,719.807092208158,882.194463084115,54.6666666666667,0,1.05,0,856.100544352296
4.08,2.2,10, ag45c,1,6.18773000958563,0.484,12.7845661355075,39.5798031847667,49.2416801102685,0.564325959270414,2853.26380012167,680,762.602647662722,891.644937538022,54.6666666666667,0,1.05,0,874.38665482026
4.08,2.2,11, ag45c,1,6.17848828946341,0.44,14.0420188396896,45.5697040098609,48.2001404053494,0.580667812184968,2877.34094752628,680,784.68623268239,899.169046101963,54.6666666666667,0,1,0,842.618426261451
4.08,2.4,8, ag45c,1,6.42542972528156,0.72,8.92420795177994,25.4474549912111,49.8186543198565,2295896271041.32,2697.23465813683,680,0,842.885830667759,54.6666666666667,0,1.05,0,0
4.08,2.4,9, ag45c,1,6.36051381223063,0.64,9.93830283161035,29.1187202668331,50.0679699745181,0.582227180727273,2725.36425360886,680,786.793487469288,851.67632925277,54.6666666666667,0,1.05,0,868.86443585272
4.08,2.4,10, ag45c,1,6.33084251124795,0.576,10.9910460264721,34.4631521307827,49.2756130105526,0.533626583629717,2794.81443146616,680,721.117004905023,873.379509833176,54.6666666666667,0,1.05,0,853.47378015837
4.08,2.4,11, ag45c,1,6.3157104790615,0.523636363636364,12.0612526509855,38.2553498598729,48.6105307489028,0.576042580964308,2835.38988666207,680,778.435920222038,886.059339581897,54.6666666666667,0,1.05,0,877.973340931377
4.08,2.6,8, ag45c,1,6.60166283380985,0.845,7.8126187382365,21.4152524998749,49.1449539644963,0.550290165496568,2643.94978618622,680,743.635358779146,826.234308183194,54.6666666666667,0,1.05,0,844.854383436819
4.08,2.6,9, ag45c,1,6.53981126234135,0.751111111111111,8.70684931376808,26.1675278016771,49.0077502198311,0.566613294843148,2690.13589382177,680,765.69364167993,840.667466819303,54.6666666666667,0,1.05,0,857.626387974732
4.08,2.6,10, ag45c,1,6.4818596061377,0.676,9.58854971322145,28.2030767305758,49.575263725126,0.580021913437639,2728.80043769116,680,783.81339653735,852.750136778488,54.6666666666667,0,1.05,0,868.197236660543
4.08,2.6,11, ag45c,1,6.4598650104262,0.614545454545455,10.5116146619361,33.3100182726144,48.6581212980979,0.58815176067476,2760.20614234865,680,794.799676587513,862.564419483953,54.6666666666667,0,1.05,0,875.477433625013
4.59,1.8,8, ag45c,1,6.49814594351365,0.405,16.0448047987991,64.1447262773381,36.6498855455585,0.568602787106431,2848.38297470547,765,768.38214473842,890.11967959546,54.6666666666667,0,0,0,0
4.59,1.8,9, ag45c,1,6.48174920189274,0.36,18.0048588941465,78.0652444496133,34.467264318155,0.570999733201642,2877.36708425824,765,771.6212610833,899.177213830699,54.6666666666667,0,0,0,0
4.59,1.8,10, ag45c,1,6.48159101594371,0.324,20.0049105430361,92.6487076803148,31.945315495205,0.580835680603305,2898.08359289773,765,784.913081896359,905.65112278054,54.6666666666667,0,0,0,0
4.59,1.8,11, ag45c,1,6.5069126287936,0.294545454545455,22.0913700360277,112.571189575549,28.282720873347,0.577194551866245,2912.70639380868,765,779.992637657087,910.220748065212,54.6666666666667,0,0,0,0
4.59,2,8, ag45c,1,6.64295738082199,0.5,13.285914761644,51.5313937677229,38.8860949906417,0.556543527905332,2805.17039493106,765,752.085848520718,876.615748415956,54.6666666666667,0,1,0,852.567198978892
4.59,2,9, ag45c,1,6.61775107797759,0.444444444444444,14.8899399254496,60.0989164279677,37.6534255058491,0.55688744612953,2838.99277828093,765,752.550602877743,887.185243212789,54.6666666666667,0,0,0,0
4.59,2,10, ag45c,1,6.60385779022979,0.4,16.5096444755745,71.1874044899969,35.6719206445543,0.573977742975037,2865.04773705461,765,775.645598614915,895.327417829564,54.6666666666667,0,0,0,0
4.59,2,11, ag45c,1,6.6194589965175,0.363636363636364,18.2035122404231,84.7224743555899,32.8858899340314,0.575142947697142,2884.27312242543,765,777.220199590733,901.335350757948,54.6666666666667,0,0,0,0
4.59,2.2,8, ag45c,1,6.79829029205898,0.605,11.2368434579487,42.0979516133307,40.0188820648135,0.531873172436335,2645.26759307284,765,718.747530319372,826.646122835264,54.6666666666667,0,1,0,824.797884384879
4.59,2.2,9, ag45c,1,6.76261862136296,0.537777777777778,12.5751172711295,48.101237009984,39.5072877579286,0.553261688878565,2795.76865919975,765,747.65093091698,873.677705999923,54.6666666666667,0,1,0,850.109545638968
4.59,2.2,10, ag45c,1,6.74146053590142,0.484,13.9286374708707,56.2146759081213,38.2098866642295,0.561547017307907,2825.8159375295,765,758.847320686361,883.06748047797,54.6666666666667,0,1,0,856.97160038811
4.59,2.2,11, ag45c,1,6.74472407893709,0.44,15.3289183612207,66.5436614763529,36.1660360108467,0.56657484607473,2849.14323355231,765,765.64168388477,890.357260485098,54.6666666666667,0,0,0,0
4.59,2.4,8, ag45c,1,6.96438130422893,0.72,9.67275181142907,35.274884538628,40.9404632979954,0.545113516466117,2674.32586102146,765,736.639887116375,835.726831569206,54.6666666666667,0,1.05,0,875.478351539953
4.59,2.4,9, ag45c,1,6.91651802275694,0.64,10.8070594105577,40.8345430751315,40.45076276542,0.555446185872327,2725.39764965461,765,750.602953881523,851.686765517064,54.6666666666667,0,1,0,843.763239799529
4.59,2.4,10, ag45c,1,6.88684672177426,0.576,11.9563311141914,46.5714558748038,39.4908659030912,0.529871247859197,2783.93420310509,765,716.042226836752,869.979438470341,54.6666666666667,0,1,0,838.340555102364
4.59,2.4,11, ag45c,1,6.88535679485098,0.523636363636364,13.1491188790557,54.1652167880703,37.9279978126809,0.552912552207566,2809.93179712969,765,747.179124604819,878.103686603027,54.6666666666667,0,1,0,851.427603735949
4.59,2.6,8, ag45c,1,7.15255125486248,0.845,8.4645576980621,30.4935919114982,40.6589343106643,0.526962422126696,2622.55742124886,765,712.111381252292,819.549194140268,54.6666666666667,0,1.05,0,861.231201387396
4.59,2.6,9, ag45c,1,7.07961547286767,0.751111111111111,9.42552355855163,34.2520613316597,40.8954933329214,0.545476981200768,2668.61367021773,765,737.131055676714,833.941771943042,54.6666666666667,0,1.05,0,875.025489666914
4.59,2.6,10, ag45c,1,7.04013750087455,0.676,10.4144045870925,39.5508153109286,40.2782656385146,0.554386939363399,2709.1332900538,765,749.171539680269,846.604153141812,54.6666666666667,0,1.05,0,883.671492487728
4.59,2.6,11, ag45c,1,7.03292185253146,0.614545454545455,11.4441036061902,46.5840806182855,38.9793611901004,0.54389355826742,2769.15286570976,765,734.991294955973,865.360270534299,54.6666666666667,0,1,0,843.117188496757
5.1,1.8,8, ag45c,1,7.04477120667154,0.405,17.3944968065964,93.7870508606449,25.5188075706825,0.549609888405436,2811.85921310555,850,742.716065412752,878.706004095485,54.6666666666667,0,0,0,0
5.1,1.8,9, ag45c,1,7.0258165703138,0.36,19.5161571397605,115.779704072569,22.5776770390442,0.559871820841803,2839.54090599695,850,756.583541678113,887.356533124047,54.6666666666667,0,0,0,0
5.1,1.8,10, ag45c,1,7.03333206857529,0.324,21.7078150264669,143.608683196615,18.4495427854185,0.560976701044863,2858.03306092276,850,758.076623033599,893.135331538363,54.6666666666667,0,0,0,0
5.1,1.8,11, ag45c,1,7.07400104984624,0.294545454545455,24.0166702309594,182.637481673709,12.6908532058451,0.570976910291861,2872.76419880117,850,771.590419313325,897.738812125364,54.6666666666667,0,0,0,0
5.1,2,8, ag45c,1,7.19725632819041,0.5,14.3945126563808,73.0346954498831,28.9721959685095,0.542178602749393,2772.76004657324,850,732.67378749918,866.487514554137,54.6666666666667,0,0,0,0
5.1,2,9, ag45c,1,7.16352370955654,0.444444444444444,16.1179283465022,86.6080555350233,27.0348274906611,0.551483343126975,2806.56905456917,850,745.247760982399,877.052829552864,54.6666666666667,0,0,0,0
5.1,2,10, ag45c,1,7.15815673759821,0.4,17.8953918439955,104.976595190923,24.2417688772373,0.5561568903044,2831.19772514998,850,751.563365276217,884.749289109368,54.6666666666667,0,0,0,0
5.1,2,11, ag45c,1,7.1822842596754,0.363636363636364,19.7512817141073,128.505998630058,20.3756243997859,0.566590782676816,2848.70748134418,850,765.663219833535,890.221087920057,54.6666666666667,0,0,0,0
5.1,2.2,8, ag45c,1,7.35514713416424,0.605,12.1572679903541,58.5365801249042,31.053566644568,0.484626231278774,2644.24046353957,850,654.900312538883,826.325144856116,54.6666666666667,0,1,0,831.741819131666
5.1,2.2,9, ag45c,1,7.3100965160998,0.537777777777778,13.593154678698,68.9844825415249,29.8236168068734,0.543814433798045,2765.62611976598,850,734.884369997358,864.258162426869,54.6666666666667,0,0,0,0
5.1,2.2,10, ag45c,1,7.29831737800668,0.484,15.0791681363774,81.5994359846811,27.7363690816911,0.548354587474311,2796.21047055381,850,741.019712803123,873.815772048067,54.6666666666667,0,0,0,0
5.1,2.4,8, ag45c,1,7.52379604107103,0.72,10.4497167237098,48.9853651605731,32.0209752698759,0.520673697057997,2651.85534590033,850,703.613104132429,828.704795593854,54.6666666666667,0,1,0,848.772633242094
5.1,2.2,11, ag45c,1,7.31095986841078,0.44,16.6158178827518,98.7945930608098,24.6529310189507,0.555150090985085,2818.34326721829,850,750.20282565552,880.732271005717,54.6666666666667,0,0,0,0
5.1,2.4,9, ag45c,1,7.47252223328326,0.64,11.6758159895051,56.8047859269104,31.2597160548118,0.511597062383031,2725.05359066849,850,691.347381598691,851.579247083905,54.6666666666667,0,1,0,852.308876227532
5.1,2.4,10, ag45c,1,7.44626145861637,0.576,12.9275372545423,66.6244546471577,29.8702072928715,0.53752225856202,2757.52125401554,850,726.381430489216,861.725391879856,54.6666666666667,0,0,0,0
5.1,2.6,8, ag45c,1,7.70343967591511,0.845,9.1164966578877,41.8887113623193,32.9258236679596,0.511018722322913,2599.92408460217,850,690.565840976909,812.47627643818,54.6666666666667,0,1,0,839.014039138363
5.1,2.4,11, ag45c,1,7.45159258432466,0.523636363636364,14.2304719492311,78.4851275097366,27.7217751183055,0.541698143628838,2782.71844000655,850,732.024518417349,869.599512502045,54.6666666666667,0,0,0,0
5.1,2.6,9, ag45c,1,7.63789336760451,0.751111111111111,10.1687929450356,49.1931444919465,32.1951515915285,0.523741844556078,2647.96800961649,850,707.759249400105,827.490003005152,54.6666666666667,0,1,0,849.749750801752
5.1,2.6,10, ag45c,1,7.61319434297981,0.676,11.2621218091417,56.5115126784102,31.1228882613575,0.497953650624437,2716.18445198165,850,672.910338681671,848.807641244264,54.6666666666667,0,1,0,845.239326641979
5.1,2.6,11, ag45c,1,7.60351553674199,0.614545454545455,12.3725844532784,67.647946768052,29.2578938912215,0.516512443887792,2744.55144442614,850,697.989789037556,857.67232638317,54.6666666666667,0,0,0,0
3.57, 1.8, 8.0, ag45c, 2, 5.554674364566277, 0.405, 13.71524534460809, 28.662608769040254, 59.06410692085013, 0.5819578506101786, 2909.313705653135, 595.0, 786.4295278515926, 909.1605330166047, 54.666666666666664, 0.0, 1.05, 0.0, 859.106521303869
3.57, 2.0, 10.0, ag45c, 2, 5.664523053387688, 0.4, 14.16130763346922, 31.47842398807753, 58.256108114172854, 0.5872016603318091, 2921.096566284042, 595.0, 793.5157572051475, 912.8426769637632, 54.666666666666664, 0.0, 1.05, 0.0, 862.8754519591188
3.57, 2.0, 9.0, ag45c, 2, 5.684100551661805, 0.4444444444444444, 12.789226241239062, 27.658409654000792, 58.59254851606415, 0.5781991164463441, 2893.6370585241984, 595.0, 781.3501573599245, 904.261580788812, 54.666666666666664, 0.0, 1.05, 0.0, 855.6141083520579
3.57, 1.8, 9.0, ag45c, 2, 5.535719728208532, 0.36000000000000004, 15.376999245023699, 32.620584503304705, 58.62524963415751, 0.5929925882856892, 2940.195227550656, 595.0, 801.3413355212016, 918.81100860958, 54.666666666666664, 0.0, 1.05, 0.0, 867.7033204457734
3.57, 2.0, 11.0, ag45c, 2, 5.663071628096449, 0.36363636363636365, 15.573446977265235, 35.354401254909455, 57.38426307646507, 0.5900507817390805, 2942.628198872842, 595.0, 797.3659212690278, 919.5713121477631, 54.666666666666664, 0.0, 1.05, 0.0, 866.5780316958769
3.57, 1.8, 10.0, ag45c, 2, 5.517656279101604, 0.324, 17.029803330560505, 38.82085557420303, 57.3200903640154, 0.5935728461262106, 2963.8778429761696, 595.0, 802.1254677381224, 926.211825930053, 54.666666666666664, 0.0, 1.05, 0.0, 870.5680527838613
3.57, 2.0, 8.0, ag45c, 2, 5.720675275558833, 0.5, 11.441350551117665, 22.353410366499784, 59.3056948510198, 0.5490432015850119, 2832.250383224097, 595.0, 741.9502724121782, 885.0782447575302, 54.666666666666664, 0.0, 1.05, 0.0, 835.1099810093979
3.57, 1.8, 11.0, ag45c, 2, 5.525072628793604, 0.29454545454545455, 18.75796262862026, 45.1864239164393, 55.683999483571235, 0.6020328878103147, 2981.4082606193474, 595.0, 813.5579565004253, 931.6900814435461, 54.666666666666664, 0.0, 1.0, 0.0, 834.7493459813238
3.57, 2.2, 8.0, ag45c, 2, 5.889523976269506, 0.6050000000000001, 9.734750373999182, 19.79126266570982, 58.27553543504302, 0.604362594711738, 2773.1990556168007, 595.0, 816.7062090699162, 866.6247048802502, 54.666666666666664, 0.0, 1.05, 0.0, 854.8158198825581
3.57, 2.2, 11.0, ag45c, 2, 5.798441973673935, 0.44000000000000006, 13.178277212895305, 28.589581050313253, 57.91410292202646, 0.566137787867523, 2900.254050803541, 595.0, 765.0510646858419, 906.3293908761065, 54.666666666666664, 0.0, 1.05, 0.0, 850.633159446682
3.57, 2.2, 9.0, ag45c, 2, 5.84134704241559, 0.5377777777777779, 10.862008963169483, 21.62660597028652, 58.88752741598393, 0.6192446596851615, 2814.600461355012, 595.0, 836.8171076826508, 879.5626441734414, 54.666666666666664, 0.0, 1.05, 0.0, 866.3829131496323
3.57, 2.4, 8.0, ag45c, 2, 6.069130777913138, 0.72, 8.429348302657136, 16.098740849311756, 57.344968586263995, 2752917357751.1055, 2714.2079271798266, 595.0, 3720158591555548.0, 848.1899772436958, 54.666666666666664, 0.0, 1.05, 0.0,0
3.57, 2.4, 10.0, ag45c, 2, 5.9813646165111045, 0.576, 10.384313570331779, 22.318794217137174, 57.46406433862449, 0.613959252685366, 2797.4033077634654, 595.0, 829.6746657910351, 874.1885336760829, 54.666666666666664, 0.0, 1.05, 0.0, 862.0021198134913
3.57, 2.4, 9.0, ag45c, 2, 6.007625391177996, 0.64, 9.386914673715617, 19.16953478118814, 57.70389277793529, 0.6015781195177211, 2726.8922232401296, 595.0, 812.9434047536772, 852.1538197625405, 54.666666666666664, 0.0, 1.05, 0.0, 848.4340285806761
3.57, 2.2, 10.0, ag45c, 2, 5.813936325375104, 0.4840000000000001, 12.012265135072527, 25.035401880662643, 58.46721164934535, 0.6112977815336378, 2875.572220799175, 595.0, 826.0780831535646, 898.616318999742, 54.666666666666664, 0.0, 1.05, 0.0, 869.2930407536575
3.57, 2.4, 11.0, ag45c, 2, 5.956001005377291, 0.5236363636363636, 11.374307475546912, 24.088477692553898, 57.539526969145, 0.5733331404994767, 2855.4347672074846, 595.0, 774.774514188482, 892.323364752339, 54.666666666666664, 0.0, 1.05, 0.0, 849.1342576292874
3.57, 2.6, 8.0, ag45c, 2, 6.267121781178267, 0.8450000000000001, 7.416712167074872, 14.001935662576788, 56.03539465806991, 0.5689525099761722, 2661.09283431465, 595.0, 768.8547432110436, 831.5915107233283, 54.666666666666664, 0.0, 1.05, 0.0, 825.8061888770302
3.57, 2.6, 9.0, ag45c, 2, 6.183101788657144, 0.7511111111111112, 8.231940251170753, 16.898426864868085, 56.74246522054972, 0.5861514390623038, 2707.968677101877, 595.0, 792.0965392733835, 846.2402115943365, 54.666666666666664, 0.0, 1.05, 0.0, 839.067862803702
3.57, 2.6, 10.0, ag45c, 2, 6.147318553506124, 0.676, 9.093666499269414, 18.464783207764576, 57.19321886208763, 0.5990022143541551, 2747.060598328431, 595.0, 809.4624518299395, 858.4564369776346, 54.666666666666664, 0.0, 1.05, 0.0, 849.421611082651
3.57, 2.6, 11.0, ag45c, 2, 6.125323957794617, 0.6145454545454546, 9.967243126588873, 21.471695753730145, 56.874458217983246, 0.6095653149585564, 2778.8465381386013, 595.0, 823.7369121061572, 868.3895431683129, 54.666666666666664, 0.0, 1.05, 0.0, 857.8942593460646
4.08, 1.8, 8.0, ag45c, 2, 6.1038575224610145, 0.405, 15.071253141879048, 38.74631846651453, 47.5040476371435, 0.5805375514915978, 2877.8983443801812, 680.0, 784.5102047183755, 899.3432326188066, 54.666666666666664, 0.0, 1.05, 0.0, 884.7487030680138
4.08, 1.8, 10.0, ag45c, 2, 6.074513121206867, 0.324, 18.748497287675516, 55.64136236466499, 43.731698432924574, 0.583781354113751, 2930.3097517425485, 680.0, 788.8937217753393, 915.7217974195463, 54.666666666666664, 0.0, 1.0, 0.0, 849.5385063982951
4.08, 1.8, 9.0, ag45c, 2, 6.079787096629586, 0.36000000000000004, 16.888297490637736, 46.98867773384759, 45.98496540668591, 0.5778484517207456, 2908.1332194918173, 680.0, 780.8762861091158, 908.7916310911928, 54.666666666666664, 0.0, 1.0, 0.0, 844.5559724001029
4.08, 1.8, 11.0, ag45c, 2, 6.089603155109393, 0.29454545454545455, 20.674578613025716, 64.53510875903754, 42.002935565693086, 0.5838297110774, 2946.1932329051615, 680.0, 788.9590690235135, 920.685385282863, 54.666666666666664, 0.0, 0.0, 0.0, 0.0
4.08, 2.0, 8.0, ag45c, 2, 6.263605801874622, 0.5, 12.527211603749244, 31.76537299981596, 48.761237235364455, 0.5792048609000651, 2830.890226321509, 680.0, 782.7092714865745, 884.6531957254716, 54.666666666666664, 0.0, 1.05, 0.0, 878.976863524216
4.08, 2.0, 9.0, ag45c, 2, 6.229873183240753, 0.4444444444444444, 14.017214662291694, 37.45978341399762, 48.17630757373587, 0.5793257302183035, 2865.565330007052, 680.0, 782.8726084031127, 895.4891656272038, 54.666666666666664, 0.0, 1.05, 0.0, 882.8266209106108
4.08, 2.0, 10.0, ag45c, 2, 6.218822000756109, 0.4, 15.547055001890273, 43.33736216398411, 47.076284824170706, 0.5881881140606383, 2892.386152497867, 680.0, 794.8488027846464, 903.8706726555835, 54.666666666666664, 0.0, 1.0, 0.0, 847.5731584800766
4.08, 2.2, 8.0, ag45c, 2, 6.433875555216874, 0.6050000000000001, 10.634505049945245, 25.573066307269638, 49.11330995690487, 0.5796665703718585, 2749.1685150125836, 680.0, 783.3332032052142, 859.1151609414324, 54.666666666666664, 0.0, 1.05, 0.0, 870.2569274513264
4.08, 2.2, 9.0, ag45c, 2, 6.3982038845208535, 0.5377777777777779, 11.89748656212555, 30.656528066251177, 48.46530740868443, 0.5442376612382129, 2819.644727560964, 680.0, 735.456298970558, 881.1389773628013, 54.666666666666664, 0.0, 1.05, 0.0, 861.2083467166757
4.08, 2.2, 10.0, ag45c, 2, 6.370793167480366, 0.4840000000000001, 13.162795800579266, 36.089180197106906, 47.844479188015036, 0.5578753710395001, 2849.8938450532137, 680.0, 753.885636539865, 890.5918265791292, 54.666666666666664, 0.0, 1.05, 0.0, 870.967112091648
4.08, 2.0, 11.0, ag45c, 2, 6.223054785991186, 0.36363636363636365, 17.11340066147576, 51.42395727491184, 45.2016910995491, 0.5941078682511227, 2912.871513586222, 680.0, 802.8484706096252, 910.2723479956944, 54.666666666666664, 0.0, 1.0, 0.0, 852.3736062017731
4.08, 2.2, 11.0, ag45c, 2, 6.361551447358145, 0.44000000000000006, 14.458071471268509, 41.72953346640992, 46.772095055388974, 0.5814394977985016, 2874.070486261284, 680.0, 785.7290510790561, 898.1470269566512, 54.666666666666664, 0.0, 1.0, 0.0, 842.6253593452358
4.08, 2.4, 8.0, ag45c, 2, 6.625134988439454, 0.72, 9.201576372832575, 22.810013169115944, 48.27157091033832, 0.56412534789079, 2694.075701839062, 680.0, 762.3315512037703, 841.8986568247069, 54.666666666666664, 0.0, 1.05, 0.0, 856.880572809967
4.08, 2.4, 9.0, ag45c, 2, 6.567040128020102, 0.64, 10.26100020003141, 26.167338624952936, 48.3854066870944, 0.57821168565756, 2725.4500684887316, 680.0, 781.3671427804865, 851.7031464027286, 54.666666666666664, 0.0, 1.05, 0.0, 866.9746012141253
4.08, 2.4, 10.0, ag45c, 2, 6.530547774405841, 0.576, 11.33775655278792, 29.60303956483857, 48.1603862151418, 0.528200978616302, 2805.2208028915047, 680.0, 713.7851062382459, 876.6315009035953, 54.666666666666664, 0.0, 1.05, 0.0, 852.0458124996444
4.08, 2.4, 11.0, ag45c, 2, 6.515415742219396, 0.5236363636363636, 12.442634229932876, 34.73999145475534, 47.18997670113729, 0.5825837792080523, 2832.433991010939, 680.0, 787.2753773081788, 885.1356221909184, 54.666666666666664, 0.0, 1.05, 0.0, 880.743849824684
4.08, 2.6, 8.0, ag45c, 2, 6.8180102022309, 0.8450000000000001, 8.068651126900471, 20.289532944003323, 47.13944543238353, 0.5458774544271853, 2640.858189710011, 680.0, 737.6722357124125, 825.2681842843785, 54.666666666666664, 0.0, 1.05, 0.0, 842.429146998877
4.08, 2.6, 9.0, ag45c, 2, 6.745074420236092, 0.7511111111111112, 8.980128665994796, 22.108678393082403, 47.969365073521985, 0.5641856814732741, 2687.2720094267133, 680.0, 762.413083071992, 839.7725029458479, 54.666666666666664, 0.0, 1.05, 0.0, 856.164955106244
4.08, 2.6, 10.0, ag45c, 2, 6.705596448242966, 0.676, 9.919521373140482, 26.688740360227364, 47.41533602949055, 0.5749080796879058, 2725.827452903127, 680.0, 776.9028103890619, 851.8210790322271, 54.666666666666664, 0.0, 1.05, 0.0, 865.453361297451
4.08, 2.6, 11.0, ag45c, 2, 6.676212378847248, 0.6145454545454546, 10.86365919634907, 30.02825602592122, 47.0612727183652, 0.5311812666058677, 2783.3202420402604, 680.0, 717.8125224403617, 869.7875756375813, 54.666666666666664, 0.0, 1.05, 0.0, 851.0600343272799
4.59, 1.8, 8.0, ag45c, 2, 6.64025120667154, 0.405, 16.39568199178158, 55.96447393369151, 36.57072175411619, 0.56449429086428, 2843.880445994724, 765.0, 762.8301227895677, 888.7126393733513, 54.666666666666664, 0.0, 1.0, 0.0, 860.1809207209728
4.59, 2.0, 8.0, ag45c, 2, 6.809378433453569, 0.5, 13.618756866907137, 44.10641903814194, 38.69013051625464, 0.555524310568551, 2800.915797786953, 765.0, 750.7085277953391, 875.2861868084228, 54.666666666666664, 0.0, 1.0, 0.0, 851.6649048679207
4.59, 2.0, 9.0, ag45c, 2, 6.784172130609173, 0.4444444444444444, 15.26438729387064, 51.99965887064882, 37.46945950789842, 0.5656967387993964, 2834.66391490392, 765.0, 764.4550524316168, 885.832473407475, 54.666666666666664, 0.0, 1.0, 0.0, 859.7625086130306
4.59, 1.8, 9.0, ag45c, 2, 6.631528149261164, 0.36000000000000004, 18.42091152572545, 66.72573635557393, 34.845305337078514, 0.5759229476750833, 2872.43202182798, 765.0, 778.2742536149775, 897.6350068212437, 54.666666666666664, 0.0, 0.0, 0.0, 0.0
4.59, 2.0, 10.0, ag45c, 2, 6.770278842861373, 0.4, 16.925697107153432, 60.27260887668403, 35.95519547825174, 0.5449564241495152, 2860.633142928794, 765.0, 736.4276002020476, 893.9478571652481, 54.666666666666664, 0.0, 0.0, 0.0, 0.0
4.59, 1.8, 10.0, ag45c, 2, 6.63136996331213, 0.324, 20.467191244790524, 78.03544425152349, 32.78725784739052, 0.5554019096643599, 2892.8850263231184, 765.0, 750.543121168054, 904.0265707259745, 54.666666666666664, 0.0, 0.0, 0.0, 0.0
4.59, 1.8, 11.0, ag45c, 2, 6.656691576162025, 0.29454545454545455, 22.59987880795749, 94.20498121635323, 29.601334161640818, 0.568219554103026, 2907.3510922245778, 765.0, 767.8642623013866, 908.5472163201806, 54.666666666666664, 0.0, 0.0, 0.0, 0.0
4.59, 2.0, 11.0, ag45c, 2, 6.78588004914908, 0.36363636363636365, 18.66117013515997, 72.81746538695606, 33.19596426855855, 0.5725073102957354, 2879.60371466972, 765.0, 773.6585274266696, 899.8761608342875, 54.666666666666664, 0.0, 0.0, 0.0, 0.0
4.59, 2.2, 8.0, ag45c, 2, 6.981353449953717, 0.6050000000000001, 11.539427190006142, 35.42115931238913, 40.03907512739281, 0.5308002465417313, 2645.560967096334, 765.0, 717.2976304617991, 826.7378022176043, 54.666666666666664, 0.0, 1.05, 0.0, 865.5624014377912
4.59, 2.2, 9.0, ag45c, 2, 6.945681779257695, 0.5377777777777779, 12.915523969694059, 42.57656963056284, 39.2286611126043, 0.5529583368111576, 2792.4831050395796, 765.0, 747.2409956907535, 872.6509703248687, 54.666666666666664, 0.0, 1.0, 0.0, 849.6306553385408
4.59, 2.2, 10.0, ag45c, 2, 6.924523693796155, 0.4840000000000001, 14.306867135942467, 50.13657264056192, 38.00567635944603, 0.5620347134374124, 2821.9600944069753, 765.0, 759.5063695100167, 881.8625295021798, 54.666666666666664, 0.0, 1.0, 0.0, 856.7896330040654
4.59, 2.2, 11.0, ag45c, 2, 6.937166184200249, 0.44000000000000006, 15.766286782273292, 57.74588782275114, 36.322853626561425, 0.5643925746289774, 2844.9157080396753, 765.0, 762.692668417537, 889.0361587623986, 54.666666666666664, 0.0, 1.0, 0.0, 860.2429423933118
4.59, 2.4, 9.0, ag45c, 2, 7.116223285914838, 0.64, 11.119098884241934, 35.758225103434, 39.55469533735023, 0.5164279108614818, 2725.701184196109, 765.0, 697.8755552182187, 851.781620061284, 54.666666666666664, 0.0, 1.05, 0.0, 867.530011347826
4.59, 2.4, 8.0, ag45c, 2, 7.167497093702611, 0.72, 9.95485707458696, 30.63111206347491, 40.07386158442814, 0.5423646297371941, 2670.587569960888, 765.0, 732.9251753205326, 834.5586156127773, 54.666666666666664, 0.0, 1.05, 0.0, 873.7693268266585
4.59, 2.4, 10.0, ag45c, 2, 7.086551984932157, 0.576, 12.30304164050722, 41.05101882341323, 39.033360238811966, 0.5427373134838201, 2780.49148512475, 765.0, 733.4288020051623, 868.9035891014844, 54.666666666666664, 0.0, 1.0, 0.0, 843.7774637022154
4.59, 2.4, 11.0, ag45c, 2, 7.0850620580088695, 0.5236363636363636, 13.53050045800305, 48.108083521074995, 37.70646791323154, 0.5577381952382688, 2806.4415257555347, 765.0, 753.7002638354985, 877.0129767986047, 54.666666666666664, 0.0, 1.0, 0.0, 853.2377468780343
4.59, 2.6, 8.0, ag45c, 2, 7.368898623283531, 0.8450000000000001, 8.720590086726071, 26.236157660590163, 39.80254683536494, 0.5235546109031921, 2619.0576348160675, 765.0, 707.5062309502597, 818.4555108800212, 54.666666666666664, 0.0, 1.05, 0.0, 859.2366096405981
4.59, 2.6, 9.0, ag45c, 2, 7.295962841288723, 0.7511111111111112, 9.713559995798596, 31.05816385230986, 39.63196355289383, 0.5423950803251381, 2665.3406134625825, 765.0, 732.9663247637002, 832.9189417070571, 54.666666666666664, 0.0, 1.05, 0.0, 873.2098432647651
4.59, 2.6, 10.0, ag45c, 2, 7.256484869295598, 0.676, 10.734445072922481, 36.004926920186655, 39.00815084962758, 0.5531584400894494, 2735.1626724852663, 765.0, 747.511405526283, 854.7383351516457, 54.666666666666664, 0.0, 1.05, 0.0, 885.937409237275
4.59, 2.6, 11.0, ag45c, 2, 7.249269220952511, 0.6145454545454546, 11.796148140603197, 40.972541999043855, 38.10775875477208, 0.5004770078390401, 2765.948094119605, 765.0, 676.3202808635677, 864.3587794123764, 54.666666666666664, 0.0, 1.0, 0.0, 823.2263534253148
5.1000000000000005, 1.8, 8.0, ag45c, 2, 7.19199225930312, 0.405, 17.758005578526223, 78.01126417604989, 26.63536033611094, 0.5549283407556644, 2806.512862697342, 850.0000000000001, 749.9031631833303, 877.0352695929193, 54.666666666666664, 0.0, 0.0, 0.0, 0.0
5.1000000000000005, 1.8, 9.0, ag45c, 2, 7.180711307155901, 0.36000000000000004, 19.94642029765528, 95.97078411794797, 24.164461813812682, 0.556296904306707, 2833.6353279885616, 850.0000000000001, 751.7525733874419, 885.5110399964256, 54.666666666666664, 0.0, 0.0, 0.0, 0.0
5.1000000000000005, 1.8, 10.0, ag45c, 2, 7.1882268054173935, 0.324, 22.185885201905535, 117.09264109368397, 20.845403964961957, 0.552637861761277, 2851.803155396985, 850.0000000000001, 746.807921299023, 891.1884860615578, 54.666666666666664, 0.0, 0.0, 0.0, 0.0
5.1000000000000005, 2.0, 8.0, ag45c, 2, 7.355151065032517, 0.5, 14.710302130065035, 60.966465747940106, 29.717206997746427, 0.5423257036614331, 2768.2278599814827, 850.0000000000001, 732.8725725154501, 865.0712062442134, 54.666666666666664, 0.0, 0.0, 0.0, 0.0
5.1000000000000005, 1.8, 11.0, ag45c, 2, 7.237422102477814, 0.29454545454545455, 24.571494792362948, 148.23011171617512, 15.850697851876186, 0.5653160492883224, 2867.9194493584214, 850.0000000000001, 763.9406071463816, 896.2248279245067, 54.666666666666664, 0.0, 0.0, 0.0, 0.0
5.1000000000000005, 2.0, 9.0, ag45c, 2, 7.335628972714437, 0.4444444444444444, 16.505165188607485, 73.18795150949079, 27.74602852592224, 0.5477598046517995, 2801.5169762757187, 850.0000000000001, 740.2159522321615, 875.4740550861621, 54.666666666666664, 0.0, 0.0, 0.0, 0.0
5.1000000000000005, 2.2, 8.0, ag45c, 2, 7.528831344690559, 0.6050000000000001, 12.444349330067038, 49.40516181757251, 31.39944159735488, 0.502610329213761, 2645.3931110501244, 850.0000000000001, 679.2031475861636, 826.6853472031638, 54.666666666666664, 0.0, 1.0, 0.0, 839.9628315964425
5.1000000000000005, 2.0, 10.0, ag45c, 2, 7.3331041060192685, 0.4, 18.33276026504817, 88.03266633125178, 25.447401470222843, 0.5553911146873342, 2825.7883419344985, 850.0000000000001, 750.5285333612624, 883.0588568545307, 54.666666666666664, 0.0, 0.0, 0.0, 0.0
5.1000000000000005, 2.0, 11.0, ag45c, 2, 7.363863207043818, 0.36363636363636365, 20.2506238193705, 107.50814642581233, 22.017543451316598, 0.5598661680214772, 2842.713530400077, 850.0000000000001, 756.5759027317259, 888.3479782500242, 54.666666666666664, 0.0, 0.0, 0.0, 0.0
5.1000000000000005, 2.2, 9.0, ag45c, 2, 7.490033358205064, 0.5377777777777779, 13.92774798013338, 58.8852666827911, 30.160356032753832, 0.5340989393205839, 2762.8088598582785, 850.0000000000001, 721.7553234061944, 863.3777687057121, 54.666666666666664, 0.0, 1.0, 0.0, 866.3776973706355
5.1000000000000005, 2.2, 10.0, ag45c, 2, 7.490759483269841, 0.4840000000000001, 15.476775791879833, 70.3420321017636, 28.057086771480172, 0.54235210665735, 2791.552218501725, 850.0000000000001, 732.9082522396621, 872.360068281789, 54.666666666666664, 0.0, 0.0, 0.0, 0.0
5.1000000000000005, 2.2, 11.0, ag45c, 2, 7.501317763147618, 0.44000000000000006, 17.04844946169913, 84.35166891623204, 25.44329216946675, 0.5555592515489717, 2813.514151980471, 850.0000000000001, 750.7557453364483, 879.2231724938971, 54.666666666666664, 0.0, 0.0, 0.0, 0.0
5.1000000000000005, 2.4, 8.0, ag45c, 2, 7.71326972528156, 0.72, 10.71287461844661, 42.190729717541565, 32.2128992897312, 0.5220335058645107, 2663.302780211112, 850.0000000000001, 705.4506836006902, 832.2821188159725, 54.666666666666664, 0.0, 1.0, 0.0, 850.5776008055542
5.1000000000000005, 2.4, 9.0, ag45c, 2, 7.672227496441154, 0.64, 11.987855463189304, 49.246086347080286, 31.528094962505474, 0.5167002508838647, 2721.06238233294, 850.0000000000001, 698.2435822754929, 850.3319944790438, 54.666666666666664, 0.0, 1.0, 0.0, 854.1918589181789
5.1000000000000005, 2.4, 10.0, ag45c, 2, 7.645966721774263, 0.576, 13.274247780858097, 58.31519400487709, 30.171305442799035, 0.5355958535051131, 2752.8267370266117, 850.0000000000001, 723.7781804123149, 860.2583553208162, 54.666666666666664, 0.0, 1.0, 0.0, 866.0121785777103
5.1000000000000005, 2.6, 8.0, ag45c, 2, 7.919787044336163, 0.8450000000000001, 9.372529046551671, 36.93677508804469, 32.29889245759516, 0.5086425836739072, 2596.09403142048, 850.0000000000001, 687.3548428025774, 811.2793848189, 54.666666666666664, 0.0, 1.05, 0.0, 879.421979667517
5.1000000000000005, 2.4, 11.0, ag45c, 2, 7.6524346895878175, 0.5236363636363636, 14.61402458081007, 69.3376808245492, 28.07479273261449, 0.5437349860103368, 2778.605892283574, 850.0000000000001, 734.7770081220767, 868.3143413386169, 54.666666666666664, 0.0, 0.0, 0.0, 0.0
5.1000000000000005, 2.6, 9.0, ag45c, 2, 7.854240736025566, 0.7511111111111112, 10.456829382282557, 43.67765032600343, 31.50609210501424, 0.5194423519937937, 2660.4287213450007, 850.0000000000001, 701.9491243159375, 831.3839754203128, 54.666666666666664, 0.0, 1.0, 0.0, 849.1110332454168
5.1000000000000005, 2.6, 10.0, ag45c, 2, 7.818457500874546, 0.676, 11.565765533838086, 50.60176222069947, 30.72469561804414, 0.49127462123138077, 2712.6940120053987, 850.0000000000001, 663.8846232856497, 847.7168787516871, 54.666666666666664, 0.0, 1.0, 0.0, 841.867167345779
5.1000000000000005, 2.6, 11.0, ag45c, 2, 7.819862905163038, 0.6145454545454546, 12.724628987691332, 59.156640668657346, 29.20136604174633, 0.5307834186255914, 2740.7925291674487, 850.0000000000001, 717.2748900345829, 856.4976653648278, 54.666666666666664, 0.0, 1.0, 0.0, 862.5908517998034
3.57, 1.8, 8.0, ag45c, 3, 5.63340068035575, 0.405, 13.909631309520371, 28.089492063132514, 57.92637110090206, 0.5755325974995272, 2907.417556141074, 595.0, 777.7467533777395, 908.5679862940856, 54.666666666666664, 0.0, 1.05, 0.0, 855.8601588851387
3.57, 2.0, 9.0, ag45c, 3, 5.763047920082858, 0.4444444444444444, 12.966857820186432, 25.423307422877045, 58.07386340187209, 0.5696145394998124, 2892.147036399262, 595.0, 769.7493777024492, 903.7959488747694, 54.666666666666664, 0.0, 1.05, 0.0, 851.3908643020264
3.57, 2.2, 10.0, ag45c, 3, 5.910157378006682, 0.4840000000000001, 12.21106896282372, 26.048146911374907, 56.600226713047434, 0.6070665662757302, 2874.0903873856755, 595.0, 820.3602246969327, 898.1532460580237, 54.666666666666664, 0.0, 1.05, 0.0, 867.1297147642348
3.57, 1.8, 9.0, ag45c, 3, 5.606772359787479, 0.36000000000000004, 15.574367666076329, 32.034927194284656, 57.57150998889102, 0.5856545073744255, 2938.508261458532, 595.0, 791.4250099654399, 918.2838317057913, 54.666666666666664, 0.0, 1.05, 0.0, 864.0480945849309
3.57, 2.2, 11.0, ag45c, 3, 5.90091565788446, 0.44000000000000006, 13.411171949737408, 29.56980202517424, 56.13098674323305, 0.5750596694524854, 2898.670813025454, 595.0, 777.1076614222776, 905.8346290704544, 54.666666666666664, 0.0, 1.05, 0.0, 854.6798016724562
3.57, 2.0, 10.0, ag45c, 3, 5.751996737598215, 0.4, 14.379991843995535, 30.787917934903433, 57.076149053111656, 0.5795045018671359, 2919.429341250868, 595.0, 783.1141917123458, 912.3216691408962, 54.666666666666664, 0.0, 1.05, 0.0, 859.0525512986346
3.57, 2.0, 11.0, ag45c, 3, 5.742018996517501, 0.36363636363636365, 15.790552240423128, 34.65842075458565, 56.3068847916295, 0.5923947496857287, 2941.092750337831, 595.0, 800.533445521255, 919.0914844805723, 54.666666666666664, 0.0, 1.05, 0.0, 867.5187255006394
3.57, 1.8, 10.0, ag45c, 3, 5.601498384364762, 0.324, 17.288575260385066, 38.008940273333735, 56.08284178391556, 0.5993993482097523, 2961.8193648836414, 595.0, 809.9991192023679, 925.5685515261379, 54.666666666666664, 0.0, 1.05, 0.0, 873.0986847549771
3.57, 2.2, 8.0, ag45c, 3, 5.976366081532664, 0.6050000000000001, 9.878291043855642, 19.354266739459575, 57.16328207914074, 0.6024526682295243, 2771.8049695248706, 595.0, 814.125227337195, 866.189052976522, 54.666666666666664, 0.0, 1.05, 0.0, 853.7599981098009
3.57, 2.0, 8.0, ag45c, 3, 5.799622643979886, 0.5, 11.599245287959771, 21.902840296161934, 58.185104708139946, 0.5348650507961302, 2844.42927960291, 595.0, 722.7906091839599, 888.8841498759093, 54.666666666666664, 0.0, 1.05, 0.0, 829.7361656709542
3.57, 2.2, 9.0, ag45c, 3, 5.928189147678748, 0.5377777777777779, 11.023492216758, 21.149584659281413, 57.74162279161273, 0.5499522987576737, 2813.162247092278, 595.0, 743.1787821049645, 879.113202216337, 54.666666666666664, 0.0, 1.05, 0.0, 833.4521945124554
3.57, 1.8, 11.0, ag45c, 3, 5.596125260372551, 0.29454545454545455, 18.999190698795697, 44.39344447150844, 54.69396004550096, 0.6033348442973095, 2979.5366773704923, 595.0, 815.3173571585265, 931.1052116782789, 54.666666666666664, 0.0, 1.0, 0.0, 835.1408562789352
3.57, 2.6, 8.0, ag45c, 3, 6.380837570651952, 0.8450000000000001, 7.551287065860297, 14.772472835508312, 54.31408382856481, 0.5659523224904095, 2659.5896652876727, 595.0, 764.8004357978507, 831.1217704023977, 54.666666666666664, 0.0, 1.05, 0.0, 824.222772170087
3.57, 2.4, 8.0, ag45c, 3, 6.1706886726499794, 0.72, 8.570400934236083, 15.682859188248115, 56.63180725370572, 0.5850287225309488, 2717.230707931783, 595.0, 790.5793547715524, 849.1345962286822, 54.666666666666664, 0.0, 1.05, 0.0, 839.5498828500822
3.57, 2.6, 9.0, ag45c, 3, 6.296817578130828, 0.7511111111111112, 8.383337012304356, 16.41360784398788, 55.47553700746766, 3122259034037.7803, 2706.5539997763813, 595.0, 4219268964915919.5, 845.7981249301191, 54.666666666666664, 0.0, 1.05, 0.0,0
3.57, 2.6, 10.0, ag45c, 3, 6.249950132453493, 0.676, 9.245488361617593, 19.33954765997041, 55.55103851729795, 0.595979001085137, 2745.804860529669, 595.0, 805.3770284934285, 858.0640189155216, 54.666666666666664, 0.0, 1.05, 0.0, 847.8543665931325
3.57, 2.6, 11.0, ag45c, 3, 6.227955536741986, 0.6145454545454546, 10.134247175171868, 20.919488689685725, 55.676448926320575, 0.6068495394645492, 2777.6286409701665, 595.0, 820.0669452223639, 868.0089503031771, 54.666666666666664, 0.0, 1.05, 0.0, 856.4765634339393
4.08, 1.8, 8.0, ag45c, 3, 6.174910154039962, 0.405, 15.246691738370275, 38.07709113844479, 47.09589390014532, 0.5685027428847101, 2875.8821886254023, 680.0, 768.246949844203, 898.7131839454382, 54.666666666666664, 0.0, 1.05, 0.0, 878.8360468263744
3.57, 2.4, 9.0, ag45c, 3, 6.102362233283259, 0.64, 9.534940989505092, 18.70969749400308, 56.57072285972076, 0.5993964002719264, 2724.863656264199, 595.0, 809.9951355026033, 851.5198925825622, 54.666666666666664, 0.0, 1.05, 0.0, 847.1802598298078
3.57, 2.4, 10.0, ag45c, 3, 6.0761014586163675, 0.576, 10.548787254542306, 21.78676774992875, 56.31597720078031, 0.6123135020223007, 2796.055834359545, 595.0, 827.4506784085146, 873.7674482373577, 54.666666666666664, 0.0, 1.05, 0.0, 861.0763443260553
3.57, 2.4, 11.0, ag45c, 3, 6.0609694264299225, 0.5236363636363636, 11.5747680018627, 25.012226621327446, 55.732244466989386, 0.5792044938325907, 2854.6271185436453, 595.0, 782.7087754494468, 892.0709745448892, 54.666666666666664, 0.0, 1.05, 0.0, 851.8229124980178
4.08, 1.8, 10.0, ag45c, 3, 6.1455657527858145, 0.324, 18.96779553328955, 52.58439488487532, 43.829511706371235, 0.5821577401371081, 2928.1464903062065, 680.0, 786.6996488339299, 915.0457782206895, 54.666666666666664, 0.0, 1.0, 0.0, 848.5818090182065
4.08, 1.8, 9.0, ag45c, 3, 6.150839728208533, 0.36000000000000004, 17.085665911690366, 46.187768319435335, 45.67030194493055, 0.5794972117805339, 2906.072195682493, 680.0, 783.1043402439648, 908.1475611507791, 54.666666666666664, 0.0, 1.0, 0.0, 845.0839671315813
4.08, 1.8, 11.0, ag45c, 3, 6.1606557866883405, 0.29454545454545455, 20.915806683201154, 63.46346409436202, 41.7037220474998, 0.5676487538280041, 2943.96810271514, 680.0, 767.0929105783838, 919.9900320984813, 54.666666666666664, 0.0, 0.0, 0.0, 0.0
4.08, 2.0, 8.0, ag45c, 3, 6.342553170295675, 0.5, 12.68510634059135, 31.15206853819397, 47.92149963282451, 0.5749082623618862, 2829.1165931704654, 680.0, 776.9030572457921, 884.0989353657704, 54.666666666666664, 0.0, 1.05, 0.0, 876.7506974140468
4.08, 2.0, 9.0, ag45c, 3, 6.317346867451279, 0.4444444444444444, 14.21403045176538, 36.666572005666005, 47.229506933941195, 0.5765057220489044, 2863.5655021369794, 680.0, 779.0617865525736, 894.864219417806, 54.666666666666664, 0.0, 1.05, 0.0, 881.274102089633
4.08, 2.0, 10.0, ag45c, 3, 6.297769369177162, 0.4, 15.744423422942905, 42.51590208183032, 46.21639841123127, 0.5632437602556647, 2890.5373564834917, 680.0, 761.140216561709, 903.2929239010912, 54.666666666666664, 0.0, 1.0, 0.0, 836.1443801542666
4.08, 2.0, 11.0, ag45c, 3, 6.302002154412239, 0.36363636363636365, 17.33050592463366, 48.45241084815335, 44.485875627659844, 0.5899974908803883, 2910.932335889789, 680.0, 797.2939065951194, 909.6663549655591, 54.666666666666664, 0.0, 1.0, 0.0, 850.3200871868928
4.08, 2.2, 8.0, ag45c, 3, 6.520717660480033, 0.6050000000000001, 10.778045719801705, 25.026074547687806, 48.20449717645248, 0.5778348773953412, 2747.531200148481, 680.0, 780.8579424261368, 858.6035000464003, 54.666666666666664, 0.0, 1.05, 0.0, 869.211504865388
0,0,0,0,0,0,0,0,0,0,0,0,0,0,0,0,0,0,0,0
4.08, 2.2, 10.0, ag45c, 3, 6.457635272743525, 0.4840000000000001, 13.342221637899844, 35.33145152047421, 46.97976508726164, 0.5739441708825896, 2848.2958155661913, 680.0, 775.6002309224185, 890.0924423644349, 54.666666666666664, 0.0, 1.05, 0.0, 878.3924356503987
4.08, 2.2, 11.0, ag45c, 3, 6.457772499989724, 0.44000000000000006, 14.676755681794825, 40.76875017626969, 45.80732037952928, 0.5791631612269701, 2872.260816781756, 680.0, 782.6529205769867, 897.5815052442988, 54.666666666666664, 0.0, 1.0, 0.0, 841.4114752737617
4.08, 2.4, 8.0, ag45c, 3, 6.719871830544717, 0.72, 9.333155320200996, 22.27760744664734, 47.352009513428946, 0.5622214129423353, 2692.552120343865, 680.0, 759.7586661382909, 841.4225376074579, 54.666666666666664, 0.0, 1.05, 0.0, 855.8134213110121
4.08, 2.4, 9.0, ag45c, 3, 6.661776970125365, 0.64, 10.409026515820882, 25.559910441977163, 47.4366400534347, 0.5760254681546213, 2727.7822679676397, 680.0, 778.4127948035423, 852.4319587398874, 54.666666666666664, 0.0, 1.05, 0.0, 866.1956637402004
4.08, 2.4, 10.0, ag45c, 3, 6.632105669142684, 0.576, 11.514072342261604, 28.871026366096416, 47.009649838701726, 0.5388058525296486, 2804.027700399961, 680.0, 728.1160169319576, 876.2586563749878, 54.666666666666664, 0.0, 1.05, 0.0, 856.9311356574309
4.08, 2.4, 11.0, ag45c, 3, 6.620384163272028, 0.5236363636363636, 12.643094756248667, 33.86065948971825, 46.22597892262231, 0.5535090419932723, 2830.8353835181374, 680.0, 747.9851918828006, 884.636057349418, 54.666666666666664, 0.0, 1.05, 0.0, 866.8174372312765
4.08, 2.6, 8.0, ag45c, 3, 6.920641781178269, 0.8450000000000001, 8.190108616779016, 19.775519522215124, 46.644536793616176, 0.5446394854927528, 2639.318764627099, 680.0, 735.9993047199362, 824.7871139459685, 54.666666666666664, 0.0, 1.05, 0.0, 841.6752465330665
4.08, 2.6, 9.0, ag45c, 3, 6.858790209709776, 0.7511111111111112, 9.131525427128398, 22.820737290754185, 46.50188896830201, 0.5612984678724057, 2685.6390348759164, 680.0, 758.5114430708185, 839.2621983987239, 54.666666666666664, 0.0, 1.05, 0.0, 854.6207745143398
4.08, 2.6, 11.0, ag45c, 3, 6.801012378847249, 0.6145454545454546, 11.066736119425995, 29.121435000809623, 45.634986694903695, 0.5137653475085625, 2786.879200419546, 680.0, 694.2774966331926, 870.8997501311081, 54.666666666666664, 0.0, 1.05, 0.0, 843.2120363675053
4.08, 2.6, 10.0, ag45c, 3, 6.808228027190335, 0.676, 10.07134323548866, 26.020459660729557, 46.45597906194621, 0.5726489415817758, 2724.4065538878826, 680.0, 773.8499210564538, 851.3770480899634, 54.666666666666664, 0.0, 1.05, 0.0, 864.2294392012459
4.59, 1.8, 8.0, ag45c, 3, 6.718977522461014, 0.405, 16.59006795669386, 52.98651534043397, 36.24673396907796, 0.5643132221986532, 2841.3288265046667, 765.0, 762.5854354035854, 887.9152582827084, 54.666666666666664, 0.0, 1.0, 0.0, 859.8335645620979
4.59, 2.0, 8.0, ag45c, 3, 6.888325801874622, 0.5, 13.776651603749244, 43.28180020790969, 38.01775216311698, 0.5525597361998028, 2798.8794469163154, 765.0, 746.7023462159498, 874.6498271613485, 54.666666666666664, 0.0, 1.0, 0.0, 850.1173911257661
4.59, 2.0, 9.0, ag45c, 3, 6.863119499030226, 0.4444444444444444, 15.442018872818009, 51.03836800161406, 36.798774336618266, 0.5511001823635889, 2832.574354617007, 765.0, 744.7299761670121, 885.1794858178147, 54.666666666666664, 0.0, 1.0, 0.0, 852.9698206616088
4.59, 1.8, 10.0, ag45c, 3, 6.702422594891077, 0.324, 20.686489490404558, 76.77771016717884, 32.202865067856095, 0.5791195064128153, 2890.318069441837, 765.0, 782.5939275848856, 903.224396700574, 54.666666666666664, 0.0, 0.0, 0.0, 0.0
4.59, 1.8, 9.0, ag45c, 3, 6.702580780840111, 0.36000000000000004, 18.618279946778085, 63.542729587083016, 34.63889741460395, 0.5744409979034293, 2870.027488938037, 765.0, 776.271618788418, 896.8835902931366, 54.666666666666664, 0.0, 0.0, 0.0, 0.0
4.59, 2.0, 10.0, ag45c, 3, 6.857752527071899, 0.4, 17.144381317679745, 59.052570154776035, 35.229791570794326, 0.5699327113929329, 2858.2651584407267, 765.0, 770.1793397201797, 893.2078620127271, 54.666666666666664, 0.0, 1.0, 0.0, 864.1290672443022
4.59, 1.8, 11.0, ag45c, 3, 6.7354178919514975, 0.29454545454545455, 22.867159509711875, 92.55587806009093, 28.995881332124174, 0.5745541492337469, 2904.4371280696314, 765.0, 776.4245259915499, 907.6366025217598, 54.666666666666664, 0.0, 0.0, 0.0, 0.0
4.59, 2.0, 11.0, ag45c, 3, 6.873353733359606, 0.36363636363636365, 18.901722766738914, 71.367690595539, 32.49047932390366, 0.5755675453911906, 2877.063227001525, 765.0, 777.7939802583657, 899.0822584379765, 54.666666666666664, 0.0, 0.0, 0.0, 0.0
4.59, 2.2, 8.0, ag45c, 3, 7.0681955552168745, 0.6050000000000001, 11.6829678598626, 34.68336566834233, 39.344478817290806, 0.47726310475207223, 2642.9359892987372, 765.0, 644.9501415568544, 825.9174966558553, 54.666666666666664, 0.0, 1.05, 0.0, 839.9536733744484
4.59, 2.2, 9.0, ag45c, 3, 7.032523884520854, 0.5377777777777779, 13.077007223282576, 41.70002577546235, 38.53821846725695, 0.5511486841832441, 2790.6005413863086, 765.0, 744.7955191665461, 872.0626691832215, 54.666666666666664, 0.0, 1.0, 0.0, 848.6193961165891
4.59, 2.2, 10.0, ag45c, 3, 7.011365799059314, 0.4840000000000001, 14.486292973263044, 49.115932863336106, 37.31322419173884, 0.5581166374242688, 2820.0939196193012, 765.0, 754.2116721949578, 881.2793498810316, 54.666666666666664, 0.0, 1.0, 0.0, 854.8303406919964
4.59, 2.2, 11.0, ag45c, 3, 7.024008289463408, 0.44000000000000006, 15.963655203325926, 56.58212115491032, 35.64407986354977, 0.5679370321489899, 2842.9683952793453, 765.0, 767.4824758770135, 888.4276235247953, 54.666666666666664, 0.0, 1.0, 0.0, 861.636699800603
4.59, 2.4, 8.0, ag45c, 3, 7.2690549884394535, 0.72, 10.095909706165909, 29.88002324545835, 39.25531645448739, 0.5403981738442829, 2668.6778457020387, 765.0, 730.2678024922743, 833.9618267818871, 54.666666666666664, 0.0, 1.05, 0.0, 872.6303702459564
4.59, 2.4, 9.0, ag45c, 3, 7.210960128020101, 0.64, 11.267125200031408, 34.94687840140758, 38.852320579023214, 0.5129893986371743, 2723.9364527944563, 765.0, 693.2289170772626, 851.2301414982676, 54.666666666666664, 0.0, 1.05, 0.0, 865.7106705014357
4.59, 2.6, 8.0, ag45c, 3, 7.482614412757215, 0.8450000000000001, 8.855164985511497, 26.80758680809285, 38.59493265377825, 0.5228424235576622, 2617.17496383192, 765.0, 706.5438156184624, 817.867176197475, 54.666666666666664, 0.0, 1.05, 0.0, 858.693847135578
4.59, 2.4, 10.0, ag45c, 3, 7.18128882703742, 0.576, 12.467515324717745, 40.12720746057645, 38.33214504486579, 0.5466977243130476, 2778.8091168760848, 765.0, 738.7807085311455, 868.3778490237765, 54.666666666666664, 0.0, 1.0, 0.0, 845.3861858516407
4.59, 2.4, 11.0, ag45c, 3, 7.190030479061502, 0.5236363636363636, 13.730960984318841, 46.92239389967397, 36.934462845024484, 0.5498651824316919, 2804.506972763531, 765.0, 743.0610573401242, 876.4084289886034, 54.666666666666664, 0.0, 1.0, 0.0, 849.4898287762426
4.59, 2.6, 9.0, ag45c, 3, 7.398594420236091, 0.7511111111111112, 9.850199671911955, 30.288439680520508, 38.859455250230184, 0.5404403620145487, 2663.6660289926376, 765.0, 730.3248135331739, 832.3956340601992, 54.666666666666664, 0.0, 1.05, 0.0, 872.1021566576806
4.59, 2.6, 10.0, ag45c, 3, 7.370200658769282, 0.676, 10.902663696404263, 35.025856798445126, 38.17075255093736, 0.551344702902953, 2734.662472201203, 765.0, 745.0604093283149, 854.582022562876, 54.666666666666664, 0.0, 1.05, 0.0, 885.0248511619168
4.59, 2.6, 11.0, ag45c, 3, 7.362985010426196, 0.6145454545454546, 11.981188626433157, 41.45422170682062, 36.937651790748106, 0.5236249911549724, 2764.2082241505027, 765.0, 707.6013393986115, 863.815070047032, 54.666666666666664, 0.0, 1.0, 0.0, 833.4721364818811
5.1000000000000005, 1.8, 8.0, ag45c, 3, 7.2630448908820675, 0.405, 17.93344417501745, 74.72041081719283, 26.481283618441353, 0.5539068559170468, 2803.8753560360537, 850.0000000000001, 748.5227782662794, 876.2110487612669, 54.666666666666664, 0.0, 0.0, 0.0, 0.0
5.1000000000000005, 2.0, 8.0, ag45c, 3, 7.43409843345357, 0.5, 14.86819686690714, 59.85241331554436, 29.175308640134045, 0.5230378624684859, 2765.911080356176, 850.0000000000001, 706.8079222547108, 864.347212611305, 54.666666666666664, 0.0, 1.0, 0.0, 861.7183782886719
5.1000000000000005, 1.8, 9.0, ag45c, 3, 7.2517639387348485, 0.36000000000000004, 20.14378871870791, 92.26642610684428, 24.07585456575148, 0.547963740566479, 2830.809377244927, 850.0000000000001, 740.4915413060528, 884.6279303890396, 54.666666666666664, 0.0, 0.0, 0.0, 0.0
5.1000000000000005, 2.0, 9.0, ag45c, 3, 7.41457634113549, 0.4444444444444444, 16.682796767554855, 71.87086338945018, 27.23712943257234, 0.5481272140778269, 2799.141196521827, 850.0000000000001, 740.7124514565229, 874.731623913071, 54.666666666666664, 0.0, 0.0, 0.0, 0.0
5.1000000000000005, 1.8, 10.0, ag45c, 3, 7.261837331733183, 0.324, 22.413078184361677, 112.88594749451588, 20.787751848244916, 0.5637356471363235, 2851.5790918491766, 850.0000000000001, 761.8049285625995, 891.1184662028677, 54.666666666666664, 0.0, 0.0, 0.0, 0.0
5.1000000000000005, 2.2, 9.0, ag45c, 3, 7.586254410836643, 0.5377777777777779, 14.106671425109457, 57.56964751045883, 29.908778383235457, 0.5336825826175362, 2760.444472144405, 850.0000000000001, 721.1926792128868, 862.6388975451267, 54.666666666666664, 0.0, 1.0, 0.0, 865.9438589193379
5.1000000000000005, 2.2, 8.0, ag45c, 3, 7.615673449953717, 0.6050000000000001, 12.587889999923497, 48.39457188912042, 31.20094004852909, 0.5036393498111544, 2642.4776405057255, 850.0000000000001, 680.5937159610195, 825.7742626580392, 54.666666666666664, 0.0, 1.0, 0.0, 840.1226595396862
5.1000000000000005, 2.2, 10.0, ag45c, 3, 7.577601588532999, 0.4840000000000001, 15.656201629200408, 68.94215531028516, 27.893176247476262, 0.5504232822449419, 2789.3757992263418, 850.0000000000001, 743.8152462769485, 871.6799372582318, 54.666666666666664, 0.0, 0.0, 0.0, 0.0
5.1000000000000005, 1.8, 11.0, ag45c, 3, 7.316148418267288, 0.29454545454545455, 24.838775494117332, 140.80748651179468, 16.193288636553504, 0.569782833086227, 2865.435417119442, 850.0000000000001, 769.9768014678743, 895.4485678498256, 54.666666666666664, 0.0, 0.0, 0.0, 0.0
5.1000000000000005, 2.0, 10.0, ag45c, 3, 7.41205147444032, 0.4, 18.5301286861008, 86.47491434233864, 24.992228244064044, 0.5573927089999166, 2823.274989291501, 850.0000000000001, 753.2333905404278, 882.2734341535939, 54.666666666666664, 0.0, 0.0, 0.0, 0.0
5.1000000000000005, 2.0, 11.0, ag45c, 3, 7.44281057546487, 0.36363636363636365, 20.467729082528393, 103.43331652139807, 21.96225208951658, 0.5613420349247237, 2840.007044878423, 850.0000000000001, 758.5703174658428, 887.5022015245072, 54.666666666666664, 0.0, 0.0, 0.0, 0.0
5.1000000000000005, 2.2, 11.0, ag45c, 3, 7.597538815779197, 0.44000000000000006, 17.267133672225444, 82.52230093969942, 25.263466579928213, 0.5518481317269133, 2810.9609973497713, 850.0000000000001, 745.7407185498828, 878.4253116718035, 54.666666666666664, 0.0, 0.0, 0.0, 0.0
5.1000000000000005, 2.4, 8.0, ag45c, 3, 7.818238146334191, 0.72, 10.858664092130821, 41.13446542118546, 31.582951689256713, 0.5217462716189045, 2669.3440180712387, 850.0000000000001, 705.0625292147358, 834.1700056472622, 54.666666666666664, 0.0, 1.0, 0.0, 851.0775116206661
5.1000000000000005, 2.4, 9.0, ag45c, 3, 7.766964338546417, 0.64, 12.135881778978776, 48.1442609028744, 30.971419217986398, 0.5215182403993652, 2719.107277315625, 850.0000000000001, 704.7543789180612, 849.7210241611328, 54.666666666666664, 0.0, 1.0, 0.0, 856.1584676930647
5.1000000000000005, 2.4, 10.0, ag45c, 3, 7.750935142826894, 0.576, 13.456484622963359, 56.88912314990921, 29.560873546496065, 0.5335895089550133, 2750.676201968469, 850.0000000000001, 721.0669039932612, 859.5863131151465, 54.666666666666664, 0.0, 1.0, 0.0, 864.8844057028025
5.1000000000000005, 2.4, 11.0, ag45c, 3, 7.75740311064045, 0.5236363636363636, 14.814485107125861, 67.66454055207221, 27.494116279805393, 0.5427823845760549, 2776.3042818164918, 850.0000000000001, 733.4897088865606, 867.5950880676537, 54.666666666666664, 0.0, 0.0, 0.0, 0.0
5.1000000000000005, 2.6, 9.0, ag45c, 3, 7.956872314972934, 0.7511111111111112, 10.593469058395916, 42.606645535166024, 30.948779691732593, 0.5183385469219565, 2667.4889091735267, 850.0000000000001, 700.4574958404817, 833.5902841167272, 54.666666666666664, 0.0, 1.0, 0.0, 849.3492599857364
5.1000000000000005, 2.6, 10.0, ag45c, 3, 7.932173290348231, 0.676, 11.733984157319869, 49.242694175173334, 30.11490326382082, 0.5149161757504124, 2710.68459644663, 850.0000000000001, 695.8326699329897, 847.0889363895719, 54.666666666666664, 0.0, 1.0, 0.0, 852.3072021075205
5.1000000000000005, 2.6, 8.0, ag45c, 3, 8.022418623283532, 0.8450000000000001, 9.493986536430214, 36.01977069942549, 31.681735029062885, 0.5034087501703952, 2594.2876735754976, 850.0000000000001, 680.2820948248584, 810.714897992343, 54.666666666666664, 0.0, 1.05, 0.0, 876.7489474860206
5.1000000000000005, 2.6, 11.0, ag45c, 3, 7.933578694636723, 0.6145454545454546, 12.909669473521294, 57.58490353712391, 28.604300839736084, 0.5335693863469598, 2737.9146624527925, 850.0000000000001, 721.0397112796754, 855.5983320164977, 54.666666666666664, 0.0, 1.0, 0.0, 863.5460144320577
3.57, 1.8, 8.0, ag45c, 4, 5.657084890882066, 0.405, 13.968110841684114, 27.919585688982696, 57.5885672629647, 0.5752590280683453, 2906.838701204292, 595.0, 777.3770649572234, 908.3870941263413, 54.666666666666664, 0.0, 1.05, 0.0, 855.6674556792476
3.57, 1.8, 9.0, ag45c, 4, 5.630456570313795, 0.36000000000000004, 15.64015713976054, 31.842311426756776, 57.2248360894143, 0.589462160925585, 2937.9380408895317, 595.0, 796.5704877372772, 918.1056377779787, 54.666666666666664, 0.0, 1.05, 0.0, 865.7866439303396
3.57, 2.0, 9.0, ag45c, 4, 5.789363709556542, 0.4444444444444444, 13.026068346502221, 26.92549942975696, 57.207621521955645, 0.58212026575722, 2891.6411943656426, 595.0, 786.649007780027, 903.6378732392633, 54.666666666666664, 0.0, 1.05, 0.0, 857.2504083567517
3.57, 2.2, 10.0, ag45c, 4, 5.939104746427735, 0.4840000000000001, 12.270877575263913, 25.85753670236081, 56.25262874550499, 0.6060120165868158, 2873.6257019824816, 595.0, 818.935157549751, 898.0080318695254, 54.666666666666664, 0.0, 1.05, 0.0, 866.5801162967468
3.57, 2.0, 10.0, ag45c, 4, 5.778312527071899, 0.4, 14.445781317679746, 30.583433759967242, 56.72516533687832, 0.5778654610121905, 2918.9206271247263, 595.0, 780.8992716380953, 912.1626959764769, 54.666666666666664, 0.0, 1.05, 0.0, 858.2216886651004
3.57, 2.2, 11.0, ag45c, 4, 5.9298630263055125, 0.44000000000000006, 13.476961423421617, 29.354848395862675, 55.7830790898888, 0.5787938923942225, 2898.2098446693176, 595.0, 782.1539086408413, 905.6905764591617, 54.666666666666664, 0.0, 1.05, 0.0, 856.395569785001
3.57, 1.8, 10.0, ag45c, 4, 5.625182594891077, 0.324, 17.361674675589743, 37.78298156237589, 55.73786546897315, 0.598030454417928, 2961.213064839468, 595.0, 808.1492627269298, 925.3790827623338, 54.666666666666664, 0.0, 1.05, 0.0, 872.3849209212424
3.57, 2.0, 11.0, ag45c, 4, 5.768334785991186, 0.36363636363636365, 15.862920661475762, 34.429757669568986, 55.95272504293604, 0.5994830650683957, 2940.5633472136574, 595.0, 810.1122500924265, 918.926046004268, 54.666666666666664, 0.0, 1.05, 0.0, 870.8134036338431
3.57, 2.2, 8.0, ag45c, 4, 6.005313449953716, 0.6050000000000001, 9.926137933807794, 19.210937074370253, 56.807530803642436, 0.601718460551739, 2771.3331920020432, 595.0, 813.1330547996474, 866.0416225006385, 54.666666666666664, 0.0, 1.05, 0.0, 853.3611370551001
3.57, 2.0, 8.0, ag45c, 4, 5.825938433453569, 0.5, 11.651876866907138, 23.31753835948352, 57.31008252434689, 0.5421798306895284, 2851.339959384891, 595.0, 732.675446877741, 891.0437373077783, 54.666666666666664, 0.0, 1.05, 0.0, 833.9517144649318
3.57, 2.2, 9.0, ag45c, 4, 5.957136516099801, 0.5377777777777779, 11.077319967954173, 22.50308324433399, 56.85335580322952, 0.5475264857487753, 2812.6763099172395, 595.0, 739.9006564172639, 878.9613468491374, 54.666666666666664, 0.0, 1.05, 0.0, 832.2517011432404
3.57, 1.8, 11.0, ag45c, 4, 5.627483155109393, 0.29454545454545455, 19.105652687099788, 44.048287510345794, 54.26232469005573, 0.6005987141509279, 2978.690746542986, 595.0, 811.6198839877404, 930.8408582946831, 54.666666666666664, 0.0, 1.0, 0.0, 833.8202474274746
3.57, 2.6, 8.0, ag45c, 4, 6.415048096967742, 0.8450000000000001, 7.591772895819812, 14.643612350225553, 53.94532334277227, 0.5653223797312532, 2659.125844590659, 595.0, 763.9491617989909, 830.976826434581, 54.666666666666664, 0.0, 1.05, 0.0, 823.8740958817501
3.57, 2.4, 8.0, ag45c, 4, 6.2022676200184, 0.72, 8.61426058335889, 16.835515091364666, 55.782208315576185, 0.5834422914971054, 2716.765570899584, 595.0, 788.4355290501423, 848.9892409061199, 54.666666666666664, 0.0, 1.05, 0.0, 838.7486694846916
3.57, 2.6, 9.0, ag45c, 4, 6.331028104446618, 0.7511111111111112, 8.42888357100881, 16.270615664711755, 55.1016808059388, 3728271829294.8354, 2706.1301523963502, 595.0, 5038205174722751.0, 845.6656726238595, 54.666666666666664, 0.0, 1.05, 0.0,0
3.57, 2.6, 10.0, ag45c, 4, 6.284160658769283, 0.676, 9.296095649066986, 19.17208802800136, 55.17532954823985, 0.5952808051035615, 2745.3724771843754, 595.0, 804.4335204102183, 857.9288991201173, 54.666666666666664, 0.0, 1.05, 0.0, 847.4768468356175
4.08, 1.8, 8.0, ag45c, 4, 6.1985943645662775, 0.405, 15.305171270534018, 37.85663078294647, 46.61874648690411, 0.5699722322418986, 2875.195341159221, 680.0, 770.2327462728359, 898.4985441122565, 54.666666666666664, 0.0, 1.05, 0.0, 879.4559516347824
3.57, 2.6, 11.0, ag45c, 4, 6.262166063057775, 0.6145454545454546, 10.1899151913662, 22.17398629972632, 54.798531114522845, 0.6050882463276064, 2777.2151941301595, 595.0, 817.6868193616302, 867.8797481656749, 54.666666666666664, 0.0, 1.05, 0.0, 855.5982986345566
4.08, 1.8, 9.0, ag45c, 4, 6.174523938734849, 0.36000000000000004, 17.15145538537458, 45.9238579236311, 45.07434919397221, 0.5691360595791076, 2905.376605914777, 680.0, 769.1027832150103, 907.9301893483679, 54.666666666666664, 0.0, 1.0, 0.0, 840.3443241877927
3.57, 2.4, 9.0, ag45c, 4, 6.144172759599048, 0.64, 9.600269936873513, 18.510514927944676, 56.57148959305268, 0.5994481265936997, 2723.963605595608, 595.0, 810.0650359374321, 851.2386267486274, 54.666666666666664, 0.0, 1.05, 0.0, 847.1062819401208
3.57, 2.4, 10.0, ag45c, 4, 6.107680405984789, 0.576, 10.603611815945815, 21.612444098670334, 55.93899600404495, 0.6116374314672068, 2795.586264496851, 595.0, 826.5370695502795, 873.620707655266, 54.666666666666664, 0.0, 1.05, 0.0, 860.7052220219408
3.57, 2.4, 11.0, ag45c, 4, 6.092548373798344, 0.5236363636363636, 11.635075019406562, 24.813386621848068, 55.350193158801716, 0.5830312978900217, 2854.2227785450355, 595.0, 787.8801322838132, 891.9446182953236, 54.666666666666664, 0.0, 1.05, 0.0, 853.588662702698
4.08, 1.8, 10.0, ag45c, 4, 6.169249963312129, 0.324, 19.040894948494227, 54.39685219211346, 43.10113431815304, 0.5831819386564508, 2927.416629767365, 680.0, 788.0837008870957, 914.8176968023016, 54.666666666666664, 0.0, 1.0, 0.0, 848.9671325631325
4.08, 1.8, 11.0, ag45c, 4, 6.184339997214656, 0.29454545454545455, 20.996216039926303, 63.110097660430434, 41.45092352737133, 0.5894198578509268, 2943.2170054278145, 680.0, 796.5133214201713, 919.7553141961921, 54.666666666666664, 0.0, 0.0, 0.0, 0.0
4.08, 2.0, 8.0, ag45c, 4, 6.368868959769358, 0.5, 12.737737919538716, 30.950286565712155, 47.64414465230047, 0.5740204800160892, 2828.515342478106, 680.0, 775.7033513730935, 883.9110445244082, 54.666666666666664, 0.0, 1.05, 0.0, 876.2650385641256
4.08, 2.0, 9.0, ag45c, 4, 6.343662656924963, 0.4444444444444444, 14.273240978081166, 36.43122954680993, 46.947995939903194, 0.5786154767823115, 2862.9548825817355, 680.0, 781.912806462583, 894.6734008067923, 54.666666666666664, 0.0, 1.05, 0.0, 882.2051725442814
4.08, 2.0, 11.0, ag45c, 4, 6.3283179438859225, 0.36363636363636365, 17.402874345686286, 50.145103203390214, 43.75194330514836, 0.5916352056745556, 2910.277019395203, 680.0, 799.5070346953455, 909.461568561001, 54.666666666666664, 0.0, 1.0, 0.0, 850.9895344187821
4.08, 2.2, 9.0, ag45c, 4, 6.513993358205065, 0.5377777777777779, 12.112797566910242, 29.79333389191149, 47.33107168558056, 0.5556102220979299, 2817.4930315624197, 680.0, 750.824624456662, 880.4665723632561, 54.666666666666664, 0.0, 1.05, 0.0, 866.3519188869714
4.08, 2.2, 10.0, ag45c, 4, 6.486582641164578, 0.4840000000000001, 13.402030250340035, 35.082359914764226, 46.673544610434824, 0.5718975005200839, 2847.749885919206, 680.0, 772.8344601622755, 889.9218393497518, 54.666666666666664, 0.0, 1.05, 0.0, 877.3647048292096
4.08, 2.2, 8.0, ag45c, 4, 6.559043976269505, 0.6050000000000001, 10.841395002098354, 26.266487461775828, 47.36273615135859, 0.5761611763970685, 2746.806342734527, 680.0, 778.5961843203629, 858.3769821045396, 54.666666666666664, 0.0, 1.05, 0.0, 868.3406082487159
4.08, 2.0, 10.0, ag45c, 4, 6.324085158650846, 0.4, 15.810212896627116, 42.2455248126524, 45.85879048147334, 0.5586948161340792, 2889.908372576798, 680.0, 754.9929947757828, 903.0963664302493, 54.666666666666664, 0.0, 1.0, 0.0, 834.0297870686774
4.08, 2.2, 11.0, ag45c, 4, 6.486719868410777, 0.44000000000000006, 14.742545155479037, 40.4839139223213, 45.51847350001864, 0.5769338388434394, 2871.7018188342036, 680.0, 779.6403227614046, 897.4068183856887, 54.666666666666664, 0.0, 1.0, 0.0, 840.3490470490311
4.08, 2.4, 8.0, ag45c, 4, 6.7514507779131385, 0.72, 9.377014969323804, 22.102820698337457, 47.049858232053296, 0.5615877269219937, 2692.039134520904, 680.0, 758.9023336783698, 841.2622295377826, 54.666666666666664, 0.0, 1.05, 0.0, 855.4575971256534
4.08, 2.4, 9.0, ag45c, 4, 6.693355917493785, 0.64, 10.45836862108404, 25.360482092039554, 47.18065584522223, 0.5766944801730292, 2727.046704514294, 680.0, 779.3168650986881, 852.2020951607169, 54.666666666666664, 0.0, 1.05, 0.0, 866.4316360907918
4.08, 2.4, 10.0, ag45c, 4, 6.663684616511104, 0.576, 11.568896903665113, 30.192954519293455, 46.28425631326712, 0.5226044090833476, 2803.531457561102, 680.0, 706.2221744369563, 876.1035804878443, 54.666666666666664, 0.0, 1.05, 0.0, 849.2140142236801
4.08, 2.4, 11.0, ag45c, 4, 6.65196311064045, 0.5236363636363636, 12.703401773792528, 33.60033324798951, 45.940485329411125, 0.5370986393106465, 2830.0736904405003, 680.0, 725.8089720414142, 884.3980282626563, 54.666666666666664, 0.0, 1.05, 0.0, 858.9724501064246
4.08, 2.6, 8.0, ag45c, 4, 6.954852307494058, 0.8450000000000001, 8.230594446738529, 19.606933990986796, 46.34273992285513, 0.543963872674246, 2638.7923280652385, 680.0, 735.0863144246567, 824.622602520387, 54.666666666666664, 0.0, 1.05, 0.0, 841.2981209307653
4.08, 2.6, 9.0, ag45c, 4, 6.893000736025565, 0.7511111111111112, 9.177071985832852, 22.62734329102208, 46.19671004322445, 0.5606739980964286, 2685.1446800663393, 680.0, 757.6675649951737, 839.107712520731, 54.666666666666664, 0.0, 1.05, 0.0, 854.2713471305666
4.08, 2.6, 11.0, ag45c, 4, 6.835222905163038, 0.6145454545454546, 11.122404135620327, 30.389042202160333, 44.920486581691364, 0.5362739242230337, 2786.583907558904, 680.0, 724.6944921932887, 870.8074711121574, 54.666666666666664, 0.0, 1.05, 0.0, 853.8256871569062
4.08, 2.6, 10.0, ag45c, 4, 6.842438553506124, 0.676, 10.121950522938052, 25.801233532746462, 46.14184340102631, 0.5719146959650839, 2723.9208140365954, 680.0, 772.8576972501135, 851.2252543864362, 54.666666666666664, 0.0, 1.05, 0.0, 863.8290330727924
4.59, 1.8, 8.0, ag45c, 4, 6.7426617329873295, 0.405, 16.648547488857602, 52.69069904979195, 36.03098594511471, 0.5622792221796269, 2840.5537629852324, 765.0, 759.8367867292255, 887.6730509328851, 54.666666666666664, 0.0, 1.0, 0.0, 858.8366125540367
4.59, 2.0, 8.0, ag45c, 4, 6.914641591348305, 0.5, 13.82928318269661, 43.01000035256142, 37.79592384850617, 0.552111175661024, 2798.1937054186, 765.0, 746.096183325708, 874.4355329433125, 54.666666666666664, 0.0, 1.0, 0.0, 849.8439054230067
4.59, 2.0, 9.0, ag45c, 4, 6.889435288503909, 0.4444444444444444, 15.501229399133797, 50.72146088563561, 36.57757298239209, 0.5602876269043171, 2831.8779013170356, 765.0, 757.1454417625907, 884.9618441615737, 54.666666666666664, 0.0, 1.0, 0.0, 857.0357619747215
4.59, 2.0, 10.0, ag45c, 4, 6.884068316545582, 0.4, 17.210170791363954, 60.669847052487114, 34.61607382900237, 0.5684893894499303, 2857.540576119799, 765.0, 768.228904662068, 892.9814300374372, 54.666666666666664, 0.0, 0.0, 0.0, 0.0
4.59, 1.8, 9.0, ag45c, 4, 6.726264991366427, 0.36000000000000004, 18.684069420462293, 63.19305878822967, 34.43680408080187, 0.5719834264338768, 2869.2156154795, 765.0, 772.9505762619956, 896.6298798373437, 54.666666666666664, 0.0, 0.0, 0.0, 0.0
4.59, 1.8, 10.0, ag45c, 4, 6.726106805417393, 0.324, 20.759588905609238, 76.36239797492513, 32.00990173793282, 0.5755457550184505, 2889.448653345254, 765.0, 777.764533808717, 902.9527041703919, 54.666666666666664, 0.0, 0.0, 0.0, 0.0
4.59, 1.8, 11.0, ag45c, 4, 6.759102102477813, 0.29454545454545455, 22.94756886643702, 92.06450504549166, 28.815380262132415, 0.5760624161325565, 2903.541587291533, 765.0, 778.4627245034546, 907.356746028604, 54.666666666666664, 0.0, 0.0, 0.0, 0.0
4.59, 2.0, 11.0, ag45c, 4, 6.899669522833291, 0.36363636363636365, 18.974091187791547, 70.93637171117835, 32.280598537599836, 0.575227756782515, 2876.284292477603, 765.0, 777.3348064628582, 898.8388413992508, 54.666666666666664, 0.0, 0.0, 0.0, 0.0
4.59, 2.2, 9.0, ag45c, 4, 7.061471252941907, 0.5377777777777779, 13.130834974478748, 41.411398640725274, 38.31043651061585, 0.550348865111297, 2789.9613608980767, 765.0, 743.7146825828337, 871.8629252806489, 54.666666666666664, 0.0, 1.0, 0.0, 848.1925359544941
4.59, 2.2, 8.0, ag45c, 4, 7.097142923637927, 0.6050000000000001, 11.730814749814753, 35.998774111979586, 38.72811573278124, 0.5106900280491757, 2642.0507828959285, 765.0, 690.1216595259132, 825.6408696549776, 54.666666666666664, 0.0, 1.05, 0.0, 855.6668852133117
4.59, 2.2, 10.0, ag45c, 4, 7.049692114848787, 0.4840000000000001, 14.565479576133853, 48.671255335064586, 37.01186969942655, 0.5593476387674755, 2819.260231616168, 765.0, 755.8751875236155, 881.0188223800525, 54.666666666666664, 0.0, 1.0, 0.0, 855.2980033012227
4.59, 2.4, 8.0, ag45c, 4, 7.300633935807875, 0.72, 10.139769355288715, 29.64976560531177, 39.005441563969626, 0.5397540063474852, 2668.0800105282974, 765.0, 729.39730587498, 833.775003290093, 54.666666666666664, 0.0, 1.05, 0.0, 872.2603082077754
4.59, 2.4, 9.0, ag45c, 4, 7.242539075388522, 0.64, 11.316467305294566, 34.68001135550983, 38.62092450690342, 0.5159216343667627, 2723.249640628109, 765.0, 697.1913977929227, 851.015512696284, 54.666666666666664, 0.0, 1.05, 0.0, 867.0224186712223
4.59, 2.2, 11.0, ag45c, 4, 7.0529556578844605, 0.44000000000000006, 16.029444677010137, 56.19865986426152, 35.420326207738405, 0.5652971879388222, 2842.3105162724373, 765.0, 763.9151188362463, 888.2220363351366, 54.666666666666664, 0.0, 1.0, 0.0, 860.3790517237942
4.59, 2.4, 10.0, ag45c, 4, 7.223099353353209, 0.576, 12.54010304401599, 41.34562251597208, 37.63631461675612, 0.5474434840848705, 2778.040743487276, 765.0, 739.7884920065818, 868.1377323397738, 54.666666666666664, 0.0, 1.0, 0.0, 845.6420747821185
4.59, 2.6, 8.0, ag45c, 4, 7.516824939073004, 0.8450000000000001, 8.89565081547101, 26.582121514036672, 38.349268481180836, 0.5229799657638314, 2616.5961005797853, 765.0, 706.729683464637, 817.6862814311829, 54.666666666666664, 0.0, 1.05, 0.0, 858.695587713537
4.59, 2.4, 11.0, ag45c, 4, 7.221609426429922, 0.5236363636363636, 13.7912680018627, 48.29532798972734, 36.31025872000999, 0.5444217110261428, 2803.9134078407997, 765.0, 735.705014900193, 876.2229399502498, 54.666666666666664, 0.0, 1.0, 0.0, 846.9759849501476
4.59, 2.6, 9.0, ag45c, 4, 7.432804946551881, 0.7511111111111112, 9.895746230616409, 30.03547321433038, 38.604176874591275, 0.5397913751918225, 2663.1014124924236, 765.0, 729.4478043132738, 832.2191914038824, 54.666666666666664, 0.0, 1.05, 0.0, 871.7334485010047
4.59, 2.6, 10.0, ag45c, 4, 7.404411185085072, 0.676, 10.953270983853656, 36.22887885936278, 37.53907338063233, 0.5501591251750468, 2734.2799038654016, 765.0, 743.4582772635767, 854.462469957938, 54.666666666666664, 0.0, 1.05, 0.0, 884.4222615275302
4.59, 2.6, 11.0, ag45c, 4, 7.397195536741986, 0.6145454545454546, 12.036856642627491, 41.11447948190546, 36.71195329699979, 0.5232214272906832, 2763.6766533732375, 765.0, 707.0559828252476, 863.6489541791368, 54.666666666666664, 0.0, 1.0, 0.0, 833.2349790014614
5.1000000000000005, 1.8, 8.0, ag45c, 4, 7.286729101408383, 0.405, 17.991923707181193, 76.34094154681158, 25.97866665302469, 0.5525467045583524, 2802.9854032223598, 850.0000000000001, 746.6847358896655, 875.9329385069874, 54.666666666666664, 0.0, 0.0, 0.0, 0.0
5.1000000000000005, 2.0, 8.0, ag45c, 4, 7.460414222927254, 0.5, 14.920828445854507, 59.484648479114185, 28.79702865467636, 0.5364352633710644, 2765.1235730655635, 850.0000000000001, 724.912518069006, 864.1011165829887, 54.666666666666664, 0.0, 1.0, 0.0, 867.6712115506649
5.1000000000000005, 2.0, 9.0, ag45c, 4, 7.440892130609174, 0.4444444444444444, 16.742007293870643, 71.43590161501572, 27.069345817219457, 0.5532600082226808, 2798.337269536894, 850.0000000000001, 747.6486597603796, 874.4803967302793, 54.666666666666664, 0.0, 0.0, 0.0, 0.0
5.1000000000000005, 1.8, 9.0, ag45c, 4, 7.275448149261164, 0.36000000000000004, 20.209578192392122, 91.77626446599845, 23.92990347303923, 0.5545834763070433, 2829.8491386513406, 850.0000000000001, 749.4371301446531, 884.327855828544, 54.666666666666664, 0.0, 0.0, 0.0, 0.0
5.1000000000000005, 2.2, 8.0, ag45c, 4, 7.65399976574319, 0.6050000000000001, 12.651239282220148, 49.58179010776388, 30.616307966966993, 0.5101297456995071, 2641.1769419614666, 850.0000000000001, 689.3645212155502, 825.3677943629584, 54.666666666666664, 0.0, 1.0, 0.0, 842.9107718595029
5.1000000000000005, 2.2, 9.0, ag45c, 4, 7.615201779257696, 0.5377777777777779, 14.16049917630563, 58.929516774161684, 29.37758558402296, 0.5414285890401713, 2759.7117468818074, 850.0000000000001, 731.660255459691, 862.4099209005648, 54.666666666666664, 0.0, 1.0, 0.0, 869.3567254534187
5.1000000000000005, 1.8, 10.0, ag45c, 4, 7.285521542259499, 0.324, 22.486177599566354, 112.29883886248064, 20.658585905890856, 0.5597617094939734, 2850.861571763066, 850.0000000000001, 756.4347425594235, 890.8942411759582, 54.666666666666664, 0.0, 0.0, 0.0, 0.0
5.1000000000000005, 2.2, 10.0, ag45c, 4, 7.606548956954051, 0.4840000000000001, 15.716010241640598, 68.48020246140976, 27.720609515737863, 0.5467323228606125, 2788.6339495208003, 850.0000000000001, 738.827463325152, 871.44810922525, 54.666666666666664, 0.0, 0.0, 0.0, 0.0
5.1000000000000005, 2.0, 10.0, ag45c, 4, 7.446893579703477, 0.4, 18.617233949258694, 85.79396562875374, 24.793413878669693, 0.5567088374580582, 2822.1498399218226, 850.0000000000001, 752.3092398081868, 881.9218249755696, 54.666666666666664, 0.0, 0.0, 0.0, 0.0
5.1000000000000005, 1.8, 11.0, ag45c, 4, 7.339832628793603, 0.29454545454545455, 24.91918485084248, 142.5573563763225, 15.772773008760387, 0.5651398297940178, 2864.6728708822575, 850.0000000000001, 763.7024726946187, 895.2102721507055, 54.666666666666664, 0.0, 0.0, 0.0, 0.0
5.1000000000000005, 2.0, 11.0, ag45c, 4, 7.477652680728028, 0.36363636363636365, 20.563544872002076, 104.82728056608354, 21.437208375601443, 0.5625276646387025, 2838.7968496852723, 850.0000000000001, 760.1725197820305, 887.1240155266476, 54.666666666666664, 0.0, 0.0, 0.0, 0.0
5.1000000000000005, 2.2, 11.0, ag45c, 4, 7.62648618420025, 0.44000000000000006, 17.332923145909657, 81.97760360509986, 25.103331100260338, 0.5527186799943045, 2810.1770005692433, 850.0000000000001, 746.9171351274384, 878.1803126778885, 54.666666666666664, 0.0, 0.0, 0.0, 0.0
5.1000000000000005, 2.4, 8.0, ag45c, 4, 7.849817093702612, 0.72, 10.902523741253628, 42.302982976280305, 31.06187700048109, 0.5184455816252973, 2668.6346057134488, 850.0000000000001, 700.6021373314829, 833.9483142854529, 54.666666666666664, 0.0, 1.0, 0.0, 849.5168172056452
5.1000000000000005, 2.4, 9.0, ag45c, 4, 7.798543285914839, 0.64, 12.185223884241935, 49.371239270886576, 30.44190556799506, 0.5119410973919887, 2718.448376106007, 850.0000000000001, 691.8122937729577, 849.5151175331272, 54.666666666666664, 0.0, 1.0, 0.0, 851.7758037686949
5.1000000000000005, 2.4, 10.0, ag45c, 4, 7.782514090195315, 0.576, 13.511309184366867, 58.16393060394197, 29.02975901404794, 0.5371375443174669, 2750.017827112737, 850.0000000000001, 725.8615463749553, 859.3805709727303, 54.666666666666664, 0.0, 1.0, 0.0, 866.4140391158953
5.1000000000000005, 2.4, 11.0, ag45c, 4, 7.788982058008871, 0.5236363636363636, 14.874792124669721, 67.16695575549676, 27.32178481717317, 0.5450161010606916, 2775.6007754689526, 850.0000000000001, 736.5082446766104, 867.3752423340477, 54.666666666666664, 0.0, 0.0, 0.0, 0.0
5.1000000000000005, 2.6, 9.0, ag45c, 4, 7.991082841288724, 0.7511111111111112, 10.639015617100371, 42.25398092883293, 30.7650261219948, 0.5183140766462726, 2673.648217862268, 850.0000000000001, 700.4244279003684, 835.5150680819587, 54.666666666666664, 0.0, 1.0, 0.0, 849.979831994109
5.1000000000000005, 2.6, 8.0, ag45c, 4, 8.05662914959932, 0.8450000000000001, 9.534472366389727, 37.077267505544874, 31.14673174144969, 0.5021301821802837, 2593.67745719467, 850.0000000000001, 678.5543002436267, 810.5242053733342, 54.666666666666664, 0.0, 1.05, 0.0, 876.0774769659364
5.1000000000000005, 2.6, 10.0, ag45c, 4, 7.96638381666402, 0.676, 11.78459144476926, 48.83910296391848, 29.933574486698177, 0.5109570881574257, 2710.071517862871, 850.0000000000001, 690.4825515640888, 846.8973493321473, 54.666666666666664, 0.0, 1.0, 0.0, 850.4599669654119
5.1000000000000005, 2.6, 11.0, ag45c, 4, 7.967789220952513, 0.6145454545454546, 12.965337489715626, 58.77461249415519, 28.08036274824653, 0.51940244535609, 2737.330749065036, 850.0000000000001, 701.8951964271488, 855.4158590828238, 54.666666666666664, 0.0, 1.0, 0.0, 857.103685169991
